spot_key;curve_set;valid_at;source_model;wind_speed_10m_kmh;wind_gusts_10m_kmh;wind_direction_10m_deg;temperature_2m_c;precipitation_mm;cloud_cover_display_pct;cloud_cover_source_model;dew_point_2m_c;surface_pressure_hpa;pressure_source_model;snowfall_cm;snow_source_model;freezing_level_height_m;freeze_source_model
ferme_de_sauze;AROMEIFS;2026-10-03T00:00;AROMEHD;1.40;6.10;90.0;14.2;0.00;25.0;AROMEHD;9.4;975.9;ARPEGE;0.00;ARPEGE;3580;ICON
ferme_de_sauze;AROMEIFS;2026-10-03T01:00;AROMEHD;4.30;5.80;355.0;13.3;0.00;25.0;AROMEHD;9.7;975.9;ARPEGE;0.00;ARPEGE;3500;ICON
ferme_de_sauze;AROMEIFS;2026-10-03T02:00;AROMEHD;3.60;5.80;354.0;14.1;0.00;99.0;AROMEHD;12.0;976.2;ARPEGE;0.00;ARPEGE;3530;ICON
ferme_de_sauze;AROMEIFS;2026-10-03T03:00;AROMEHD;5.50;7.60;328.0;13.7;0.00;15.5;AROMEHD;11.7;975.9;ARPEGE;0.00;ARPEGE;3500;ICON
ferme_de_sauze;AROMEIFS;2026-10-03T04:00;AROMEHD;5.60;10.10;315.0;13.8;0.00;100.0;AROMEHD;9.4;975.4;ARPEGE;0.00;ARPEGE;3470;ICON
ferme_de_sauze;AROMEIFS;2026-10-03T05:00;AROMEHD;5.40;9.00;307.0;14.1;0.00;100.0;AROMEHD;9.3;975.2;ARPEGE;0.00;ARPEGE;3400;ICON
ferme_de_sauze;AROMEIFS;2026-10-03T06:00;AROMEHD;7.70;11.90;349.0;14.3;0.00;38.0;AROMEHD;8.5;975.2;ARPEGE;0.00;ARPEGE;3390;ICON
ferme_de_sauze;AROMEIFS;2026-10-03T07:00;AROMEHD;0.50;13.00;45.0;13.7;0.00;25.0;AROMEHD;9.1;975.1;ARPEGE;0.00;ARPEGE;3410;ICON
ferme_de_sauze;AROMEIFS;2026-10-03T08:00;AROMEHD;5.10;6.50;4.0;13.6;0.00;100.0;AROMEHD;10.4;975.4;ARPEGE;0.00;ARPEGE;3390;ICON
ferme_de_sauze;AROMEIFS;2026-10-03T09:00;AROMEHD;4.30;11.50;360.0;14.7;0.00;53.0;AROMEHD;10.9;975.6;ARPEGE;0.00;ARPEGE;3440;ICON
ferme_de_sauze;AROMEIFS;2026-10-03T10:00;AROMEHD;3.10;8.30;21.0;17.1;0.00;87.0;AROMEHD;13.0;976.1;ARPEGE;0.00;ARPEGE;3420;ICON
ferme_de_sauze;AROMEIFS;2026-10-03T11:00;AROMEHD;4.60;11.90;45.0;18.4;0.00;25.0;AROMEHD;14.5;976.5;ARPEGE;0.00;ARPEGE;3430;ICON
ferme_de_sauze;AROMEIFS;2026-10-03T12:00;AROMEHD;5.60;15.50;50.0;19.8;0.00;25.0;AROMEHD;14.3;976.7;ARPEGE;0.00;ARPEGE;3510;ICON
ferme_de_sauze;AROMEIFS;2026-10-03T13:00;AROMEHD;4.30;12.60;156.0;20.9;0.00;25.0;AROMEHD;14.5;976.6;ARPEGE;0.00;ARPEGE;3520;ICON
ferme_de_sauze;AROMEIFS;2026-10-03T14:00;AROMEHD;4.00;18.70;153.0;20.4;0.00;80.0;AROMEHD;15.3;976.7;ARPEGE;0.00;ARPEGE;3470;ICON
ferme_de_sauze;AROMEIFS;2026-10-03T15:00;AROMEHD;10.50;26.30;176.0;22.3;0.00;100.0;AROMEHD;12.8;976.3;ARPEGE;0.00;ARPEGE;3460;ICON
ferme_de_sauze;AROMEIFS;2026-10-03T16:00;AROMEHD;10.80;27.40;184.0;22.4;0.00;73.0;AROMEHD;12.6;976.3;ARPEGE;0.00;ARPEGE;3440;ICON
ferme_de_sauze;AROMEIFS;2026-10-03T17:00;AROMEHD;8.70;25.90;120.0;20.4;0.00;100.0;AROMEHD;15.2;976.2;ARPEGE;0.00;ARPEGE;3470;ICON
ferme_de_sauze;AROMEIFS;2026-10-03T18:00;AROMEHD;6.60;21.60;139.0;21.1;0.00;40.0;AROMEHD;13.7;976.0;ARPEGE;0.00;ARPEGE;3480;ICON
ferme_de_sauze;AROMEIFS;2026-10-03T19:00;AROMEHD;7.60;17.60;185.0;20.5;0.00;100.0;AROMEHD;12.2;975.7;ARPEGE;0.00;ARPEGE;3520;ICON
ferme_de_sauze;AROMEIFS;2026-10-03T20:00;AROMEHD;6.90;15.80;99.0;18.3;0.00;24.8;AROMEHD;14.3;975.4;ARPEGE;0.00;ARPEGE;3470;ICON
ferme_de_sauze;AROMEIFS;2026-10-03T21:00;AROMEHD;1.00;13.30;315.0;16.8;0.00;25.0;AROMEHD;14.6;975.2;ARPEGE;0.00;ARPEGE;3490;ICON
ferme_de_sauze;AROMEIFS;2026-10-03T22:00;AROMEHD;2.90;2.90;300.0;15.6;0.00;37.0;AROMEHD;14.3;975.2;ARPEGE;0.00;ARPEGE;3610;ICON
ferme_de_sauze;AROMEIFS;2026-10-03T23:00;AROMEHD;4.70;7.20;279.0;15.4;0.00;39.0;AROMEHD;13.6;975.2;ARPEGE;0.00;ARPEGE;3600;ICON
ferme_de_sauze;AROMEIFS;2026-10-04T00:00;AROMEHD;4.60;8.30;288.0;15.2;0.00;8.2;AROMEHD;13.0;975.0;ARPEGE;0.00;ARPEGE;3570;ICON
ferme_de_sauze;AROMEIFS;2026-10-04T01:00;AROMEHD;5.10;7.90;266.0;14.8;0.00;33.0;AROMEHD;12.7;974.7;ARPEGE;0.00;ARPEGE;3570;ICON
ferme_de_sauze;AROMEIFS;2026-10-04T02:00;AROMEHD;4.30;7.90;275.0;14.7;0.00;44.0;AROMEHD;12.7;974.5;ARPEGE;0.00;ARPEGE;3530;ICON
ferme_de_sauze;AROMEIFS;2026-10-04T03:00;AROMEHD;4.00;6.10;275.0;14.2;0.00;25.0;AROMEHD;12.6;974.3;ARPEGE;0.00;ARPEGE;3520;ICON
ferme_de_sauze;AROMEIFS;2026-10-04T04:00;AROMEHD;3.80;5.40;311.0;13.9;0.00;23.8;AROMEHD;12.4;974.0;ARPEGE;0.00;ARPEGE;3510;ICON
ferme_de_sauze;AROMEIFS;2026-10-04T05:00;AROMEHD;3.80;4.70;319.0;13.4;0.00;46.0;AROMEHD;12.1;974.0;ARPEGE;0.00;ARPEGE;3520;ICON
ferme_de_sauze;AROMEIFS;2026-10-04T06:00;AROMEHD;5.20;5.00;344.0;13.0;0.00;25.0;AROMEHD;11.8;974.0;ARPEGE;0.00;ARPEGE;3520;ICON
ferme_de_sauze;AROMEIFS;2026-10-04T07:00;AROMEHD;2.80;5.40;320.0;12.9;0.00;25.0;AROMEHD;11.7;974.0;ARPEGE;0.00;ARPEGE;3530;ICON
ferme_de_sauze;AROMEIFS;2026-10-04T08:00;AROMEHD;3.50;3.20;336.0;12.9;0.00;33.0;AROMEHD;11.6;974.1;ARPEGE;0.00;ARPEGE;3560;ICON
ferme_de_sauze;AROMEIFS;2026-10-04T09:00;AROMEHD;4.30;6.10;275.0;14.7;0.00;25.0;AROMEHD;12.5;974.5;ARPEGE;0.00;ARPEGE;3560;ICON
ferme_de_sauze;AROMEIFS;2026-10-04T10:00;AROMEHD;1.50;6.10;256.0;18.6;0.00;25.0;AROMEHD;12.5;975.2;ARPEGE;0.00;ARPEGE;3570;ICON
ferme_de_sauze;AROMEIFS;2026-10-04T11:00;AROMEHD;3.20;11.90;180.0;20.6;0.00;24.8;AROMEHD;12.8;975.8;ARPEGE;0.00;ARPEGE;3600;ICON
ferme_de_sauze;AROMEIFS;2026-10-04T12:00;AROMEHD;4.90;15.80;163.0;21.9;0.00;23.2;AROMEHD;12.5;975.8;ARPEGE;0.00;ARPEGE;3600;ICON
ferme_de_sauze;AROMEIFS;2026-10-04T13:00;AROMEHD;5.70;18.40;162.0;23.2;0.00;24.8;AROMEHD;10.6;975.6;ARPEGE;0.00;ARPEGE;3570;ICON
ferme_de_sauze;AROMEIFS;2026-10-04T14:00;AROMEHD;4.80;18.00;207.0;24.1;0.00;25.0;AROMEHD;10.0;975.4;ARPEGE;0.00;ARPEGE;3580;ICON
ferme_de_sauze;AROMEIFS;2026-10-04T15:00;AROMEHD;9.80;23.80;216.0;24.4;0.00;25.0;AROMEHD;7.5;974.9;ARPEGE;0.00;ARPEGE;3580;ICON
ferme_de_sauze;AROMEIFS;2026-10-04T16:00;AROMEHD;8.20;23.40;221.0;23.8;0.00;25.0;AROMEHD;7.4;974.6;ARPEGE;0.00;ARPEGE;3550;ICON
ferme_de_sauze;AROMEIFS;2026-10-04T17:00;AROMEHD;5.90;19.10;232.0;23.0;0.00;57.0;AROMEHD;7.9;974.1;ARPEGE;0.00;ARPEGE;3540;ICON
ferme_de_sauze;AROMEIFS;2026-10-04T18:00;AROMEHD;4.10;13.30;255.0;22.9;0.00;25.0;AROMEHD;8.5;974.0;ARPEGE;0.00;ARPEGE;3540;ICON
ferme_de_sauze;AROMEIFS;2026-10-04T19:00;AROMEHD;3.90;9.40;304.0;21.5;0.00;25.0;AROMEHD;8.0;974.0;ARPEGE;0.00;ARPEGE;3500;ICON
ferme_de_sauze;AROMEIFS;2026-10-04T20:00;AROMEHD;4.20;6.10;329.0;19.0;0.00;25.0;AROMEHD;8.3;973.9;ARPEGE;0.00;ARPEGE;3520;ICON
ferme_de_sauze;AROMEIFS;2026-10-04T21:00;AROMEHD;5.90;6.10;346.0;17.3;0.00;21.2;AROMEHD;7.3;973.7;ARPEGE;0.00;ARPEGE;3580;ICON
ferme_de_sauze;AROMEIFS;2026-10-04T22:00;AROMEHD;8.00;13.00;342.0;17.3;0.00;20.2;AROMEHD;10.4;973.8;ARPEGE;0.00;ARPEGE;3570;ICON
ferme_de_sauze;AROMEIFS;2026-10-04T23:00;AROMEHD;7.60;15.80;341.0;17.1;0.00;23.2;AROMEHD;12.0;973.8;ARPEGE;0.00;ARPEGE;3560;ICON
ferme_de_sauze;AROMEIFS;2026-10-05T00:00;AROMEHD;3.40;13.70;328.0;16.7;0.00;25.0;AROMEHD;12.0;973.8;ARPEGE;0.00;ARPEGE;3530;ICON
ferme_de_sauze;AROMEIFS;2026-10-05T01:00;AROMEHD;1.60;6.10;333.0;15.5;0.00;25.0;AROMEHD;12.0;973.5;ARPEGE;0.00;ARPEGE;3520;ICON
ferme_de_sauze;AROMEIFS;2026-10-05T02:00;AROMEHD;2.30;2.50;342.0;14.9;0.00;25.0;AROMEHD;12.0;973.2;ARPEGE;0.00;ARPEGE;3490;ICON
ferme_de_sauze;AROMEIFS;2026-10-05T03:00;AROMEHD;3.50;3.60;336.0;14.3;0.00;25.0;AROMEHD;12.0;973.1;ARPEGE;0.00;ARPEGE;3530;ICON
ferme_de_sauze;AROMEIFS;2026-10-05T04:00;AROMEHD;4.40;4.70;351.0;14.1;0.00;25.0;AROMEHD;11.9;972.8;ARPEGE;0.00;ARPEGE;3530;ICON
ferme_de_sauze;AROMEIFS;2026-10-05T05:00;AROMEHD;1.80;4.70;281.0;14.0;0.00;25.0;AROMEHD;11.8;972.6;ARPEGE;0.00;ARPEGE;3550;ICON
ferme_de_sauze;AROMEIFS;2026-10-05T06:00;AROMEHD;2.60;2.90;304.0;13.5;0.00;2.2;AROMEHD;11.7;972.3;ARPEGE;0.00;ARPEGE;3560;ICON
ferme_de_sauze;AROMEIFS;2026-10-05T07:00;AROMEHD;3.40;8.60;342.0;13.5;0.00;0.2;AROMEHD;11.5;972.1;ARPEGE;0.00;ARPEGE;3570;ICON
ferme_de_sauze;AROMEIFS;2026-10-05T08:00;AROMEHD;4.10;4.70;345.0;12.9;0.00;0.0;AROMEHD;11.2;972.2;ARPEGE;0.00;ARPEGE;3620;ICON
ferme_de_sauze;AROMEIFS;2026-10-05T09:00;AROMEHD;6.40;9.40;16.0;14.8;0.00;0.0;AROMEHD;11.9;972.7;ARPEGE;0.00;ARPEGE;3620;ICON
ferme_de_sauze;AROMEIFS;2026-10-05T10:00;AROMEHD;4.80;11.20;13.0;18.2;0.00;0.0;AROMEHD;11.7;973.2;ARPEGE;0.00;ARPEGE;3620;ICON
ferme_de_sauze;AROMEIFS;2026-10-05T11:00;AROMEHD;7.20;17.30;18.0;20.4;0.00;0.0;AROMEHD;11.9;973.7;ARPEGE;0.00;ARPEGE;3630;ICON
ferme_de_sauze;AROMEIFS;2026-10-05T12:00;AROMEHD;5.80;17.60;22.0;21.7;0.00;0.0;AROMEHD;11.9;973.6;ARPEGE;0.00;ARPEGE;3620;ICON
ferme_de_sauze;AROMEIFS;2026-10-05T13:00;AROMEHD;5.70;18.40;18.0;23.1;0.00;1.2;AROMEHD;11.4;973.3;ARPEGE;0.00;ARPEGE;3640;ICON
ferme_de_sauze;AROMEIFS;2026-10-05T14:00;AROMEHD;6.90;20.90;9.0;24.2;0.00;12.0;AROMEHD;10.8;972.7;ARPEGE;0.00;ARPEGE;3720;ICON
ferme_de_sauze;AROMEIFS;2026-10-05T15:00;AROMEHD;9.70;24.10;31.0;24.8;0.00;21.5;AROMEHD;9.9;971.9;ARPEGE;0.00;ARPEGE;3740;ICON
ferme_de_sauze;AROMEIFS;2026-10-05T16:00;AROMEHD;8.40;24.50;40.0;24.6;0.00;23.5;AROMEHD;10.1;971.3;ARPEGE;0.00;ARPEGE;3720;ICON
ferme_de_sauze;AROMEIFS;2026-10-05T17:00;AROMEHD;6.80;21.60;32.0;24.6;0.00;25.0;AROMEHD;10.1;970.7;ARPEGE;0.00;ARPEGE;3740;ICON
ferme_de_sauze;AROMEIFS;2026-10-05T18:00;AROMEHD;6.20;18.40;21.0;24.1;0.00;24.8;AROMEHD;10.0;970.5;ARPEGE;0.00;ARPEGE;3762;ICON
ferme_de_sauze;AROMEIFS;2026-10-05T19:00;AROMEHD;7.10;15.10;15.0;22.7;0.00;25.0;AROMEHD;11.1;970.4;ARPEGE;0.00;ARPEGE;3775;ICON
ferme_de_sauze;AROMEIFS;2026-10-05T20:00;AROMEHD;8.60;18.00;360.0;20.5;0.00;23.0;AROMEHD;11.4;970.3;ARPEGE;0.00;ARPEGE;3780;ICON
ferme_de_sauze;AROMEIFS;2026-10-05T21:00;ARPEGE;6.60;12.60;319.0;19.7;0.00;92.0;ARPEGE;7.7;970.2;ARPEGE;0.00;ARPEGE;3810;ICON
ferme_de_sauze;AROMEIFS;2026-10-05T22:00;ARPEGE;7.80;12.20;304.0;18.7;0.00;95.0;ARPEGE;7.8;970.2;ARPEGE;0.00;ARPEGE;3850;ICON
ferme_de_sauze;AROMEIFS;2026-10-05T23:00;ARPEGE;7.20;12.60;307.0;18.2;0.00;82.0;ARPEGE;7.8;970.1;ARPEGE;0.00;ARPEGE;3860;ICON
ferme_de_sauze;AROMEIFS;2026-10-06T00:00;ARPEGE;6.90;11.50;279.0;17.5;0.00;78.0;ARPEGE;7.8;969.7;ARPEGE;0.00;ARPEGE;3860;ICON
ferme_de_sauze;AROMEIFS;2026-10-06T01:00;ARPEGE;9.00;10.40;270.0;16.7;0.00;78.0;ARPEGE;7.6;969.3;ARPEGE;0.00;ARPEGE;3860;ICON
ferme_de_sauze;AROMEIFS;2026-10-06T02:00;ARPEGE;9.00;11.20;272.0;16.3;0.00;76.0;ARPEGE;7.5;968.9;ARPEGE;0.00;ARPEGE;3850;ICON
ferme_de_sauze;AROMEIFS;2026-10-06T03:00;ARPEGE;7.60;10.80;267.0;15.9;0.00;50.0;ARPEGE;7.6;968.9;ARPEGE;0.00;ARPEGE;3800;ICON
ferme_de_sauze;AROMEIFS;2026-10-06T04:00;ARPEGE;7.60;9.00;265.0;15.5;0.00;51.0;ARPEGE;7.7;968.5;ARPEGE;0.00;ARPEGE;3790;ICON
ferme_de_sauze;AROMEIFS;2026-10-06T05:00;ARPEGE;7.20;8.60;264.0;15.1;0.00;45.0;ARPEGE;7.9;968.1;ARPEGE;0.00;ARPEGE;3770;ICON
ferme_de_sauze;AROMEIFS;2026-10-06T06:00;ARPEGE;7.20;7.90;267.0;14.8;0.00;44.0;ARPEGE;8.0;967.7;ARPEGE;0.00;ARPEGE;3740;ICON
ferme_de_sauze;AROMEIFS;2026-10-06T07:00;ARPEGE;6.80;7.60;267.0;14.4;0.00;45.0;ARPEGE;8.1;967.5;ARPEGE;0.00;ARPEGE;3720;ICON
ferme_de_sauze;AROMEIFS;2026-10-06T08:00;ARPEGE;6.50;7.20;267.0;14.1;0.00;50.0;ARPEGE;8.3;967.5;ARPEGE;0.00;ARPEGE;3740;ICON
ferme_de_sauze;AROMEIFS;2026-10-06T09:00;ARPEGE;6.20;6.80;263.0;14.9;0.00;54.0;ARPEGE;8.4;967.8;ARPEGE;0.00;ARPEGE;3750;ICON
ferme_de_sauze;AROMEIFS;2026-10-06T10:00;ARPEGE;2.40;6.10;243.0;17.3;0.00;56.0;ARPEGE;8.7;968.2;ARPEGE;0.00;ARPEGE;3770;ICON
ferme_de_sauze;AROMEIFS;2026-10-06T11:00;ARPEGE;5.60;13.70;165.0;20.3;0.00;47.0;ARPEGE;8.3;968.8;ARPEGE;0.00;ARPEGE;3780;ICON
ferme_de_sauze;AROMEIFS;2026-10-06T12:00;ARPEGE;9.40;23.40;173.0;22.6;0.00;41.0;ARPEGE;9.4;968.6;ARPEGE;0.00;ARPEGE;3730;ICON
ferme_de_sauze;AROMEIFS;2026-10-06T13:00;ARPEGE;11.50;28.80;180.0;24.2;0.00;43.0;ARPEGE;11.1;968.1;ARPEGE;0.00;ARPEGE;3710;ICON
ferme_de_sauze;AROMEIFS;2026-10-06T14:00;ARPEGE;12.70;31.30;188.0;25.0;0.00;54.0;ARPEGE;12.2;967.5;ARPEGE;0.00;ARPEGE;3710;ICON
ferme_de_sauze;AROMEIFS;2026-10-06T15:00;ARPEGE;13.50;32.40;196.0;25.4;0.00;60.0;ARPEGE;11.2;966.7;ARPEGE;0.00;ARPEGE;3690;ICON
ferme_de_sauze;AROMEIFS;2026-10-06T16:00;ARPEGE;14.40;33.80;202.0;25.2;0.00;61.0;ARPEGE;10.6;966.3;ARPEGE;0.00;ARPEGE;3600;ICON
ferme_de_sauze;AROMEIFS;2026-10-06T17:00;ARPEGE;14.20;33.10;207.0;24.8;0.00;75.0;ARPEGE;11.0;965.9;ARPEGE;0.00;ARPEGE;3590;ICON
ferme_de_sauze;AROMEIFS;2026-10-06T18:00;ARPEGE;13.00;32.00;208.0;23.9;0.00;73.0;ARPEGE;10.9;965.6;ARPEGE;0.00;ARPEGE;3540;ICON
ferme_de_sauze;AROMEIFS;2026-10-06T19:00;ARPEGE;13.00;28.40;214.0;22.4;0.00;59.0;ARPEGE;12.1;965.4;ARPEGE;0.00;ARPEGE;3540;ICON
ferme_de_sauze;AROMEIFS;2026-10-06T20:00;ARPEGE;12.30;25.90;212.0;20.9;0.00;83.0;ARPEGE;13.1;965.3;ARPEGE;0.00;ARPEGE;3540;ICON
ferme_de_sauze;AROMEIFS;2026-10-06T21:00;ARPEGE;10.90;22.70;207.0;19.8;0.00;89.0;ARPEGE;13.7;965.2;ARPEGE;0.00;ARPEGE;3540;ICON
ferme_de_sauze;AROMEIFS;2026-10-06T22:00;ARPEGE;11.30;20.20;197.0;18.9;0.00;79.0;ARPEGE;13.5;965.3;ARPEGE;0.00;ARPEGE;3540;ICON
ferme_de_sauze;AROMEIFS;2026-10-06T23:00;ARPEGE;13.90;27.00;201.0;18.6;0.00;76.0;ARPEGE;12.8;965.4;ARPEGE;0.00;ARPEGE;3540;ICON
ferme_de_sauze;AROMEIFS;2026-10-07T00:00;IFS;15.30;30.60;193.0;16.8;0.00;93.0;IFS;13.8;974.2;IFS;0.00;IFS;3560;ICON
ferme_de_sauze;AROMEIFS;2026-10-07T01:00;IFS;15.40;31.00;194.0;16.9;0.00;98.0;IFS;13.0;973.7;IFS;0.00;IFS;3580;ICON
ferme_de_sauze;AROMEIFS;2026-10-07T02:00;IFS;14.00;30.60;198.0;16.4;0.00;91.0;IFS;12.7;973.2;IFS;0.00;IFS;3600;ICON
ferme_de_sauze;AROMEIFS;2026-10-07T03:00;IFS;13.10;27.70;199.0;16.2;0.00;87.0;IFS;12.5;972.8;IFS;0.00;IFS;3570;ICON
ferme_de_sauze;AROMEIFS;2026-10-07T04:00;IFS;14.00;27.70;203.0;16.3;0.00;97.0;IFS;12.3;972.1;IFS;0.00;IFS;3550;ICON
ferme_de_sauze;AROMEIFS;2026-10-07T05:00;IFS;17.30;33.50;204.0;15.7;0.50;100.0;IFS;12.7;971.6;IFS;0.00;IFS;3520;ICON
ferme_de_sauze;AROMEIFS;2026-10-07T06:00;IFS;15.20;35.60;217.0;15.0;2.40;100.0;IFS;13.8;971.3;IFS;0.00;IFS;3470;ICON
ferme_de_sauze;AROMEIFS;2026-10-07T07:00;IFS;13.20;31.00;211.0;14.9;1.80;100.0;IFS;13.5;970.7;IFS;0.00;IFS;3420;ICON
ferme_de_sauze;AROMEIFS;2026-10-07T08:00;IFS;10.30;27.40;213.0;14.9;1.90;100.0;IFS;13.6;970.5;IFS;0.00;IFS;3370;ICON
ferme_de_sauze;AROMEIFS;2026-10-07T09:00;IFS;9.30;27.40;216.0;15.1;1.50;100.0;IFS;13.9;970.5;IFS;0.00;IFS;3380;ICON
ferme_de_sauze;AROMEIFS;2026-10-07T10:00;IFS;8.70;28.40;217.0;15.5;1.50;100.0;IFS;14.3;970.6;IFS;0.00;IFS;3380;ICON
ferme_de_sauze;AROMEIFS;2026-10-07T11:00;IFS;8.90;29.90;216.0;15.9;1.50;100.0;IFS;14.7;970.7;IFS;0.00;IFS;3390;ICON
ferme_de_sauze;AROMEIFS;2026-10-07T12:00;IFS;9.70;32.40;214.0;16.3;2.10;100.0;IFS;15.2;970.7;IFS;0.00;IFS;3410;ICON
ferme_de_sauze;AROMEIFS;2026-10-07T13:00;IFS;11.20;35.60;210.0;16.7;2.10;100.0;IFS;15.7;970.5;IFS;0.00;IFS;3430;ICON
ferme_de_sauze;AROMEIFS;2026-10-07T14:00;IFS;12.70;37.40;207.0;17.1;2.10;100.0;IFS;15.9;970.3;IFS;0.00;IFS;3450;ICON
ferme_de_sauze;AROMEIFS;2026-10-07T15:00;IFS;14.30;36.70;203.0;17.4;1.10;100.0;IFS;15.7;969.9;IFS;0.00;IFS;3430;ICON
ferme_de_sauze;AROMEIFS;2026-10-07T16:00;IFS;16.10;34.60;200.0;17.7;1.10;99.0;IFS;15.3;969.4;IFS;0.00;IFS;3400;ICON
ferme_de_sauze;AROMEIFS;2026-10-07T17:00;IFS;17.10;33.80;197.0;17.7;1.10;98.0;IFS;14.9;969.1;IFS;0.00;IFS;3380;ICON
ferme_de_sauze;AROMEIFS;2026-10-07T18:00;IFS;16.80;35.60;195.0;17.3;0.00;95.0;IFS;14.6;969.1;IFS;0.00;IFS;3380;ICON
ferme_de_sauze;AROMEIFS;2026-10-07T19:00;IFS;15.50;38.50;193.0;16.7;0.00;91.0;IFS;14.4;969.1;IFS;0.00;IFS;3370;ICON
ferme_de_sauze;AROMEIFS;2026-10-07T20:00;IFS;14.90;40.00;191.0;16.2;0.00;88.0;IFS;14.3;969.1;IFS;0.00;IFS;3370;ICON
ferme_de_sauze;AROMEIFS;2026-10-07T21:00;IFS;15.50;38.50;192.0;15.9;0.00;85.0;IFS;14.3;969.2;IFS;0.00;IFS;3380;ICON
ferme_de_sauze;AROMEIFS;2026-10-07T22:00;IFS;16.50;35.30;194.0;15.7;0.00;84.0;IFS;14.3;969.2;IFS;0.00;IFS;3390;ICON
ferme_de_sauze;AROMEIFS;2026-10-07T23:00;IFS;17.10;33.10;194.0;15.5;0.00;83.0;IFS;14.4;969.2;IFS;0.00;IFS;3400;ICON
ferme_de_sauze;AROMEIFS;2026-10-08T00:00;IFS;16.60;32.80;190.0;15.4;0.00;85.0;IFS;14.5;969.1;IFS;0.00;IFS;3370;ICON
ferme_de_sauze;AROMEIFS;2026-10-08T01:00;IFS;15.70;33.50;184.0;15.2;0.00;88.0;IFS;14.5;969.0;IFS;0.00;IFS;3340;ICON
ferme_de_sauze;AROMEIFS;2026-10-08T02:00;IFS;14.80;33.50;179.0;15.1;0.00;91.0;IFS;14.6;968.9;IFS;0.00;IFS;3310;ICON
ferme_de_sauze;AROMEIFS;2026-10-08T03:00;IFS;13.90;32.40;179.0;14.9;0.20;95.0;IFS;14.5;968.6;IFS;0.00;IFS;3270;ICON
ferme_de_sauze;AROMEIFS;2026-10-08T04:00;IFS;12.60;31.00;180.0;14.8;0.20;99.0;IFS;14.5;968.3;IFS;0.00;IFS;3240;ICON
ferme_de_sauze;AROMEIFS;2026-10-08T05:00;IFS;10.30;29.20;183.0;14.6;0.20;97.0;IFS;14.3;968.3;IFS;0.00;IFS;3200;ICON
ferme_de_sauze;AROMEIFS;2026-10-08T06:00;IFS;6.30;26.60;193.0;14.4;1.00;82.0;IFS;13.9;968.7;IFS;0.00;IFS;3190;ICON
ferme_de_sauze;AROMEIFS;2026-10-08T07:00;IFS;2.80;23.80;252.0;14.1;1.00;62.0;IFS;13.5;969.4;IFS;0.00;IFS;3180;ICON
ferme_de_sauze;AROMEIFS;2026-10-08T08:00;IFS;4.70;22.30;317.0;14.0;1.00;52.0;IFS;13.2;970.1;IFS;0.00;IFS;3170;ICON
ferme_de_sauze;AROMEIFS;2026-10-08T09:00;IFS;6.10;23.00;337.0;14.4;0.50;65.0;IFS;13.2;971.1;IFS;0.00;IFS;3150;ICON
ferme_de_sauze;AROMEIFS;2026-10-08T10:00;IFS;6.90;25.60;354.0;15.0;0.50;89.0;IFS;13.3;972.2;IFS;0.00;IFS;3120;ICON
ferme_de_sauze;AROMEIFS;2026-10-08T11:00;IFS;8.50;29.20;358.0;15.4;0.50;99.0;IFS;12.7;973.1;IFS;0.00;IFS;3100;ICON
ferme_de_sauze;AROMEIFS;2026-10-08T12:00;IFS;11.80;35.30;349.0;15.3;0.30;82.0;IFS;11.0;973.9;IFS;0.00;IFS;2932;ICON
ferme_de_sauze;AROMEIFS;2026-10-08T13:00;IFS;16.10;42.50;340.0;15.0;0.30;51.0;IFS;8.6;974.4;IFS;0.00;IFS;2770;ICON
ferme_de_sauze;AROMEIFS;2026-10-08T14:00;IFS;19.40;47.20;337.0;14.7;0.30;26.0;IFS;6.5;974.8;IFS;0.00;IFS;2600;ICON
ferme_de_sauze;AROMEIFS;2026-10-08T15:00;IFS;20.40;46.80;338.0;14.6;0.00;15.0;IFS;5.1;975.0;IFS;0.00;IFS;2300;ICON
ferme_de_sauze;AROMEIFS;2026-10-08T16:00;IFS;19.90;43.90;340.0;14.6;0.00;10.0;IFS;4.1;975.0;IFS;0.00;IFS;2000;ICON
ferme_de_sauze;AROMEIFS;2026-10-08T17:00;IFS;19.00;41.40;343.0;14.2;0.00;8.0;IFS;3.4;975.1;IFS;0.00;IFS;1700;ICON
ferme_de_sauze;AROMEIFS;2026-10-08T18:00;IFS;17.20;40.30;347.0;13.2;0.00;9.0;IFS;3.2;975.3;IFS;0.00;IFS;1670;ICON
ferme_de_sauze;AROMEIFS;2026-10-08T19:00;IFS;14.80;40.00;350.0;12.0;0.00;12.0;IFS;3.4;975.7;IFS;0.00;IFS;1650;ICON
ferme_de_sauze;AROMEIFS;2026-10-08T20:00;IFS;13.10;39.20;352.0;10.9;0.00;14.0;IFS;3.6;976.1;IFS;0.00;IFS;1620;ICON
ferme_de_sauze;AROMEIFS;2026-10-08T21:00;IFS;12.50;38.20;348.0;10.1;0.00;10.0;IFS;3.7;976.7;IFS;0.00;IFS;1580;ICON
ferme_de_sauze;AROMEIFS;2026-10-08T22:00;IFS;12.60;36.70;341.0;9.5;0.00;5.0;IFS;3.7;977.3;IFS;0.00;IFS;1540;ICON
ferme_de_sauze;AROMEIFS;2026-10-08T23:00;IFS;13.00;35.30;336.0;9.1;0.00;9.0;IFS;3.8;977.8;IFS;0.00;IFS;1500;ICON
ferme_de_sauze;AROMEIFS;2026-10-09T00:00;IFS;13.10;34.20;337.0;8.8;0.00;29.0;IFS;3.8;978.2;IFS;0.00;IFS;1480;ICON
ferme_de_sauze;AROMEIFS;2026-10-09T01:00;IFS;13.10;33.10;341.0;8.7;0.00;58.0;IFS;3.7;978.4;IFS;0.00;IFS;1460;ICON
ferme_de_sauze;AROMEIFS;2026-10-09T02:00;IFS;13.30;32.00;344.0;8.7;0.00;80.0;IFS;3.8;978.6;IFS;0.00;IFS;1440;ICON
ferme_de_sauze;AROMEIFS;2026-10-09T03:00;IFS;13.10;30.20;348.0;8.9;0.00;91.0;IFS;3.9;978.7;IFS;0.00;IFS;1440;ICON
ferme_de_sauze;AROMEIFS;2026-10-09T04:00;IFS;12.90;28.40;352.0;9.2;0.00;96.0;IFS;4.2;978.6;IFS;0.00;IFS;1440;ICON
ferme_de_sauze;AROMEIFS;2026-10-09T05:00;IFS;12.80;27.40;356.0;9.4;0.00;95.0;IFS;4.4;978.8;IFS;0.00;IFS;1440;ICON
ferme_de_sauze;AROMEIFS;2026-10-09T06:00;IFS;12.60;26.60;359.0;9.1;0.00;81.0;IFS;4.5;978.9;IFS;0.00;IFS;1440;ICON
ferme_de_sauze;AROMEIFS;2026-10-09T07:00;IFS;12.40;26.60;2.0;8.7;0.00;61.0;IFS;4.6;979.1;IFS;0.00;IFS;1430;ICON
ferme_de_sauze;AROMEIFS;2026-10-09T08:00;IFS;12.80;27.70;3.0;8.6;0.00;51.0;IFS;4.8;979.4;IFS;0.00;IFS;1430;ICON
ferme_de_sauze;AROMEIFS;2026-10-09T09:00;IFS;14.10;30.20;4.0;9.0;0.00;62.0;IFS;5.0;979.9;IFS;0.00;IFS;1530;ICON
ferme_de_sauze;AROMEIFS;2026-10-09T10:00;IFS;15.70;34.20;3.0;9.7;0.00;84.0;IFS;5.2;980.2;IFS;0.00;IFS;1620;ICON
ferme_de_sauze;AROMEIFS;2026-10-09T11:00;IFS;17.30;37.40;2.0;10.5;0.00;98.0;IFS;5.2;980.5;IFS;0.00;IFS;1720;ICON
ferme_de_sauze;AROMEIFS;2026-10-09T12:00;IFS;19.00;38.50;4.0;11.8;0.00;76.0;IFS;3.9;979.9;IFS;0.00;IFS;1830;ICON
ferme_de_sauze;AROMEIFS;2026-10-09T13:00;IFS;19.90;41.40;4.0;12.5;0.00;81.0;IFS;3.7;979.9;IFS;0.00;IFS;1950;ICON
ferme_de_sauze;AROMEIFS;2026-10-09T14:00;IFS;20.00;43.20;4.0;12.9;0.00;81.0;IFS;3.5;979.8;IFS;0.00;IFS;2060;ICON
ferme_de_sauze;AROMEIFS;2026-10-09T15:00;IFS;18.90;44.30;4.0;12.8;0.00;74.0;IFS;3.5;979.7;IFS;0.00;IFS;2260;ICON
ferme_de_sauze;AROMEIFS;2026-10-09T16:00;IFS;17.00;45.40;4.0;12.3;0.00;62.0;IFS;3.6;979.5;IFS;0.00;IFS;2450;ICON
ferme_de_sauze;AROMEIFS;2026-10-09T17:00;IFS;14.20;46.10;3.0;11.6;0.00;46.0;IFS;3.7;979.2;IFS;0.00;IFS;2650;ICON
ferme_de_sauze;AROMEIFS;2026-10-09T18:00;IFS;11.50;46.10;3.0;10.9;0.00;32.0;IFS;3.8;978.9;IFS;0.00;IFS;2670;ICON
ferme_de_sauze;AROMEIFS;2026-10-09T19:00;IFS;8.80;45.00;1.0;10.2;0.00;21.0;IFS;3.9;978.6;IFS;0.00;IFS;2690;ICON
ferme_de_sauze;AROMEIFS;2026-10-09T20:00;IFS;6.70;43.20;2.0;9.8;0.00;18.0;IFS;4.0;978.4;IFS;0.00;IFS;2710;ICON
ferme_de_sauze;AROMEIFS;2026-10-09T21:00;IFS;4.90;40.00;4.0;9.7;0.00;25.0;IFS;4.0;978.3;IFS;0.00;IFS;2700;ICON
ferme_de_sauze;AROMEIFS;2026-10-09T22:00;IFS;3.30;34.90;13.0;9.7;0.00;40.0;IFS;4.0;978.3;IFS;0.00;IFS;2680;ICON
ferme_de_sauze;AROMEIFS;2026-10-09T23:00;IFS;2.10;29.20;38.0;9.8;0.00;59.0;IFS;4.0;978.2;IFS;0.00;IFS;2670;ICON
ferme_de_sauze;AROMEIFS;2026-10-10T00:00;IFS;1.60;23.40;84.0;9.9;0.00;78.0;IFS;4.0;978.3;IFS;0.00;IFS;2700;ICON
ferme_de_sauze;AROMEIFS;2026-10-10T01:00;IFS;2.00;18.00;117.0;10.0;0.00;92.0;IFS;4.1;978.2;IFS;0.00;IFS;2740;ICON
ferme_de_sauze;AROMEIFS;2026-10-10T02:00;IFS;2.50;14.00;135.0;10.0;0.00;98.0;IFS;4.2;978.1;IFS;0.00;IFS;2770;ICON
ferme_de_sauze;AROMEIFS;2026-10-10T03:00;IFS;2.70;11.20;152.0;9.8;0.00;92.0;IFS;4.3;977.9;IFS;0.00;IFS;2760;ICON
ferme_de_sauze;AROMEIFS;2026-10-10T04:00;IFS;2.30;9.00;176.0;9.5;0.00;78.0;IFS;4.4;977.6;IFS;0.00;IFS;2750;ICON
ferme_de_sauze;AROMEIFS;2026-10-10T05:00;IFS;2.40;7.20;207.0;9.1;0.00;59.0;IFS;4.6;977.4;IFS;0.00;IFS;2740;ICON
ferme_de_sauze;AROMEIFS;2026-10-10T06:00;IFS;2.90;6.10;227.0;8.9;0.00;41.0;IFS;4.8;977.1;IFS;0.00;IFS;2720;ICON
ferme_de_sauze;AROMEIFS;2026-10-10T07:00;IFS;3.40;5.80;238.0;8.9;0.00;26.0;IFS;5.1;976.8;IFS;0.00;IFS;2700;ICON
ferme_de_sauze;AROMEIFS;2026-10-10T08:00;IFS;3.10;6.10;239.0;9.2;0.00;20.0;IFS;5.6;976.6;IFS;0.00;IFS;2680;ICON
ferme_de_sauze;AROMEIFS;2026-10-10T09:00;IFS;2.20;7.60;222.0;10.2;0.00;25.0;IFS;6.2;976.6;IFS;0.00;IFS;2680;ICON
ferme_de_sauze;AROMEIFS;2026-10-10T10:00;IFS;1.90;10.10;158.0;11.7;0.00;37.0;IFS;7.0;976.6;IFS;0.00;IFS;2670;ICON
ferme_de_sauze;AROMEIFS;2026-10-10T11:00;IFS;4.00;13.30;120.0;13.4;0.00;53.0;IFS;7.9;976.7;IFS;0.00;IFS;2670;ICON
ferme_de_sauze;AROMEIFS;2026-10-10T12:00;IFS;6.40;16.60;108.0;15.1;0.00;70.0;IFS;8.8;976.7;IFS;0.00;IFS;2620;ICON
ferme_de_sauze;AROMEIFS;2026-10-10T13:00;IFS;8.30;19.40;104.0;16.5;0.00;85.0;IFS;9.6;976.7;IFS;0.00;IFS;2560;ICON
ferme_de_sauze;AROMEIFS;2026-10-10T14:00;IFS;9.00;21.60;103.0;17.3;0.00;93.0;IFS;10.2;976.6;IFS;0.00;IFS;2510;ICON
ferme_de_sauze;AROMEIFS;2026-10-10T15:00;IFS;8.30;22.70;103.0;17.5;0.00;94.0;IFS;10.7;976.5;IFS;0.00;IFS;2820;ICON
ferme_de_sauze;AROMEIFS;2026-10-10T16:00;IFS;6.50;23.40;103.0;17.2;0.00;90.0;IFS;11.2;976.1;IFS;0.00;IFS;3120;ICON
ferme_de_sauze;AROMEIFS;2026-10-10T17:00;IFS;4.10;23.80;105.0;16.5;0.00;83.0;IFS;11.6;975.9;IFS;0.00;IFS;3430;ICON
ferme_de_sauze;AROMEIFS;2026-10-10T18:00;IFS;1.60;23.80;117.0;15.8;0.00;76.0;IFS;11.9;975.6;IFS;0.00;IFS;3430;ICON
ferme_de_sauze;AROMEIFS;2026-10-10T19:00;IFS;1.00;23.40;239.0;15.1;0.00;70.0;IFS;12.1;975.3;IFS;0.00;IFS;3440;ICON
ferme_de_sauze;AROMEIFS;2026-10-10T20:00;IFS;2.30;22.70;266.0;14.5;0.00;68.0;IFS;12.2;975.1;IFS;0.00;IFS;3440;ICON
ferme_de_sauze;AROMEIFS;2026-10-10T21:00;IFS;3.10;21.20;270.0;14.2;0.00;70.0;IFS;12.1;975.1;IFS;0.00;IFS;3460;ICON
ferme_de_sauze;AROMEIFS;2026-10-10T22:00;IFS;3.20;18.70;270.0;13.8;0.00;74.0;IFS;11.9;975.0;IFS;0.00;IFS;3480;ICON
ferme_de_sauze;AROMEIFS;2026-10-10T23:00;IFS;3.10;15.80;273.0;13.5;0.00;80.0;IFS;11.6;975.0;IFS;0.00;IFS;3500;ICON
ferme_de_sauze;AROMEIFS;2026-10-11T00:00;IFS;2.70;13.00;274.0;13.2;0.00;86.0;IFS;11.2;975.0;IFS;0.00;IFS;3520;ICON
ferme_de_sauze;AROMEIFS;2026-10-11T01:00;IFS;2.40;11.20;279.0;12.9;0.00;91.0;IFS;11.0;975.1;IFS;0.00;IFS;3530;ICON
ferme_de_sauze;AROMEIFS;2026-10-11T02:00;IFS;2.30;10.10;288.0;12.7;0.00;95.0;IFS;10.8;975.1;IFS;0.00;IFS;3550;ICON
ferme_de_sauze;AROMEIFS;2026-10-11T03:00;IFS;2.30;10.40;302.0;12.4;0.30;97.0;IFS;10.7;975.2;IFS;0.00;IFS;;
ferme_de_sauze;AROMEIFS;2026-10-11T04:00;IFS;2.80;12.20;315.0;12.0;0.30;99.0;IFS;10.7;975.3;IFS;0.00;IFS;;
ferme_de_sauze;AROMEIFS;2026-10-11T05:00;IFS;3.40;14.40;328.0;11.7;0.30;99.0;IFS;10.8;975.4;IFS;0.00;IFS;;
ferme_de_sauze;AROMEIFS;2026-10-11T06:00;IFS;4.10;16.90;337.0;11.4;0.30;100.0;IFS;10.9;975.5;IFS;0.00;IFS;;
ferme_de_sauze;AROMEIFS;2026-10-11T07:00;IFS;4.70;19.10;344.0;11.4;0.30;100.0;IFS;10.9;975.6;IFS;0.00;IFS;;
ferme_de_sauze;AROMEIFS;2026-10-11T08:00;IFS;5.30;20.90;350.0;11.6;0.30;100.0;IFS;11.0;975.7;IFS;0.00;IFS;;
ferme_de_sauze;AROMEIFS;2026-10-11T09:00;IFS;5.90;22.00;358.0;12.2;0.00;100.0;IFS;11.0;975.8;IFS;0.00;IFS;;
ferme_de_sauze;AROMEIFS;2026-10-11T10:00;IFS;6.70;22.70;6.0;13.2;0.00;99.0;IFS;10.9;975.9;IFS;0.00;IFS;;
ferme_de_sauze;AROMEIFS;2026-10-11T11:00;IFS;7.60;23.00;14.0;14.4;0.00;99.0;IFS;10.9;975.9;IFS;0.00;IFS;;
ferme_de_sauze;AROMEIFS;2026-10-11T12:00;IFS;8.40;23.40;19.0;15.5;0.00;98.0;IFS;10.9;976.0;IFS;0.00;IFS;;
ferme_de_sauze;AROMEIFS;2026-10-11T13:00;IFS;8.80;23.80;23.0;16.5;0.00;97.0;IFS;10.8;976.0;IFS;0.00;IFS;;
ferme_de_sauze;AROMEIFS;2026-10-11T14:00;IFS;8.80;24.10;23.0;16.9;0.00;97.0;IFS;10.8;976.1;IFS;0.00;IFS;;
ferme_de_sauze;AROMEIFS;2026-10-11T15:00;IFS;8.00;24.50;20.0;16.9;0.00;97.0;IFS;10.7;976.1;IFS;0.00;IFS;;
ferme_de_sauze;AROMEIFS;2026-10-11T16:00;IFS;6.60;25.20;13.0;16.4;0.00;98.0;IFS;10.7;976.1;IFS;0.00;IFS;;
ferme_de_sauze;AROMEIFS;2026-10-11T17:00;IFS;5.40;25.90;358.0;15.7;0.00;98.0;IFS;10.7;976.0;IFS;0.00;IFS;;
ferme_de_sauze;AROMEIFS;2026-10-11T18:00;IFS;4.40;25.90;333.0;15.0;0.00;99.0;IFS;10.7;976.0;IFS;0.00;IFS;;
ferme_de_sauze;AROMEIFS;2026-10-11T19:00;IFS;4.40;25.90;308.0;14.3;0.00;100.0;IFS;10.6;976.0;IFS;0.00;IFS;;
ferme_de_sauze;AROMEIFS;2026-10-11T20:00;IFS;4.80;25.20;292.0;13.8;0.00;100.0;IFS;10.6;976.0;IFS;0.00;IFS;;
ferme_de_sauze;AROMEIFS;2026-10-11T21:00;IFS;5.20;23.40;282.0;13.5;0.00;100.0;IFS;10.6;976.1;IFS;0.00;IFS;;
ferme_de_sauze;AROMEIFS;2026-10-11T22:00;IFS;5.20;21.20;274.0;13.3;0.00;100.0;IFS;10.6;976.1;IFS;0.00;IFS;;
ferme_de_sauze;AROMEIFS;2026-10-11T23:00;IFS;5.20;18.40;268.0;13.2;0.00;100.0;IFS;10.6;976.2;IFS;0.00;IFS;;
ferme_de_sauze;AROMEIFS;2026-10-12T00:00;IFS;5.10;15.50;262.0;13.1;0.00;100.0;IFS;10.6;976.2;IFS;0.00;IFS;;
ferme_de_sauze;AROMEIFS;2026-10-12T01:00;IFS;4.80;13.00;257.0;13.0;0.00;100.0;IFS;10.6;976.3;IFS;0.00;IFS;;
ferme_de_sauze;AROMEIFS;2026-10-12T02:00;IFS;4.70;11.20;252.0;13.0;0.00;100.0;IFS;10.6;976.4;IFS;0.00;IFS;;
ferme_de_sauze;AROMEIFS;2026-10-12T03:00;IFS;4.40;10.10;249.0;12.9;0.00;100.0;IFS;10.6;976.6;IFS;0.00;IFS;;
ferme_de_sauze;AROMEIFS;2026-10-12T04:00;IFS;4.20;9.70;245.0;12.8;0.00;100.0;IFS;10.5;976.8;IFS;0.00;IFS;;
ferme_de_sauze;AROMEIFS;2026-10-12T05:00;IFS;4.00;9.70;240.0;12.7;0.00;100.0;IFS;10.5;977.0;IFS;0.00;IFS;;
ferme_de_sauze;AROMEIFS;2026-10-12T06:00;IFS;3.30;10.10;234.0;12.7;0.00;100.0;IFS;10.5;977.2;IFS;0.00;IFS;;
ferme_de_sauze;AROMEIFS;2026-10-12T07:00;IFS;2.80;10.40;230.0;12.9;0.00;100.0;IFS;10.6;977.5;IFS;0.00;IFS;;
ferme_de_sauze;AROMEIFS;2026-10-12T08:00;IFS;1.90;11.20;229.0;13.3;0.00;100.0;IFS;10.7;977.9;IFS;0.00;IFS;;
ferme_de_sauze;AROMEIFS;2026-10-12T09:00;IFS;0.50;12.20;225.0;14.1;0.00;100.0;IFS;10.9;978.3;IFS;0.00;IFS;;
ferme_de_sauze;AROMEIFS;2026-10-12T10:00;IFS;1.40;14.00;40.0;15.2;0.00;99.0;IFS;11.2;978.8;IFS;0.00;IFS;;
ferme_de_sauze;AROMEIFS;2026-10-12T11:00;IFS;3.40;15.80;43.0;16.5;0.00;99.0;IFS;11.6;979.4;IFS;0.00;IFS;;
ferme_de_sauze;AROMEIFS;2026-10-12T12:00;IFS;5.40;17.60;42.0;17.8;0.00;98.0;IFS;11.9;979.9;IFS;0.00;IFS;;
ferme_de_sauze;AROMEIFS;2026-10-12T13:00;IFS;6.80;19.40;40.0;18.8;0.00;96.0;IFS;12.2;980.4;IFS;0.00;IFS;;
ferme_de_sauze;AROMEIFS;2026-10-12T14:00;IFS;7.30;20.50;38.0;19.3;0.00;94.0;IFS;12.4;980.8;IFS;0.00;IFS;;
ferme_de_sauze;AROMEIFS;2026-10-12T15:00;IFS;6.60;21.20;33.0;19.2;0.00;91.0;IFS;12.5;981.0;IFS;0.00;IFS;;
ferme_de_sauze;AROMEIFS;2026-10-12T16:00;IFS;5.40;21.60;21.0;18.7;0.00;86.0;IFS;12.6;981.2;IFS;0.00;IFS;;
ferme_de_sauze;AROMEIFS;2026-10-12T17:00;IFS;4.00;21.60;360.0;18.0;0.00;81.0;IFS;12.6;981.2;IFS;0.00;IFS;;
ferme_de_sauze;AROMEIFS;2026-10-12T18:00;IFS;3.60;21.60;323.0;17.1;0.00;76.0;IFS;12.6;981.3;IFS;0.00;IFS;;
ferme_de_sauze;AROMEIFS;2026-10-12T19:00;IFS;4.40;21.20;297.0;16.3;0.00;71.0;IFS;12.5;981.4;IFS;0.00;IFS;;
ferme_de_sauze;AROMEIFS;2026-10-12T20:00;IFS;5.20;20.50;286.0;15.7;0.00;67.0;IFS;12.4;981.5;IFS;0.00;IFS;;
ferme_de_sauze;AROMEIFS;2026-10-12T21:00;IFS;5.50;19.40;283.0;15.3;0.00;64.0;IFS;12.3;981.7;IFS;0.00;IFS;;
ferme_de_sauze;AROMEIFS;2026-10-12T22:00;IFS;5.20;18.00;286.0;15.0;0.00;62.0;IFS;12.0;982.0;IFS;0.00;IFS;;
ferme_de_sauze;AROMEIFS;2026-10-12T23:00;IFS;4.80;15.80;290.0;14.7;0.00;60.0;IFS;11.7;982.2;IFS;0.00;IFS;;
hyeres;AROMEIFS;2026-10-03T00:00;AROMEHD;7.80;14.80;22.0;21.3;0.00;25.0;AROMEHD;17.7;1023.0;ARPEGE;0.00;ARPEGE;3690;ICON
hyeres;AROMEIFS;2026-10-03T01:00;AROMEHD;9.50;15.10;37.0;21.1;0.00;25.0;AROMEHD;17.3;1023.0;ARPEGE;0.00;ARPEGE;3640;ICON
hyeres;AROMEIFS;2026-10-03T02:00;AROMEHD;8.00;15.10;27.0;21.0;0.00;25.0;AROMEHD;16.4;1022.8;ARPEGE;0.00;ARPEGE;3570;ICON
hyeres;AROMEIFS;2026-10-03T03:00;AROMEHD;8.70;13.70;7.0;20.3;0.00;19.2;AROMEHD;15.3;1022.7;ARPEGE;0.00;ARPEGE;3550;ICON
hyeres;AROMEIFS;2026-10-03T04:00;AROMEHD;7.50;13.70;325.0;19.8;0.00;76.0;AROMEHD;15.2;1022.5;ARPEGE;0.00;ARPEGE;3530;ICON
hyeres;AROMEIFS;2026-10-03T05:00;AROMEHD;9.00;15.10;5.0;20.2;0.00;25.0;AROMEHD;15.8;1022.5;ARPEGE;0.00;ARPEGE;3500;ICON
hyeres;AROMEIFS;2026-10-03T06:00;AROMEHD;10.20;16.90;10.0;20.3;0.00;84.0;AROMEHD;16.3;1022.4;ARPEGE;0.00;ARPEGE;3500;ICON
hyeres;AROMEIFS;2026-10-03T07:00;AROMEHD;10.90;17.60;34.0;20.7;0.00;25.0;AROMEHD;17.3;1022.3;ARPEGE;0.00;ARPEGE;3500;ICON
hyeres;AROMEIFS;2026-10-03T08:00;AROMEHD;9.10;18.00;18.0;20.5;0.00;25.0;AROMEHD;17.7;1022.4;ARPEGE;0.00;ARPEGE;3480;ICON
hyeres;AROMEIFS;2026-10-03T09:00;AROMEHD;8.40;16.90;40.0;21.6;0.00;88.0;AROMEHD;18.6;1022.7;ARPEGE;0.00;ARPEGE;3490;ICON
hyeres;AROMEIFS;2026-10-03T10:00;AROMEHD;9.40;21.60;47.0;23.5;0.00;25.0;AROMEHD;16.7;1023.0;ARPEGE;0.00;ARPEGE;3500;ICON
hyeres;AROMEIFS;2026-10-03T11:00;AROMEHD;23.40;35.60;90.0;25.0;0.00;25.0;AROMEHD;17.4;1023.0;ARPEGE;0.00;ARPEGE;3580;ICON
hyeres;AROMEIFS;2026-10-03T12:00;AROMEHD;24.00;41.00;98.0;25.0;0.00;25.0;AROMEHD;16.1;1022.9;ARPEGE;0.00;ARPEGE;3600;ICON
hyeres;AROMEIFS;2026-10-03T13:00;AROMEHD;23.70;43.90;99.0;24.9;0.00;25.0;AROMEHD;17.4;1022.8;ARPEGE;0.00;ARPEGE;3620;ICON
hyeres;AROMEIFS;2026-10-03T14:00;AROMEHD;25.30;41.80;101.0;25.6;0.00;25.0;AROMEHD;17.0;1022.8;ARPEGE;0.00;ARPEGE;3660;ICON
hyeres;AROMEIFS;2026-10-03T15:00;AROMEHD;25.50;44.30;103.0;25.7;0.00;25.0;AROMEHD;15.4;1022.5;ARPEGE;0.00;ARPEGE;3620;ICON
hyeres;AROMEIFS;2026-10-03T16:00;AROMEHD;24.40;42.10;99.0;25.8;0.00;25.0;AROMEHD;14.0;1022.3;ARPEGE;0.00;ARPEGE;3630;ICON
hyeres;AROMEIFS;2026-10-03T17:00;AROMEHD;22.70;41.40;100.0;25.4;0.00;100.0;AROMEHD;14.8;1022.1;ARPEGE;0.00;ARPEGE;3550;ICON
hyeres;AROMEIFS;2026-10-03T18:00;AROMEHD;19.60;39.60;103.0;25.0;0.00;94.0;AROMEHD;14.1;1022.1;ARPEGE;0.00;ARPEGE;3540;ICON
hyeres;AROMEIFS;2026-10-03T19:00;AROMEHD;18.70;32.80;92.0;24.3;0.00;25.0;AROMEHD;10.9;1022.1;ARPEGE;0.00;ARPEGE;3540;ICON
hyeres;AROMEIFS;2026-10-03T20:00;AROMEHD;13.60;31.70;78.0;22.8;0.00;14.5;AROMEHD;10.9;1021.9;ARPEGE;0.00;ARPEGE;3550;ICON
hyeres;AROMEIFS;2026-10-03T21:00;AROMEHD;9.20;22.00;48.0;21.5;0.00;25.0;AROMEHD;12.1;1021.7;ARPEGE;0.00;ARPEGE;3570;ICON
hyeres;AROMEIFS;2026-10-03T22:00;AROMEHD;10.40;17.30;44.0;20.8;0.00;25.0;AROMEHD;14.2;1021.9;ARPEGE;0.00;ARPEGE;3600;ICON
hyeres;AROMEIFS;2026-10-03T23:00;AROMEHD;11.20;18.40;33.0;20.4;0.00;2.2;AROMEHD;14.5;1022.0;ARPEGE;0.00;ARPEGE;3580;ICON
hyeres;AROMEIFS;2026-10-04T00:00;AROMEHD;9.70;18.40;22.0;19.8;0.00;8.8;AROMEHD;13.9;1022.0;ARPEGE;0.00;ARPEGE;3550;ICON
hyeres;AROMEIFS;2026-10-04T01:00;AROMEHD;7.20;15.50;357.0;19.0;0.00;25.0;AROMEHD;13.4;1022.0;ARPEGE;0.00;ARPEGE;3510;ICON
hyeres;AROMEIFS;2026-10-04T02:00;AROMEHD;10.40;15.80;14.0;18.7;0.00;23.5;AROMEHD;13.1;1021.8;ARPEGE;0.00;ARPEGE;3540;ICON
hyeres;AROMEIFS;2026-10-04T03:00;AROMEHD;8.70;16.90;17.0;19.3;0.00;25.0;AROMEHD;13.9;1021.4;ARPEGE;0.00;ARPEGE;3610;ICON
hyeres;AROMEIFS;2026-10-04T04:00;AROMEHD;8.70;15.50;5.0;18.6;0.00;25.0;AROMEHD;13.4;1021.0;ARPEGE;0.00;ARPEGE;3560;ICON
hyeres;AROMEIFS;2026-10-04T05:00;AROMEHD;12.30;21.20;52.0;19.8;0.00;25.0;AROMEHD;12.3;1021.0;ARPEGE;0.00;ARPEGE;3500;ICON
hyeres;AROMEIFS;2026-10-04T06:00;AROMEHD;16.50;28.80;70.0;21.1;0.00;25.0;AROMEHD;13.2;1020.8;ARPEGE;0.00;ARPEGE;3530;ICON
hyeres;AROMEIFS;2026-10-04T07:00;AROMEHD;16.20;28.40;69.0;21.4;0.00;25.0;AROMEHD;13.8;1020.9;ARPEGE;0.00;ARPEGE;3520;ICON
hyeres;AROMEIFS;2026-10-04T08:00;AROMEHD;15.80;28.80;66.0;21.8;0.00;74.0;AROMEHD;14.2;1021.2;ARPEGE;0.00;ARPEGE;3540;ICON
hyeres;AROMEIFS;2026-10-04T09:00;AROMEHD;16.00;28.40;67.0;22.8;0.00;87.0;AROMEHD;14.6;1021.5;ARPEGE;0.00;ARPEGE;3560;ICON
hyeres;AROMEIFS;2026-10-04T10:00;AROMEHD;25.60;42.80;90.0;24.2;0.00;86.0;AROMEHD;14.6;1021.7;ARPEGE;0.00;ARPEGE;3650;ICON
hyeres;AROMEIFS;2026-10-04T11:00;AROMEHD;28.20;46.40;94.0;24.8;0.00;50.0;AROMEHD;14.6;1021.8;ARPEGE;0.00;ARPEGE;3730;ICON
hyeres;AROMEIFS;2026-10-04T12:00;AROMEHD;28.10;47.20;94.0;25.1;0.00;72.0;AROMEHD;13.9;1021.7;ARPEGE;0.00;ARPEGE;3750;ICON
hyeres;AROMEIFS;2026-10-04T13:00;AROMEHD;27.70;46.40;92.0;25.7;0.00;25.0;AROMEHD;14.2;1021.6;ARPEGE;0.00;ARPEGE;3680;ICON
hyeres;AROMEIFS;2026-10-04T14:00;AROMEHD;27.90;46.10;101.0;25.7;0.00;25.0;AROMEHD;15.4;1021.6;ARPEGE;0.00;ARPEGE;3710;ICON
hyeres;AROMEIFS;2026-10-04T15:00;AROMEHD;25.10;45.70;102.0;25.4;0.00;100.0;AROMEHD;16.0;1021.0;ARPEGE;0.00;ARPEGE;3740;ICON
hyeres;AROMEIFS;2026-10-04T16:00;AROMEHD;25.90;42.80;100.0;25.1;0.00;100.0;AROMEHD;17.0;1020.7;ARPEGE;0.00;ARPEGE;3700;ICON
hyeres;AROMEIFS;2026-10-04T17:00;AROMEHD;21.30;42.50;92.0;24.6;0.00;100.0;AROMEHD;17.5;1020.2;ARPEGE;0.00;ARPEGE;3730;ICON
hyeres;AROMEIFS;2026-10-04T18:00;AROMEHD;19.40;35.60;91.0;24.1;0.00;100.0;AROMEHD;17.5;1020.1;ARPEGE;0.00;ARPEGE;3730;ICON
hyeres;AROMEIFS;2026-10-04T19:00;AROMEHD;19.80;34.20;93.0;23.6;0.00;100.0;AROMEHD;18.0;1020.1;ARPEGE;0.00;ARPEGE;3710;ICON
hyeres;AROMEIFS;2026-10-04T20:00;AROMEHD;17.00;33.10;77.0;23.2;0.00;100.0;AROMEHD;18.1;1020.5;ARPEGE;0.00;ARPEGE;3690;ICON
hyeres;AROMEIFS;2026-10-04T21:00;AROMEHD;10.80;29.20;64.0;22.9;0.00;100.0;AROMEHD;18.4;1020.6;ARPEGE;0.00;ARPEGE;3680;ICON
hyeres;AROMEIFS;2026-10-04T22:00;AROMEHD;9.90;18.70;80.0;22.6;0.00;97.0;AROMEHD;18.5;1020.8;ARPEGE;0.00;ARPEGE;3710;ICON
hyeres;AROMEIFS;2026-10-04T23:00;AROMEHD;6.60;20.20;49.0;22.1;0.20;100.0;AROMEHD;18.6;1020.8;ARPEGE;0.00;ARPEGE;3680;ICON
hyeres;AROMEIFS;2026-10-05T00:00;AROMEHD;7.60;13.30;3.0;21.7;0.20;100.0;AROMEHD;18.4;1020.9;ARPEGE;0.00;ARPEGE;3690;ICON
hyeres;AROMEIFS;2026-10-05T01:00;AROMEHD;5.20;12.20;348.0;21.4;0.00;100.0;AROMEHD;18.5;1020.6;ARPEGE;0.00;ARPEGE;3620;ICON
hyeres;AROMEIFS;2026-10-05T02:00;AROMEHD;5.60;8.30;315.0;20.9;0.00;100.0;AROMEHD;18.7;1020.2;ARPEGE;0.00;ARPEGE;3660;ICON
hyeres;AROMEIFS;2026-10-05T03:00;AROMEHD;4.80;8.60;347.0;20.9;0.00;100.0;AROMEHD;18.7;1020.0;ARPEGE;0.00;ARPEGE;3690;ICON
hyeres;AROMEIFS;2026-10-05T04:00;AROMEHD;5.90;9.00;346.0;20.7;0.00;60.0;AROMEHD;18.6;1019.8;ARPEGE;0.00;ARPEGE;3710;ICON
hyeres;AROMEIFS;2026-10-05T05:00;AROMEHD;5.40;18.00;42.0;20.4;0.00;95.0;AROMEHD;18.3;1019.5;ARPEGE;0.00;ARPEGE;3710;ICON
hyeres;AROMEIFS;2026-10-05T06:00;AROMEHD;12.70;22.00;75.0;20.4;0.00;100.0;AROMEHD;18.7;1019.3;ARPEGE;0.00;ARPEGE;3680;ICON
hyeres;AROMEIFS;2026-10-05T07:00;AROMEHD;9.40;22.00;58.0;19.9;0.20;100.0;AROMEHD;18.6;1019.0;ARPEGE;0.00;ARPEGE;3660;ICON
hyeres;AROMEIFS;2026-10-05T08:00;AROMEHD;6.90;16.60;6.0;20.2;0.00;25.0;AROMEHD;18.5;1019.2;ARPEGE;0.00;ARPEGE;3690;ICON
hyeres;AROMEIFS;2026-10-05T09:00;AROMEHD;9.00;17.30;360.0;20.9;0.00;50.0;AROMEHD;18.2;1019.6;ARPEGE;0.00;ARPEGE;3720;ICON
hyeres;AROMEIFS;2026-10-05T10:00;AROMEHD;7.20;16.60;357.0;21.8;0.00;33.0;AROMEHD;18.2;1019.6;ARPEGE;0.00;ARPEGE;3730;ICON
hyeres;AROMEIFS;2026-10-05T11:00;AROMEHD;9.00;17.60;61.0;23.3;0.00;25.0;AROMEHD;17.7;1019.6;ARPEGE;0.00;ARPEGE;3760;ICON
hyeres;AROMEIFS;2026-10-05T12:00;AROMEHD;10.40;20.90;92.0;24.6;0.00;25.0;AROMEHD;16.8;1019.5;ARPEGE;0.00;ARPEGE;3770;ICON
hyeres;AROMEIFS;2026-10-05T13:00;AROMEHD;13.50;24.50;106.0;24.7;0.00;90.0;AROMEHD;16.9;1019.0;ARPEGE;0.00;ARPEGE;3740;ICON
hyeres;AROMEIFS;2026-10-05T14:00;AROMEHD;17.10;30.60;115.0;25.1;0.00;25.0;AROMEHD;17.3;1018.4;ARPEGE;0.00;ARPEGE;3750;ICON
hyeres;AROMEIFS;2026-10-05T15:00;AROMEHD;18.60;32.80;122.0;24.9;0.00;25.0;AROMEHD;18.1;1017.6;ARPEGE;0.00;ARPEGE;3770;ICON
hyeres;AROMEIFS;2026-10-05T16:00;AROMEHD;17.10;32.80;118.0;24.5;0.00;25.0;AROMEHD;18.9;1017.2;ARPEGE;0.00;ARPEGE;3740;ICON
hyeres;AROMEIFS;2026-10-05T17:00;AROMEHD;14.00;30.20;125.0;24.1;0.00;33.0;AROMEHD;18.9;1016.8;ARPEGE;0.00;ARPEGE;3770;ICON
hyeres;AROMEIFS;2026-10-05T18:00;AROMEHD;10.40;24.80;124.0;23.8;0.00;27.0;AROMEHD;19.1;1016.9;ARPEGE;0.00;ARPEGE;3750;ICON
hyeres;AROMEIFS;2026-10-05T19:00;AROMEHD;7.30;19.10;123.0;23.1;0.00;27.0;AROMEHD;19.5;1016.9;ARPEGE;0.00;ARPEGE;3760;ICON
hyeres;AROMEIFS;2026-10-05T20:00;AROMEHD;5.70;12.60;125.0;22.4;0.00;40.0;AROMEHD;19.4;1017.2;ARPEGE;0.00;ARPEGE;3790;ICON
hyeres;AROMEIFS;2026-10-05T21:00;ARPEGE;10.80;18.40;92.0;22.5;0.00;66.0;ARPEGE;18.7;1017.3;ARPEGE;0.00;ARPEGE;3850;ICON
hyeres;AROMEIFS;2026-10-05T22:00;ARPEGE;10.00;16.20;77.0;22.1;0.00;85.0;ARPEGE;18.4;1017.5;ARPEGE;0.00;ARPEGE;3880;ICON
hyeres;AROMEIFS;2026-10-05T23:00;ARPEGE;8.20;14.80;61.0;21.5;0.00;86.0;ARPEGE;18.5;1017.5;ARPEGE;0.00;ARPEGE;3880;ICON
hyeres;AROMEIFS;2026-10-06T00:00;ARPEGE;5.60;11.20;27.0;20.9;0.00;92.0;ARPEGE;18.0;1017.2;ARPEGE;0.00;ARPEGE;3860;ICON
hyeres;AROMEIFS;2026-10-06T01:00;ARPEGE;8.00;11.50;10.0;20.6;0.00;85.0;ARPEGE;17.9;1016.9;ARPEGE;0.00;ARPEGE;3840;ICON
hyeres;AROMEIFS;2026-10-06T02:00;ARPEGE;9.10;13.00;7.0;20.3;0.00;67.0;ARPEGE;17.7;1016.5;ARPEGE;0.00;ARPEGE;3800;ICON
hyeres;AROMEIFS;2026-10-06T03:00;ARPEGE;9.50;13.70;9.0;20.3;0.00;86.0;ARPEGE;17.7;1016.3;ARPEGE;0.00;ARPEGE;3770;ICON
hyeres;AROMEIFS;2026-10-06T04:00;ARPEGE;9.50;14.00;11.0;20.2;0.00;84.0;ARPEGE;17.8;1015.9;ARPEGE;0.00;ARPEGE;3760;ICON
hyeres;AROMEIFS;2026-10-06T05:00;ARPEGE;10.00;14.80;15.0;20.2;0.00;79.0;ARPEGE;17.7;1015.6;ARPEGE;0.00;ARPEGE;3770;ICON
hyeres;AROMEIFS;2026-10-06T06:00;ARPEGE;10.40;15.10;14.0;20.1;0.00;71.0;ARPEGE;17.6;1015.2;ARPEGE;0.00;ARPEGE;3770;ICON
hyeres;AROMEIFS;2026-10-06T07:00;ARPEGE;11.00;16.60;11.0;19.9;0.00;57.0;ARPEGE;17.5;1015.0;ARPEGE;0.00;ARPEGE;3780;ICON
hyeres;AROMEIFS;2026-10-06T08:00;ARPEGE;12.10;18.00;12.0;19.8;0.00;71.0;ARPEGE;17.2;1015.1;ARPEGE;0.00;ARPEGE;3790;ICON
hyeres;AROMEIFS;2026-10-06T09:00;ARPEGE;12.00;18.40;16.0;20.4;0.00;73.0;ARPEGE;17.2;1015.4;ARPEGE;0.00;ARPEGE;3750;ICON
hyeres;AROMEIFS;2026-10-06T10:00;ARPEGE;10.80;18.70;30.0;21.9;0.00;72.0;ARPEGE;17.2;1015.5;ARPEGE;0.00;ARPEGE;3710;ICON
hyeres;AROMEIFS;2026-10-06T11:00;ARPEGE;14.00;25.20;78.0;23.8;0.00;73.0;ARPEGE;17.1;1015.4;ARPEGE;0.00;ARPEGE;3710;ICON
hyeres;AROMEIFS;2026-10-06T12:00;ARPEGE;20.10;33.80;99.0;25.1;0.00;69.0;ARPEGE;16.2;1015.2;ARPEGE;0.00;ARPEGE;3720;ICON
hyeres;AROMEIFS;2026-10-06T13:00;ARPEGE;23.40;38.50;104.0;25.6;0.00;79.0;ARPEGE;15.8;1014.7;ARPEGE;0.00;ARPEGE;3720;ICON
hyeres;AROMEIFS;2026-10-06T14:00;ARPEGE;22.90;38.90;109.0;25.7;0.00;94.0;ARPEGE;17.0;1014.3;ARPEGE;0.00;ARPEGE;3700;ICON
hyeres;AROMEIFS;2026-10-06T15:00;ARPEGE;26.20;42.10;106.0;25.6;0.00;52.0;ARPEGE;17.2;1013.4;ARPEGE;0.00;ARPEGE;3700;ICON
hyeres;AROMEIFS;2026-10-06T16:00;ARPEGE;25.00;41.40;105.0;25.4;0.00;43.0;ARPEGE;17.3;1013.1;ARPEGE;0.00;ARPEGE;3690;ICON
hyeres;AROMEIFS;2026-10-06T17:00;ARPEGE;23.10;40.00;104.0;24.9;0.00;66.0;ARPEGE;17.1;1013.0;ARPEGE;0.00;ARPEGE;3680;ICON
hyeres;AROMEIFS;2026-10-06T18:00;ARPEGE;21.00;37.10;102.0;24.2;0.00;67.0;ARPEGE;17.4;1012.9;ARPEGE;0.00;ARPEGE;3670;ICON
hyeres;AROMEIFS;2026-10-06T19:00;ARPEGE;18.50;33.10;97.0;23.3;0.00;99.0;ARPEGE;17.7;1012.9;ARPEGE;0.00;ARPEGE;3650;ICON
hyeres;AROMEIFS;2026-10-06T20:00;ARPEGE;15.90;28.80;86.0;22.6;0.00;95.0;ARPEGE;17.9;1013.0;ARPEGE;0.00;ARPEGE;3620;ICON
hyeres;AROMEIFS;2026-10-06T21:00;ARPEGE;13.60;24.10;73.0;22.1;0.00;86.0;ARPEGE;18.0;1012.9;ARPEGE;0.00;ARPEGE;3630;ICON
hyeres;AROMEIFS;2026-10-06T22:00;ARPEGE;11.30;19.40;59.0;21.5;0.00;90.0;ARPEGE;18.3;1013.0;ARPEGE;0.00;ARPEGE;3640;ICON
hyeres;AROMEIFS;2026-10-06T23:00;ARPEGE;10.50;16.20;49.0;21.1;0.00;87.0;ARPEGE;18.2;1013.0;ARPEGE;0.00;ARPEGE;3650;ICON
hyeres;AROMEIFS;2026-10-07T00:00;IFS;13.50;25.60;67.0;19.8;0.00;88.0;IFS;16.3;1014.1;IFS;0.00;IFS;3630;ICON
hyeres;AROMEIFS;2026-10-07T01:00;IFS;12.50;25.20;69.0;19.9;0.00;99.0;IFS;16.3;1014.0;IFS;0.00;IFS;3620;ICON
hyeres;AROMEIFS;2026-10-07T02:00;IFS;13.40;24.80;72.0;20.2;0.00;99.0;IFS;16.1;1013.6;IFS;0.00;IFS;3600;ICON
hyeres;AROMEIFS;2026-10-07T03:00;IFS;17.90;33.50;81.0;20.6;0.00;100.0;IFS;16.1;1013.3;IFS;0.00;IFS;3560;ICON
hyeres;AROMEIFS;2026-10-07T04:00;IFS;18.10;34.90;85.0;20.5;0.00;100.0;IFS;16.3;1012.9;IFS;0.00;IFS;3530;ICON
hyeres;AROMEIFS;2026-10-07T05:00;IFS;17.20;34.20;80.0;19.4;1.40;100.0;IFS;17.1;1012.2;IFS;0.00;IFS;3490;ICON
hyeres;AROMEIFS;2026-10-07T06:00;IFS;13.90;30.60;65.0;18.8;3.70;100.0;IFS;17.5;1012.0;IFS;0.00;IFS;3470;ICON
hyeres;AROMEIFS;2026-10-07T07:00;IFS;15.70;28.40;72.0;18.7;2.90;100.0;IFS;17.6;1011.7;IFS;0.00;IFS;3440;ICON
hyeres;AROMEIFS;2026-10-07T08:00;IFS;16.40;30.20;99.0;18.8;4.80;100.0;IFS;17.7;1011.3;IFS;0.00;IFS;3420;ICON
hyeres;AROMEIFS;2026-10-07T09:00;IFS;14.70;30.20;109.0;19.1;3.00;100.0;IFS;18.1;1011.4;IFS;0.00;IFS;3400;ICON
hyeres;AROMEIFS;2026-10-07T10:00;IFS;12.90;31.00;125.0;19.6;3.00;100.0;IFS;18.5;1011.5;IFS;0.00;IFS;3370;ICON
hyeres;AROMEIFS;2026-10-07T11:00;IFS;12.10;31.70;142.0;19.9;3.00;100.0;IFS;18.8;1011.6;IFS;0.00;IFS;3350;ICON
hyeres;AROMEIFS;2026-10-07T12:00;IFS;12.80;32.40;161.0;20.1;3.40;100.0;IFS;18.9;1011.4;IFS;0.00;IFS;3420;ICON
hyeres;AROMEIFS;2026-10-07T13:00;IFS;14.60;33.10;177.0;20.1;3.40;100.0;IFS;18.8;1011.1;IFS;0.00;IFS;3490;ICON
hyeres;AROMEIFS;2026-10-07T14:00;IFS;14.60;33.50;185.0;20.0;3.40;100.0;IFS;18.7;1010.7;IFS;0.00;IFS;3560;ICON
hyeres;AROMEIFS;2026-10-07T15:00;IFS;10.30;33.80;186.0;19.7;2.90;94.0;IFS;18.5;1010.3;IFS;0.00;IFS;3560;ICON
hyeres;AROMEIFS;2026-10-07T16:00;IFS;3.80;34.20;172.0;19.2;2.90;87.0;IFS;18.3;1009.9;IFS;0.00;IFS;3560;ICON
hyeres;AROMEIFS;2026-10-07T17:00;IFS;2.20;33.10;55.0;18.8;2.90;83.0;IFS;18.1;1009.7;IFS;0.00;IFS;3560;ICON
hyeres;AROMEIFS;2026-10-07T18:00;IFS;3.80;29.50;31.0;18.7;1.30;87.0;IFS;18.2;1009.8;IFS;0.00;IFS;3570;ICON
hyeres;AROMEIFS;2026-10-07T19:00;IFS;4.10;24.10;29.0;18.7;1.30;94.0;IFS;18.3;1010.0;IFS;0.00;IFS;3590;ICON
hyeres;AROMEIFS;2026-10-07T20:00;IFS;4.00;19.40;36.0;18.8;1.30;100.0;IFS;18.4;1010.1;IFS;0.00;IFS;3600;ICON
hyeres;AROMEIFS;2026-10-07T21:00;IFS;4.20;15.80;65.0;18.8;0.20;100.0;IFS;18.5;1010.0;IFS;0.00;IFS;3590;ICON
hyeres;AROMEIFS;2026-10-07T22:00;IFS;5.40;12.60;94.0;18.8;0.20;100.0;IFS;18.5;1009.9;IFS;0.00;IFS;3580;ICON
hyeres;AROMEIFS;2026-10-07T23:00;IFS;6.00;10.80;107.0;18.8;0.20;99.0;IFS;18.4;1009.7;IFS;0.00;IFS;3570;ICON
hyeres;AROMEIFS;2026-10-08T00:00;IFS;4.10;11.90;119.0;18.6;0.40;100.0;IFS;18.1;1009.5;IFS;0.00;IFS;3560;ICON
hyeres;AROMEIFS;2026-10-08T01:00;IFS;1.60;14.00;180.0;18.3;0.40;100.0;IFS;17.7;1009.3;IFS;0.00;IFS;3560;ICON
hyeres;AROMEIFS;2026-10-08T02:00;IFS;2.60;15.80;254.0;18.0;0.40;100.0;IFS;17.3;1009.1;IFS;0.00;IFS;3550;ICON
hyeres;AROMEIFS;2026-10-08T03:00;IFS;3.00;15.50;284.0;17.6;0.20;78.0;IFS;17.0;1008.8;IFS;0.00;IFS;3520;ICON
hyeres;AROMEIFS;2026-10-08T04:00;IFS;3.20;14.40;317.0;17.3;0.20;48.0;IFS;16.8;1008.3;IFS;0.00;IFS;3480;ICON
hyeres;AROMEIFS;2026-10-08T05:00;IFS;4.20;13.30;329.0;16.9;0.20;26.0;IFS;16.4;1008.0;IFS;0.00;IFS;3450;ICON
hyeres;AROMEIFS;2026-10-08T06:00;IFS;5.10;12.20;318.0;16.3;0.00;20.0;IFS;15.8;1008.0;IFS;0.00;IFS;3420;ICON
hyeres;AROMEIFS;2026-10-08T07:00;IFS;6.40;11.20;302.0;15.7;0.00;21.0;IFS;15.1;1008.1;IFS;0.00;IFS;3400;ICON
hyeres;AROMEIFS;2026-10-08T08:00;IFS;8.40;13.00;293.0;15.7;0.00;22.0;IFS;14.6;1008.2;IFS;0.00;IFS;3370;ICON
hyeres;AROMEIFS;2026-10-08T09:00;IFS;11.20;19.40;286.0;16.9;0.00;20.0;IFS;14.7;1008.4;IFS;0.00;IFS;3330;ICON
hyeres;AROMEIFS;2026-10-08T10:00;IFS;14.70;29.20;281.0;18.8;0.00;19.0;IFS;15.0;1008.7;IFS;0.00;IFS;3300;ICON
hyeres;AROMEIFS;2026-10-08T11:00;IFS;17.80;37.40;281.0;20.3;0.00;16.0;IFS;14.9;1008.8;IFS;0.00;IFS;3260;ICON
hyeres;AROMEIFS;2026-10-08T12:00;IFS;20.40;43.60;282.0;21.3;0.00;12.0;IFS;14.0;1008.8;IFS;0.00;IFS;3295;ICON
hyeres;AROMEIFS;2026-10-08T13:00;IFS;23.10;49.00;285.0;21.9;0.00;7.0;IFS;12.7;1008.8;IFS;0.00;IFS;3335;ICON
hyeres;AROMEIFS;2026-10-08T14:00;IFS;24.90;52.90;288.0;22.1;0.00;3.0;IFS;11.4;1008.8;IFS;0.00;IFS;3368;ICON
hyeres;AROMEIFS;2026-10-08T15:00;IFS;25.80;55.40;290.0;21.8;0.00;2.0;IFS;10.1;1008.6;IFS;0.00;IFS;3340;ICON
hyeres;AROMEIFS;2026-10-08T16:00;IFS;25.80;56.90;292.0;21.0;0.00;2.0;IFS;8.9;1008.4;IFS;0.00;IFS;3300;ICON
hyeres;AROMEIFS;2026-10-08T17:00;IFS;25.90;57.20;294.0;20.1;0.00;2.0;IFS;7.6;1008.5;IFS;0.00;IFS;3270;ICON
hyeres;AROMEIFS;2026-10-08T18:00;IFS;26.20;56.20;297.0;18.8;0.00;3.0;IFS;6.2;1009.1;IFS;0.00;IFS;3220;ICON
hyeres;AROMEIFS;2026-10-08T19:00;IFS;26.30;54.00;301.0;17.2;0.00;4.0;IFS;4.8;1009.8;IFS;0.00;IFS;3170;ICON
hyeres;AROMEIFS;2026-10-08T20:00;IFS;26.00;52.20;302.0;15.9;0.00;5.0;IFS;3.7;1010.6;IFS;0.00;IFS;3120;ICON
hyeres;AROMEIFS;2026-10-08T21:00;IFS;24.10;51.10;297.0;15.1;0.00;4.0;IFS;3.4;1011.4;IFS;0.00;IFS;3090;ICON
hyeres;AROMEIFS;2026-10-08T22:00;IFS;22.40;50.40;287.0;14.5;0.00;1.0;IFS;3.4;1012.1;IFS;0.00;IFS;3070;ICON
hyeres;AROMEIFS;2026-10-08T23:00;IFS;21.30;50.80;284.0;13.9;0.00;0.0;IFS;3.4;1012.6;IFS;0.00;IFS;3040;ICON
hyeres;AROMEIFS;2026-10-09T00:00;IFS;21.40;52.20;298.0;13.4;0.00;0.0;IFS;2.9;1012.7;IFS;0.00;IFS;2890;ICON
hyeres;AROMEIFS;2026-10-09T01:00;IFS;24.30;54.40;316.0;12.9;0.00;1.0;IFS;2.3;1012.7;IFS;0.00;IFS;2750;ICON
hyeres;AROMEIFS;2026-10-09T02:00;IFS;28.00;56.50;325.0;12.4;0.00;3.0;IFS;2.0;1012.5;IFS;0.00;IFS;2600;ICON
hyeres;AROMEIFS;2026-10-09T03:00;IFS;29.30;58.30;320.0;11.9;0.00;5.0;IFS;2.2;1012.3;IFS;0.00;IFS;2580;ICON
hyeres;AROMEIFS;2026-10-09T04:00;IFS;30.00;60.10;310.0;11.4;0.00;7.0;IFS;2.6;1011.9;IFS;0.00;IFS;2550;ICON
hyeres;AROMEIFS;2026-10-09T05:00;IFS;31.10;61.90;304.0;11.1;0.00;10.0;IFS;3.0;1011.7;IFS;0.00;IFS;2530;ICON
hyeres;AROMEIFS;2026-10-09T06:00;IFS;31.30;64.10;305.0;11.0;0.00;15.0;IFS;3.2;1011.6;IFS;0.00;IFS;2550;ICON
hyeres;AROMEIFS;2026-10-09T07:00;IFS;31.00;66.20;309.0;11.1;0.00;21.0;IFS;3.5;1011.6;IFS;0.00;IFS;2560;ICON
hyeres;AROMEIFS;2026-10-09T08:00;IFS;30.90;67.70;312.0;11.5;0.00;29.0;IFS;3.7;1011.6;IFS;0.00;IFS;2580;ICON
hyeres;AROMEIFS;2026-10-09T09:00;IFS;31.50;68.00;309.0;12.7;0.00;39.0;IFS;4.0;1011.6;IFS;0.00;IFS;2590;ICON
hyeres;AROMEIFS;2026-10-09T10:00;IFS;32.30;67.70;305.0;14.2;0.00;51.0;IFS;4.3;1011.6;IFS;0.00;IFS;2610;ICON
hyeres;AROMEIFS;2026-10-09T11:00;IFS;32.10;67.30;303.0;15.5;0.00;63.0;IFS;4.6;1011.6;IFS;0.00;IFS;2620;ICON
hyeres;AROMEIFS;2026-10-09T12:00;IFS;26.00;68.00;318.0;16.1;0.00;74.0;IFS;5.3;1012.0;IFS;0.00;IFS;2670;ICON
hyeres;AROMEIFS;2026-10-09T13:00;IFS;24.50;67.30;320.0;17.1;0.00;84.0;IFS;5.5;1012.1;IFS;0.00;IFS;2710;ICON
hyeres;AROMEIFS;2026-10-09T14:00;IFS;23.30;66.20;321.0;17.7;0.00;92.0;IFS;5.6;1012.2;IFS;0.00;IFS;2760;ICON
hyeres;AROMEIFS;2026-10-09T15:00;IFS;22.10;64.80;321.0;17.7;0.00;97.0;IFS;5.4;1012.2;IFS;0.00;IFS;2840;ICON
hyeres;AROMEIFS;2026-10-09T16:00;IFS;21.00;63.00;318.0;17.2;0.00;100.0;IFS;5.1;1012.2;IFS;0.00;IFS;2910;ICON
hyeres;AROMEIFS;2026-10-09T17:00;IFS;20.00;61.20;315.0;16.5;0.00;100.0;IFS;4.6;1012.1;IFS;0.00;IFS;2990;ICON
hyeres;AROMEIFS;2026-10-09T18:00;IFS;19.10;59.00;311.0;15.7;0.00;100.0;IFS;4.1;1012.0;IFS;0.00;IFS;3030;ICON
hyeres;AROMEIFS;2026-10-09T19:00;IFS;18.40;56.90;309.0;14.9;0.00;100.0;IFS;3.6;1012.0;IFS;0.00;IFS;3070;ICON
hyeres;AROMEIFS;2026-10-09T20:00;IFS;17.80;54.70;309.0;14.4;0.00;99.0;IFS;3.2;1012.1;IFS;0.00;IFS;3110;ICON
hyeres;AROMEIFS;2026-10-09T21:00;IFS;17.40;52.60;313.0;14.0;0.00;91.0;IFS;2.7;1012.3;IFS;0.00;IFS;3330;ICON
hyeres;AROMEIFS;2026-10-09T22:00;IFS;17.60;50.40;320.0;13.6;0.00;79.0;IFS;2.2;1012.6;IFS;0.00;IFS;3560;ICON
hyeres;AROMEIFS;2026-10-09T23:00;IFS;18.20;48.20;328.0;13.3;0.00;66.0;IFS;1.8;1012.9;IFS;0.00;IFS;3780;ICON
hyeres;AROMEIFS;2026-10-10T00:00;IFS;19.10;46.40;336.0;13.1;0.00;52.0;IFS;1.4;1013.2;IFS;0.00;IFS;3700;ICON
hyeres;AROMEIFS;2026-10-10T01:00;IFS;19.80;44.30;341.0;12.9;0.00;41.0;IFS;1.2;1013.5;IFS;0.00;IFS;3610;ICON
hyeres;AROMEIFS;2026-10-10T02:00;IFS;19.40;42.80;344.0;12.7;0.00;34.0;IFS;1.3;1013.6;IFS;0.00;IFS;3530;ICON
hyeres;AROMEIFS;2026-10-10T03:00;IFS;17.70;41.80;345.0;12.4;0.00;33.0;IFS;1.7;1013.6;IFS;0.00;IFS;3460;ICON
hyeres;AROMEIFS;2026-10-10T04:00;IFS;15.00;41.40;343.0;12.1;0.00;37.0;IFS;2.4;1013.5;IFS;0.00;IFS;3380;ICON
hyeres;AROMEIFS;2026-10-10T05:00;IFS;11.80;40.70;339.0;11.8;0.00;44.0;IFS;3.2;1013.4;IFS;0.00;IFS;3310;ICON
hyeres;AROMEIFS;2026-10-10T06:00;IFS;8.70;40.30;330.0;11.7;0.00;50.0;IFS;4.2;1013.2;IFS;0.00;IFS;3330;ICON
hyeres;AROMEIFS;2026-10-10T07:00;IFS;6.10;39.60;313.0;11.9;0.00;55.0;IFS;5.3;1013.0;IFS;0.00;IFS;3360;ICON
hyeres;AROMEIFS;2026-10-10T08:00;IFS;5.00;38.20;291.0;12.4;0.00;56.0;IFS;6.3;1012.9;IFS;0.00;IFS;3380;ICON
hyeres;AROMEIFS;2026-10-10T09:00;IFS;5.00;35.60;272.0;13.6;0.00;52.0;IFS;7.3;1012.8;IFS;0.00;IFS;3380;ICON
hyeres;AROMEIFS;2026-10-10T10:00;IFS;5.70;32.40;259.0;15.5;0.00;44.0;IFS;8.5;1012.8;IFS;0.00;IFS;3370;ICON
hyeres;AROMEIFS;2026-10-10T11:00;IFS;6.50;29.20;251.0;17.6;0.00;35.0;IFS;9.8;1012.8;IFS;0.00;IFS;3370;ICON
hyeres;AROMEIFS;2026-10-10T12:00;IFS;7.30;25.60;247.0;19.7;0.00;25.0;IFS;11.0;1012.9;IFS;0.00;IFS;3380;ICON
hyeres;AROMEIFS;2026-10-10T13:00;IFS;7.70;22.70;245.0;21.3;0.00;16.0;IFS;12.0;1012.9;IFS;0.00;IFS;3380;ICON
hyeres;AROMEIFS;2026-10-10T14:00;IFS;7.60;20.50;243.0;22.3;0.00;10.0;IFS;12.9;1012.8;IFS;0.00;IFS;3390;ICON
hyeres;AROMEIFS;2026-10-10T15:00;IFS;6.90;19.40;242.0;22.3;0.00;5.0;IFS;13.5;1012.7;IFS;0.00;IFS;3450;ICON
hyeres;AROMEIFS;2026-10-10T16:00;IFS;5.50;19.40;243.0;21.7;0.00;1.0;IFS;14.0;1012.5;IFS;0.00;IFS;3500;ICON
hyeres;AROMEIFS;2026-10-10T17:00;IFS;3.60;19.80;243.0;20.7;0.00;0.0;IFS;14.3;1012.3;IFS;0.00;IFS;3560;ICON
hyeres;AROMEIFS;2026-10-10T18:00;IFS;1.90;20.50;248.0;19.6;0.00;0.0;IFS;14.5;1012.1;IFS;0.00;IFS;3570;ICON
hyeres;AROMEIFS;2026-10-10T19:00;IFS;0.90;20.90;281.0;18.5;0.00;0.0;IFS;14.6;1012.0;IFS;0.00;IFS;3580;ICON
hyeres;AROMEIFS;2026-10-10T20:00;IFS;0.90;20.90;323.0;17.7;0.00;0.0;IFS;14.6;1011.7;IFS;0.00;IFS;3590;ICON
hyeres;AROMEIFS;2026-10-10T21:00;IFS;1.50;20.20;306.0;17.3;0.00;10.0;IFS;14.3;1011.6;IFS;0.00;IFS;3660;ICON
hyeres;AROMEIFS;2026-10-10T22:00;IFS;2.90;19.40;281.0;17.0;0.00;26.0;IFS;13.9;1011.5;IFS;0.00;IFS;3730;ICON
hyeres;AROMEIFS;2026-10-10T23:00;IFS;4.90;18.00;274.0;16.7;0.00;44.0;IFS;13.3;1011.4;IFS;0.00;IFS;3800;ICON
hyeres;AROMEIFS;2026-10-11T00:00;IFS;6.70;16.90;270.0;16.5;0.00;61.0;IFS;12.7;1011.3;IFS;0.00;IFS;3800;ICON
hyeres;AROMEIFS;2026-10-11T01:00;IFS;8.30;16.20;269.0;16.3;0.00;74.0;IFS;12.2;1011.2;IFS;0.00;IFS;3800;ICON
hyeres;AROMEIFS;2026-10-11T02:00;IFS;9.00;15.80;270.0;16.2;0.00;79.0;IFS;11.7;1011.1;IFS;0.00;IFS;3800;ICON
hyeres;AROMEIFS;2026-10-11T03:00;IFS;8.80;15.80;275.0;15.9;0.00;74.0;IFS;11.3;1010.9;IFS;0.00;IFS;;
hyeres;AROMEIFS;2026-10-11T04:00;IFS;8.40;16.20;285.0;15.7;0.00;60.0;IFS;10.9;1010.7;IFS;0.00;IFS;;
hyeres;AROMEIFS;2026-10-11T05:00;IFS;7.70;16.60;298.0;15.4;0.00;42.0;IFS;10.6;1010.5;IFS;0.00;IFS;;
hyeres;AROMEIFS;2026-10-11T06:00;IFS;7.30;17.30;312.0;15.3;0.00;23.0;IFS;10.3;1010.4;IFS;0.00;IFS;;
hyeres;AROMEIFS;2026-10-11T07:00;IFS;6.70;18.40;324.0;15.3;0.00;8.0;IFS;10.2;1010.3;IFS;0.00;IFS;;
hyeres;AROMEIFS;2026-10-11T08:00;IFS;5.60;19.40;333.0;15.6;0.00;0.0;IFS;10.4;1010.3;IFS;0.00;IFS;;
hyeres;AROMEIFS;2026-10-11T09:00;IFS;3.20;20.90;344.0;16.3;0.00;1.0;IFS;10.9;1010.5;IFS;0.00;IFS;;
hyeres;AROMEIFS;2026-10-11T10:00;IFS;1.10;23.00;99.0;17.4;0.00;7.0;IFS;11.7;1010.7;IFS;0.00;IFS;;
hyeres;AROMEIFS;2026-10-11T11:00;IFS;5.10;25.20;144.0;18.8;0.00;17.0;IFS;12.8;1011.2;IFS;0.00;IFS;;
hyeres;AROMEIFS;2026-10-11T12:00;IFS;9.30;27.40;148.0;20.0;0.00;28.0;IFS;13.8;1011.6;IFS;0.00;IFS;;
hyeres;AROMEIFS;2026-10-11T13:00;IFS;12.60;29.50;151.0;21.0;0.00;39.0;IFS;14.6;1011.9;IFS;0.00;IFS;;
hyeres;AROMEIFS;2026-10-11T14:00;IFS;13.90;31.70;151.0;21.5;0.00;47.0;IFS;15.1;1012.3;IFS;0.00;IFS;;
hyeres;AROMEIFS;2026-10-11T15:00;IFS;13.00;33.80;152.0;21.3;0.00;52.0;IFS;15.3;1012.6;IFS;0.00;IFS;;
hyeres;AROMEIFS;2026-10-11T16:00;IFS;10.40;36.70;154.0;20.8;0.00;57.0;IFS;15.1;1013.0;IFS;0.00;IFS;;
hyeres;AROMEIFS;2026-10-11T17:00;IFS;6.80;39.20;158.0;19.9;0.00;61.0;IFS;14.8;1013.3;IFS;0.00;IFS;;
hyeres;AROMEIFS;2026-10-11T18:00;IFS;3.10;41.00;173.0;18.9;0.00;65.0;IFS;14.4;1013.6;IFS;0.00;IFS;;
hyeres;AROMEIFS;2026-10-11T19:00;IFS;1.30;42.10;270.0;17.9;0.00;68.0;IFS;14.0;1013.9;IFS;0.00;IFS;;
hyeres;AROMEIFS;2026-10-11T20:00;IFS;3.20;41.40;313.0;17.1;0.00;71.0;IFS;13.7;1014.2;IFS;0.00;IFS;;
hyeres;AROMEIFS;2026-10-11T21:00;IFS;4.10;38.20;322.0;16.3;0.00;75.0;IFS;13.5;1014.5;IFS;0.00;IFS;;
hyeres;AROMEIFS;2026-10-11T22:00;IFS;4.40;33.10;333.0;15.5;0.00;78.0;IFS;13.2;1014.9;IFS;0.00;IFS;;
hyeres;AROMEIFS;2026-10-11T23:00;IFS;4.50;26.60;346.0;14.7;0.00;82.0;IFS;12.8;1015.2;IFS;0.00;IFS;;
hyeres;AROMEIFS;2026-10-12T00:00;IFS;4.50;20.20;358.0;14.0;0.00;85.0;IFS;12.6;1015.6;IFS;0.00;IFS;;
hyeres;AROMEIFS;2026-10-12T01:00;IFS;4.90;14.80;6.0;13.4;0.00;85.0;IFS;12.3;1015.9;IFS;0.00;IFS;;
hyeres;AROMEIFS;2026-10-12T02:00;IFS;5.30;11.50;12.0;12.9;0.00;84.0;IFS;12.1;1016.1;IFS;0.00;IFS;;
hyeres;AROMEIFS;2026-10-12T03:00;IFS;6.20;10.40;12.0;12.6;0.00;78.0;IFS;11.9;1016.3;IFS;0.00;IFS;;
hyeres;AROMEIFS;2026-10-12T04:00;IFS;7.30;10.80;9.0;12.3;0.00;69.0;IFS;11.7;1016.3;IFS;0.00;IFS;;
hyeres;AROMEIFS;2026-10-12T05:00;IFS;8.50;12.20;6.0;12.2;0.00;57.0;IFS;11.5;1016.4;IFS;0.00;IFS;;
hyeres;AROMEIFS;2026-10-12T06:00;IFS;9.60;14.00;4.0;12.2;0.00;46.0;IFS;11.4;1016.5;IFS;0.00;IFS;;
hyeres;AROMEIFS;2026-10-12T07:00;IFS;9.70;15.80;2.0;12.5;0.00;39.0;IFS;11.4;1016.5;IFS;0.00;IFS;;
hyeres;AROMEIFS;2026-10-12T08:00;IFS;9.20;17.30;2.0;13.1;0.00;36.0;IFS;11.5;1016.7;IFS;0.00;IFS;;
hyeres;AROMEIFS;2026-10-12T09:00;IFS;7.20;18.40;3.0;14.2;0.00;41.0;IFS;11.9;1016.9;IFS;0.00;IFS;;
hyeres;AROMEIFS;2026-10-12T10:00;IFS;3.80;19.40;8.0;15.8;0.00;53.0;IFS;12.4;1017.3;IFS;0.00;IFS;;
hyeres;AROMEIFS;2026-10-12T11:00;IFS;0.70;20.90;104.0;17.6;0.00;67.0;IFS;13.1;1017.6;IFS;0.00;IFS;;
hyeres;AROMEIFS;2026-10-12T12:00;IFS;4.20;22.00;168.0;19.4;0.00;81.0;IFS;13.8;1018.0;IFS;0.00;IFS;;
hyeres;AROMEIFS;2026-10-12T13:00;IFS;7.30;22.70;171.0;20.8;0.00;92.0;IFS;14.4;1018.4;IFS;0.00;IFS;;
hyeres;AROMEIFS;2026-10-12T14:00;IFS;8.90;23.40;173.0;21.6;0.00;95.0;IFS;14.8;1018.7;IFS;0.00;IFS;;
hyeres;AROMEIFS;2026-10-12T15:00;IFS;8.70;23.80;174.0;21.6;0.00;89.0;IFS;15.1;1018.9;IFS;0.00;IFS;;
hyeres;AROMEIFS;2026-10-12T16:00;IFS;7.40;24.10;176.0;21.1;0.00;77.0;IFS;15.4;1019.1;IFS;0.00;IFS;;
hyeres;AROMEIFS;2026-10-12T17:00;IFS;5.20;24.50;178.0;20.3;0.00;61.0;IFS;15.6;1019.2;IFS;0.00;IFS;;
hyeres;AROMEIFS;2026-10-12T18:00;IFS;2.90;24.50;184.0;19.2;0.00;44.0;IFS;15.7;1019.4;IFS;0.00;IFS;;
hyeres;AROMEIFS;2026-10-12T19:00;IFS;0.80;24.10;225.0;18.2;0.00;29.0;IFS;15.7;1019.6;IFS;0.00;IFS;;
hyeres;AROMEIFS;2026-10-12T20:00;IFS;1.30;23.40;326.0;17.4;0.00;18.0;IFS;15.7;1019.8;IFS;0.00;IFS;;
hyeres;AROMEIFS;2026-10-12T21:00;IFS;2.30;22.00;342.0;16.8;0.00;11.0;IFS;15.4;1020.1;IFS;0.00;IFS;;
hyeres;AROMEIFS;2026-10-12T22:00;IFS;3.10;19.80;350.0;16.1;0.00;4.0;IFS;15.1;1020.4;IFS;0.00;IFS;;
hyeres;AROMEIFS;2026-10-12T23:00;IFS;4.00;17.30;355.0;15.5;0.00;0.0;IFS;14.6;1020.7;IFS;0.00;IFS;;
lyon;AROMEIFS;2026-10-03T00:00;AROMEHD;5.10;6.10;309.0;16.7;0.00;65.0;AROMEHD;13.6;1001.1;ARPEGE;0.00;ARPEGE;3630;ICON
lyon;AROMEIFS;2026-10-03T01:00;AROMEHD;4.80;7.60;347.0;17.0;0.00;100.0;AROMEHD;13.7;1001.2;ARPEGE;0.00;ARPEGE;3640;ICON
lyon;AROMEIFS;2026-10-03T02:00;AROMEHD;3.80;7.20;17.0;16.7;0.00;100.0;AROMEHD;14.1;1001.5;ARPEGE;0.00;ARPEGE;3590;ICON
lyon;AROMEIFS;2026-10-03T03:00;AROMEHD;2.00;6.80;45.0;17.1;0.00;100.0;AROMEHD;14.5;1001.3;ARPEGE;0.00;ARPEGE;3580;ICON
lyon;AROMEIFS;2026-10-03T04:00;AROMEHD;2.40;5.00;27.0;16.3;0.00;37.0;AROMEHD;14.1;1000.8;ARPEGE;0.00;ARPEGE;3540;ICON
lyon;AROMEIFS;2026-10-03T05:00;AROMEHD;4.70;4.70;32.0;15.6;0.00;100.0;AROMEHD;13.9;1000.7;ARPEGE;0.00;ARPEGE;3520;ICON
lyon;AROMEIFS;2026-10-03T06:00;AROMEHD;1.30;6.10;34.0;15.2;0.00;25.0;AROMEHD;13.5;1000.7;ARPEGE;0.00;ARPEGE;3460;ICON
lyon;AROMEIFS;2026-10-03T07:00;AROMEHD;3.70;8.60;29.0;14.9;0.00;25.0;AROMEHD;13.4;1000.7;ARPEGE;0.00;ARPEGE;3430;ICON
lyon;AROMEIFS;2026-10-03T08:00;AROMEHD;10.10;14.00;354.0;15.4;0.00;25.0;AROMEHD;14.1;1001.0;ARPEGE;0.00;ARPEGE;3380;ICON
lyon;AROMEIFS;2026-10-03T09:00;AROMEHD;6.70;19.80;344.0;15.4;0.20;100.0;AROMEHD;13.8;1001.3;ARPEGE;0.00;ARPEGE;3470;ICON
lyon;AROMEIFS;2026-10-03T10:00;AROMEHD;3.50;14.40;336.0;16.3;0.50;100.0;AROMEHD;14.7;1001.6;ARPEGE;0.00;ARPEGE;3540;ICON
lyon;AROMEIFS;2026-10-03T11:00;AROMEHD;1.80;8.60;307.0;17.8;0.20;74.0;AROMEHD;15.9;1001.8;ARPEGE;0.00;ARPEGE;3460;ICON
lyon;AROMEIFS;2026-10-03T12:00;AROMEHD;2.90;10.10;173.0;18.7;0.00;95.0;AROMEHD;16.1;1001.8;ARPEGE;0.00;ARPEGE;3430;ICON
lyon;AROMEIFS;2026-10-03T13:00;AROMEHD;4.10;13.00;142.0;20.7;0.00;19.5;AROMEHD;16.7;1001.6;ARPEGE;0.00;ARPEGE;3430;ICON
lyon;AROMEIFS;2026-10-03T14:00;AROMEHD;4.50;13.30;104.0;21.6;0.00;77.0;AROMEHD;16.9;1001.6;ARPEGE;0.00;ARPEGE;3460;ICON
lyon;AROMEIFS;2026-10-03T15:00;AROMEHD;6.90;18.00;118.0;23.6;0.00;40.0;AROMEHD;16.1;1001.1;ARPEGE;0.00;ARPEGE;3390;ICON
lyon;AROMEIFS;2026-10-03T16:00;AROMEHD;7.00;18.00;111.0;24.5;0.00;21.2;AROMEHD;15.7;1000.8;ARPEGE;0.00;ARPEGE;3420;ICON
lyon;AROMEIFS;2026-10-03T17:00;AROMEHD;4.20;19.40;121.0;23.3;0.00;25.0;AROMEHD;16.6;1000.5;ARPEGE;0.00;ARPEGE;3410;ICON
lyon;AROMEIFS;2026-10-03T18:00;AROMEHD;11.30;21.60;171.0;23.5;0.00;100.0;AROMEHD;15.0;1000.5;ARPEGE;0.00;ARPEGE;3440;ICON
lyon;AROMEIFS;2026-10-03T19:00;AROMEHD;8.10;21.20;167.0;22.7;0.00;100.0;AROMEHD;15.3;1000.5;ARPEGE;0.00;ARPEGE;3450;ICON
lyon;AROMEIFS;2026-10-03T20:00;AROMEHD;6.10;15.50;152.0;21.8;0.00;83.0;AROMEHD;15.4;1000.6;ARPEGE;0.00;ARPEGE;3320;ICON
lyon;AROMEIFS;2026-10-03T21:00;AROMEHD;3.80;9.40;197.0;21.0;0.00;98.0;AROMEHD;15.3;1000.4;ARPEGE;0.00;ARPEGE;3480;ICON
lyon;AROMEIFS;2026-10-03T22:00;AROMEHD;3.40;6.10;238.0;20.2;0.00;16.0;AROMEHD;15.6;1000.4;ARPEGE;0.00;ARPEGE;3530;ICON
lyon;AROMEIFS;2026-10-03T23:00;AROMEHD;4.80;5.80;297.0;19.1;0.00;25.0;AROMEHD;15.9;1000.4;ARPEGE;0.00;ARPEGE;3550;ICON
lyon;AROMEIFS;2026-10-04T00:00;AROMEHD;4.20;7.90;301.0;18.7;0.00;27.0;AROMEHD;15.7;1000.3;ARPEGE;0.00;ARPEGE;3440;ICON
lyon;AROMEIFS;2026-10-04T01:00;AROMEHD;4.80;6.50;312.0;18.4;0.00;100.0;AROMEHD;15.3;1000.0;ARPEGE;0.00;ARPEGE;3390;ICON
lyon;AROMEIFS;2026-10-04T02:00;AROMEHD;3.70;6.50;349.0;18.5;0.00;100.0;AROMEHD;15.5;999.7;ARPEGE;0.00;ARPEGE;3380;ICON
lyon;AROMEIFS;2026-10-04T03:00;AROMEHD;5.20;8.60;78.0;17.9;0.00;99.0;AROMEHD;15.5;999.5;ARPEGE;0.00;ARPEGE;3370;ICON
lyon;AROMEIFS;2026-10-04T04:00;AROMEHD;3.80;7.90;41.0;17.3;0.00;100.0;AROMEHD;15.3;999.1;ARPEGE;0.00;ARPEGE;3340;ICON
lyon;AROMEIFS;2026-10-04T05:00;AROMEHD;5.00;7.20;69.0;17.0;0.00;25.0;AROMEHD;15.3;999.3;ARPEGE;0.00;ARPEGE;3320;ICON
lyon;AROMEIFS;2026-10-04T06:00;AROMEHD;0.00;7.60;270.0;16.4;0.00;60.0;AROMEHD;14.9;999.3;ARPEGE;0.00;ARPEGE;3320;ICON
lyon;AROMEIFS;2026-10-04T07:00;AROMEHD;3.70;4.70;29.0;16.1;0.00;25.0;AROMEHD;14.6;999.4;ARPEGE;0.00;ARPEGE;3320;ICON
lyon;AROMEIFS;2026-10-04T08:00;AROMEHD;3.30;5.00;41.0;16.4;0.00;25.0;AROMEHD;14.5;999.6;ARPEGE;0.00;ARPEGE;3290;ICON
lyon;AROMEIFS;2026-10-04T09:00;AROMEHD;2.40;5.80;63.0;17.2;0.00;24.5;AROMEHD;15.0;1000.0;ARPEGE;0.00;ARPEGE;3310;ICON
lyon;AROMEIFS;2026-10-04T10:00;AROMEHD;3.10;7.20;111.0;18.9;0.00;25.0;AROMEHD;15.5;1000.5;ARPEGE;0.00;ARPEGE;3390;ICON
lyon;AROMEIFS;2026-10-04T11:00;AROMEHD;3.80;11.50;107.0;20.8;0.00;18.5;AROMEHD;15.3;1000.8;ARPEGE;0.00;ARPEGE;3390;ICON
lyon;AROMEIFS;2026-10-04T12:00;AROMEHD;6.10;16.60;118.0;22.9;0.00;24.0;AROMEHD;14.5;1000.6;ARPEGE;0.00;ARPEGE;3390;ICON
lyon;AROMEIFS;2026-10-04T13:00;AROMEHD;6.70;17.60;74.0;24.1;0.00;25.0;AROMEHD;14.8;1000.3;ARPEGE;0.00;ARPEGE;3410;ICON
lyon;AROMEIFS;2026-10-04T14:00;AROMEHD;5.40;18.40;82.0;24.9;0.00;25.0;AROMEHD;15.0;1000.2;ARPEGE;0.00;ARPEGE;3410;ICON
lyon;AROMEIFS;2026-10-04T15:00;AROMEHD;5.50;16.60;79.0;25.7;0.00;25.0;AROMEHD;14.8;999.6;ARPEGE;0.00;ARPEGE;3420;ICON
lyon;AROMEIFS;2026-10-04T16:00;AROMEHD;5.70;16.60;72.0;26.1;0.00;25.0;AROMEHD;13.9;999.1;ARPEGE;0.00;ARPEGE;3430;ICON
lyon;AROMEIFS;2026-10-04T17:00;AROMEHD;6.20;15.80;80.0;26.2;0.00;25.0;AROMEHD;13.3;998.7;ARPEGE;0.00;ARPEGE;3420;ICON
lyon;AROMEIFS;2026-10-04T18:00;AROMEHD;5.20;15.50;74.0;25.9;0.00;25.0;AROMEHD;13.7;998.6;ARPEGE;0.00;ARPEGE;3450;ICON
lyon;AROMEIFS;2026-10-04T19:00;AROMEHD;7.20;13.00;63.0;25.0;0.00;25.0;AROMEHD;13.2;998.5;ARPEGE;0.00;ARPEGE;3480;ICON
lyon;AROMEIFS;2026-10-04T20:00;AROMEHD;7.70;13.00;28.0;23.5;0.00;25.0;AROMEHD;13.4;998.6;ARPEGE;0.00;ARPEGE;3430;ICON
lyon;AROMEIFS;2026-10-04T21:00;AROMEHD;6.20;12.60;353.0;22.2;0.00;25.0;AROMEHD;13.5;998.6;ARPEGE;0.00;ARPEGE;3480;ICON
lyon;AROMEIFS;2026-10-04T22:00;AROMEHD;8.30;13.70;358.0;21.5;0.00;24.8;AROMEHD;13.4;998.8;ARPEGE;0.00;ARPEGE;3520;ICON
lyon;AROMEIFS;2026-10-04T23:00;AROMEHD;6.70;13.70;344.0;20.6;0.00;24.8;AROMEHD;13.3;998.7;ARPEGE;0.00;ARPEGE;3500;ICON
lyon;AROMEIFS;2026-10-05T00:00;AROMEHD;4.00;10.10;297.0;19.9;0.00;25.0;AROMEHD;13.3;998.6;ARPEGE;0.00;ARPEGE;3500;ICON
lyon;AROMEIFS;2026-10-05T01:00;AROMEHD;5.00;6.10;330.0;19.2;0.00;24.5;AROMEHD;13.3;998.5;ARPEGE;0.00;ARPEGE;3540;ICON
lyon;AROMEIFS;2026-10-05T02:00;AROMEHD;1.40;6.80;360.0;18.6;0.00;3.2;AROMEHD;13.5;998.2;ARPEGE;0.00;ARPEGE;3630;ICON
lyon;AROMEIFS;2026-10-05T03:00;AROMEHD;2.60;3.20;56.0;17.9;0.00;7.8;AROMEHD;13.4;998.1;ARPEGE;0.00;ARPEGE;3630;ICON
lyon;AROMEIFS;2026-10-05T04:00;AROMEHD;2.50;3.20;8.0;17.3;0.00;0.0;AROMEHD;13.2;997.8;ARPEGE;0.00;ARPEGE;3590;ICON
lyon;AROMEIFS;2026-10-05T05:00;AROMEHD;3.40;4.70;328.0;17.0;0.00;0.0;AROMEHD;13.1;997.8;ARPEGE;0.00;ARPEGE;3540;ICON
lyon;AROMEIFS;2026-10-05T06:00;AROMEHD;3.90;4.30;56.0;16.5;0.00;0.0;AROMEHD;12.8;997.7;ARPEGE;0.00;ARPEGE;3520;ICON
lyon;AROMEIFS;2026-10-05T07:00;AROMEHD;2.90;6.10;30.0;16.1;0.00;0.0;AROMEHD;12.8;997.6;ARPEGE;0.00;ARPEGE;3520;ICON
lyon;AROMEIFS;2026-10-05T08:00;AROMEHD;4.10;6.50;38.0;16.1;0.00;0.0;AROMEHD;12.8;997.8;ARPEGE;0.00;ARPEGE;3520;ICON
lyon;AROMEIFS;2026-10-05T09:00;AROMEHD;3.60;9.00;37.0;17.2;0.00;0.0;AROMEHD;12.5;998.2;ARPEGE;0.00;ARPEGE;3510;ICON
lyon;AROMEIFS;2026-10-05T10:00;AROMEHD;4.50;10.80;14.0;18.8;0.00;0.0;AROMEHD;12.0;998.4;ARPEGE;0.00;ARPEGE;3530;ICON
lyon;AROMEIFS;2026-10-05T11:00;AROMEHD;2.90;11.20;30.0;20.7;0.00;0.0;AROMEHD;12.4;998.6;ARPEGE;0.00;ARPEGE;3600;ICON
lyon;AROMEIFS;2026-10-05T12:00;AROMEHD;2.80;7.60;130.0;22.7;0.00;12.5;AROMEHD;12.6;998.4;ARPEGE;0.00;ARPEGE;3650;ICON
lyon;AROMEIFS;2026-10-05T13:00;AROMEHD;3.10;14.00;135.0;24.1;0.00;24.2;AROMEHD;12.4;997.9;ARPEGE;0.00;ARPEGE;3760;ICON
lyon;AROMEIFS;2026-10-05T14:00;AROMEHD;2.30;12.60;129.0;25.3;0.00;24.8;AROMEHD;12.2;997.2;ARPEGE;0.00;ARPEGE;3800;ICON
lyon;AROMEIFS;2026-10-05T15:00;AROMEHD;1.50;11.50;194.0;26.2;0.00;25.0;AROMEHD;11.9;996.4;ARPEGE;0.00;ARPEGE;3820;ICON
lyon;AROMEIFS;2026-10-05T16:00;AROMEHD;6.50;18.00;6.0;26.7;0.00;25.0;AROMEHD;12.3;995.7;ARPEGE;0.00;ARPEGE;3860;ICON
lyon;AROMEIFS;2026-10-05T17:00;AROMEHD;9.00;19.40;5.0;26.3;0.00;25.0;AROMEHD;12.7;995.0;ARPEGE;0.00;ARPEGE;3840;ICON
lyon;AROMEIFS;2026-10-05T18:00;AROMEHD;6.60;19.40;347.0;26.0;0.00;25.0;AROMEHD;12.4;994.8;ARPEGE;0.00;ARPEGE;3800;ICON
lyon;AROMEIFS;2026-10-05T19:00;AROMEHD;8.60;16.20;33.0;25.1;0.00;25.0;AROMEHD;11.9;994.8;ARPEGE;0.00;ARPEGE;3790;ICON
lyon;AROMEIFS;2026-10-05T20:00;AROMEHD;3.20;15.50;333.0;23.6;0.00;19.5;AROMEHD;12.0;994.8;ARPEGE;0.00;ARPEGE;3788;ICON
lyon;AROMEIFS;2026-10-05T21:00;ARPEGE;5.50;11.90;337.0;21.2;0.00;80.0;ARPEGE;7.8;994.6;ARPEGE;0.00;ARPEGE;3770;ICON
lyon;AROMEIFS;2026-10-05T22:00;ARPEGE;5.80;8.30;300.0;20.0;0.00;85.0;ARPEGE;7.7;994.6;ARPEGE;0.00;ARPEGE;3790;ICON
lyon;AROMEIFS;2026-10-05T23:00;ARPEGE;7.20;10.40;307.0;19.0;0.00;80.0;ARPEGE;7.7;994.6;ARPEGE;0.00;ARPEGE;3830;ICON
lyon;AROMEIFS;2026-10-06T00:00;ARPEGE;9.70;15.10;329.0;18.8;0.00;72.0;ARPEGE;8.1;994.2;ARPEGE;0.00;ARPEGE;3840;ICON
lyon;AROMEIFS;2026-10-06T01:00;ARPEGE;7.20;15.10;333.0;18.1;0.00;65.0;ARPEGE;8.4;994.0;ARPEGE;0.00;ARPEGE;3830;ICON
lyon;AROMEIFS;2026-10-06T02:00;ARPEGE;3.10;11.20;339.0;17.4;0.00;55.0;ARPEGE;8.5;993.7;ARPEGE;0.00;ARPEGE;3810;ICON
lyon;AROMEIFS;2026-10-06T03:00;ARPEGE;2.10;4.70;301.0;16.7;0.00;43.0;ARPEGE;8.3;993.7;ARPEGE;0.00;ARPEGE;3800;ICON
lyon;AROMEIFS;2026-10-06T04:00;ARPEGE;1.10;2.90;288.0;16.1;0.00;45.0;ARPEGE;8.0;993.3;ARPEGE;0.00;ARPEGE;3760;ICON
lyon;AROMEIFS;2026-10-06T05:00;ARPEGE;0.70;1.10;360.0;15.5;0.00;47.0;ARPEGE;8.0;993.1;ARPEGE;0.00;ARPEGE;3720;ICON
lyon;AROMEIFS;2026-10-06T06:00;ARPEGE;1.60;1.10;27.0;15.0;0.00;55.0;ARPEGE;8.0;992.8;ARPEGE;0.00;ARPEGE;3730;ICON
lyon;AROMEIFS;2026-10-06T07:00;ARPEGE;1.50;2.20;45.0;14.6;0.00;45.0;ARPEGE;7.9;992.7;ARPEGE;0.00;ARPEGE;3720;ICON
lyon;AROMEIFS;2026-10-06T08:00;ARPEGE;2.20;2.20;9.0;14.2;0.00;58.0;ARPEGE;7.9;992.8;ARPEGE;0.00;ARPEGE;3730;ICON
lyon;AROMEIFS;2026-10-06T09:00;ARPEGE;1.60;2.50;27.0;14.8;0.00;61.0;ARPEGE;8.1;992.9;ARPEGE;0.00;ARPEGE;3750;ICON
lyon;AROMEIFS;2026-10-06T10:00;ARPEGE;1.30;4.30;124.0;16.4;0.00;49.0;ARPEGE;8.1;993.1;ARPEGE;0.00;ARPEGE;3780;ICON
lyon;AROMEIFS;2026-10-06T11:00;ARPEGE;3.40;9.70;148.0;18.3;0.00;47.0;ARPEGE;8.6;993.2;ARPEGE;0.00;ARPEGE;3790;ICON
lyon;AROMEIFS;2026-10-06T12:00;ARPEGE;4.60;13.30;162.0;20.5;0.00;37.0;ARPEGE;10.0;992.9;ARPEGE;0.00;ARPEGE;3770;ICON
lyon;AROMEIFS;2026-10-06T13:00;ARPEGE;5.70;16.20;162.0;22.7;0.00;27.0;ARPEGE;10.8;992.3;ARPEGE;0.00;ARPEGE;3730;ICON
lyon;AROMEIFS;2026-10-06T14:00;ARPEGE;6.80;19.40;162.0;25.0;0.00;29.0;ARPEGE;11.2;991.6;ARPEGE;0.00;ARPEGE;3730;ICON
lyon;AROMEIFS;2026-10-06T15:00;ARPEGE;11.60;26.30;173.0;26.8;0.00;35.0;ARPEGE;10.1;990.5;ARPEGE;0.00;ARPEGE;3730;ICON
lyon;AROMEIFS;2026-10-06T16:00;ARPEGE;11.70;27.00;171.0;27.3;0.00;42.0;ARPEGE;10.1;989.8;ARPEGE;0.00;ARPEGE;3730;ICON
lyon;AROMEIFS;2026-10-06T17:00;ARPEGE;12.00;25.60;164.0;27.5;0.00;47.0;ARPEGE;10.2;989.2;ARPEGE;0.00;ARPEGE;3690;ICON
lyon;AROMEIFS;2026-10-06T18:00;ARPEGE;15.60;28.10;172.0;27.1;0.00;48.0;ARPEGE;9.8;988.9;ARPEGE;0.00;ARPEGE;3690;ICON
lyon;AROMEIFS;2026-10-06T19:00;ARPEGE;17.30;29.90;175.0;25.7;0.00;49.0;ARPEGE;9.5;988.8;ARPEGE;0.00;ARPEGE;3620;ICON
lyon;AROMEIFS;2026-10-06T20:00;ARPEGE;14.30;28.40;168.0;24.0;0.00;48.0;ARPEGE;9.6;988.9;ARPEGE;0.00;ARPEGE;3550;ICON
lyon;AROMEIFS;2026-10-06T21:00;ARPEGE;10.60;22.30;152.0;22.3;0.00;61.0;ARPEGE;9.5;988.8;ARPEGE;0.00;ARPEGE;3540;ICON
lyon;AROMEIFS;2026-10-06T22:00;ARPEGE;9.70;16.60;153.0;21.0;0.00;84.0;ARPEGE;9.6;989.0;ARPEGE;0.00;ARPEGE;3530;ICON
lyon;AROMEIFS;2026-10-06T23:00;ARPEGE;10.70;16.90;168.0;20.1;0.00;77.0;ARPEGE;11.6;989.1;ARPEGE;0.00;ARPEGE;3520;ICON
lyon;AROMEIFS;2026-10-07T00:00;IFS;11.30;23.40;166.0;17.1;0.00;36.0;IFS;14.8;987.9;IFS;0.00;IFS;3500;ICON
lyon;AROMEIFS;2026-10-07T01:00;IFS;11.30;23.40;162.0;16.9;0.00;81.0;IFS;14.7;987.6;IFS;0.00;IFS;3470;ICON
lyon;AROMEIFS;2026-10-07T02:00;IFS;10.60;23.00;156.0;16.5;0.00;55.0;IFS;14.2;987.3;IFS;0.00;IFS;3450;ICON
lyon;AROMEIFS;2026-10-07T03:00;IFS;9.90;22.00;142.0;16.2;0.00;96.0;IFS;13.8;986.8;IFS;0.00;IFS;3440;ICON
lyon;AROMEIFS;2026-10-07T04:00;IFS;9.70;21.20;145.0;16.4;0.00;85.0;IFS;13.6;986.3;IFS;0.00;IFS;3420;ICON
lyon;AROMEIFS;2026-10-07T05:00;IFS;10.10;21.20;151.0;15.9;0.00;96.0;IFS;13.4;985.6;IFS;0.00;IFS;3410;ICON
lyon;AROMEIFS;2026-10-07T06:00;IFS;9.70;20.90;164.0;15.6;0.00;100.0;IFS;13.2;985.5;IFS;0.00;IFS;3410;ICON
lyon;AROMEIFS;2026-10-07T07:00;IFS;8.90;20.20;159.0;15.2;0.00;100.0;IFS;13.2;985.3;IFS;0.00;IFS;3420;ICON
lyon;AROMEIFS;2026-10-07T08:00;IFS;9.40;19.40;150.0;14.9;0.60;100.0;IFS;13.4;984.9;IFS;0.00;IFS;3420;ICON
lyon;AROMEIFS;2026-10-07T09:00;IFS;8.90;22.00;152.0;14.9;4.10;100.0;IFS;13.7;985.0;IFS;0.00;IFS;3420;ICON
lyon;AROMEIFS;2026-10-07T10:00;IFS;8.50;25.60;155.0;15.0;4.10;100.0;IFS;14.1;985.2;IFS;0.00;IFS;3420;ICON
lyon;AROMEIFS;2026-10-07T11:00;IFS;8.40;28.40;155.0;15.2;4.10;100.0;IFS;14.5;985.2;IFS;0.00;IFS;3420;ICON
lyon;AROMEIFS;2026-10-07T12:00;IFS;8.50;28.80;144.0;15.5;2.00;100.0;IFS;14.9;984.8;IFS;0.00;IFS;3400;ICON
lyon;AROMEIFS;2026-10-07T13:00;IFS;9.30;28.10;131.0;15.9;2.00;100.0;IFS;15.2;984.4;IFS;0.00;IFS;3380;ICON
lyon;AROMEIFS;2026-10-07T14:00;IFS;10.50;28.10;127.0;16.3;2.00;99.0;IFS;15.4;983.8;IFS;0.00;IFS;3360;ICON
lyon;AROMEIFS;2026-10-07T15:00;IFS;12.10;29.90;136.0;16.7;0.40;95.0;IFS;15.5;983.4;IFS;0.00;IFS;3340;ICON
lyon;AROMEIFS;2026-10-07T16:00;IFS;14.30;32.40;146.0;17.1;0.40;88.0;IFS;15.4;982.8;IFS;0.00;IFS;3330;ICON
lyon;AROMEIFS;2026-10-07T17:00;IFS;15.80;34.20;154.0;17.3;0.40;84.0;IFS;15.2;982.5;IFS;0.00;IFS;3310;ICON
lyon;AROMEIFS;2026-10-07T18:00;IFS;15.40;35.30;159.0;17.4;0.10;83.0;IFS;15.0;982.3;IFS;0.00;IFS;3310;ICON
lyon;AROMEIFS;2026-10-07T19:00;IFS;14.10;36.00;165.0;17.3;0.10;83.0;IFS;14.7;982.1;IFS;0.00;IFS;3320;ICON
lyon;AROMEIFS;2026-10-07T20:00;IFS;13.30;35.60;171.0;17.1;0.10;83.0;IFS;14.5;982.1;IFS;0.00;IFS;3320;ICON
lyon;AROMEIFS;2026-10-07T21:00;IFS;13.00;33.50;174.0;16.7;0.00;82.0;IFS;14.4;982.1;IFS;0.00;IFS;3330;ICON
lyon;AROMEIFS;2026-10-07T22:00;IFS;13.20;30.20;178.0;16.2;0.00;81.0;IFS;14.4;982.2;IFS;0.00;IFS;3350;ICON
lyon;AROMEIFS;2026-10-07T23:00;IFS;13.10;27.70;179.0;15.8;0.00;77.0;IFS;14.4;982.2;IFS;0.00;IFS;3360;ICON
lyon;AROMEIFS;2026-10-08T00:00;IFS;13.50;27.40;178.0;15.6;0.00;64.0;IFS;14.4;982.1;IFS;0.00;IFS;3330;ICON
lyon;AROMEIFS;2026-10-08T01:00;IFS;14.10;27.70;175.0;15.5;0.00;49.0;IFS;14.4;982.0;IFS;0.00;IFS;3290;ICON
lyon;AROMEIFS;2026-10-08T02:00;IFS;13.60;28.40;175.0;15.4;0.00;43.0;IFS;14.4;981.9;IFS;0.00;IFS;3260;ICON
lyon;AROMEIFS;2026-10-08T03:00;IFS;11.50;28.80;179.0;15.3;2.70;59.0;IFS;14.5;981.9;IFS;0.00;IFS;3260;ICON
lyon;AROMEIFS;2026-10-08T04:00;IFS;8.80;29.20;189.0;15.2;2.70;86.0;IFS;14.6;982.0;IFS;0.00;IFS;3250;ICON
lyon;AROMEIFS;2026-10-08T05:00;IFS;6.50;29.90;214.0;15.0;2.70;100.0;IFS;14.4;982.3;IFS;0.00;IFS;3250;ICON
lyon;AROMEIFS;2026-10-08T06:00;IFS;6.60;31.30;257.0;14.5;0.70;88.0;IFS;13.7;982.9;IFS;0.00;IFS;3210;ICON
lyon;AROMEIFS;2026-10-08T07:00;IFS;10.20;32.80;287.0;13.9;0.70;65.0;IFS;12.7;983.7;IFS;0.00;IFS;3160;ICON
lyon;AROMEIFS;2026-10-08T08:00;IFS;14.20;35.30;299.0;13.5;0.70;47.0;IFS;11.7;984.6;IFS;0.00;IFS;3120;ICON
lyon;AROMEIFS;2026-10-08T09:00;IFS;17.30;38.90;304.0;13.5;0.00;44.0;IFS;10.9;985.7;IFS;0.00;IFS;2990;ICON
lyon;AROMEIFS;2026-10-08T10:00;IFS;19.60;42.80;306.0;13.8;0.00;47.0;IFS;10.2;986.9;IFS;0.00;IFS;2850;ICON
lyon;AROMEIFS;2026-10-08T11:00;IFS;20.90;46.40;308.0;14.1;0.00;48.0;IFS;9.3;988.0;IFS;0.00;IFS;2720;ICON
lyon;AROMEIFS;2026-10-08T12:00;IFS;21.00;49.00;311.0;14.1;0.00;43.0;IFS;8.3;988.9;IFS;0.00;IFS;2415;ICON
lyon;AROMEIFS;2026-10-08T13:00;IFS;20.20;50.80;314.0;14.1;0.00;36.0;IFS;7.3;989.6;IFS;0.00;IFS;2090;ICON
lyon;AROMEIFS;2026-10-08T14:00;IFS;19.10;51.80;316.0;14.0;0.00;30.0;IFS;6.4;990.0;IFS;0.00;IFS;1758;ICON
lyon;AROMEIFS;2026-10-08T15:00;IFS;17.80;52.20;315.0;13.8;0.10;24.0;IFS;5.8;990.1;IFS;0.00;IFS;1720;ICON
lyon;AROMEIFS;2026-10-08T16:00;IFS;16.20;51.50;312.0;13.5;0.10;20.0;IFS;5.3;990.0;IFS;0.00;IFS;1700;ICON
lyon;AROMEIFS;2026-10-08T17:00;IFS;14.80;50.40;310.0;13.0;0.10;23.0;IFS;5.1;990.0;IFS;0.00;IFS;1670;ICON
lyon;AROMEIFS;2026-10-08T18:00;IFS;13.80;48.60;312.0;12.0;0.00;45.0;IFS;5.0;990.5;IFS;0.00;IFS;1640;ICON
lyon;AROMEIFS;2026-10-08T19:00;IFS;13.00;46.10;315.0;10.7;0.00;75.0;IFS;5.1;991.3;IFS;0.00;IFS;1600;ICON
lyon;AROMEIFS;2026-10-08T20:00;IFS;12.70;43.20;317.0;9.7;0.00;88.0;IFS;5.2;991.9;IFS;0.00;IFS;1570;ICON
lyon;AROMEIFS;2026-10-08T21:00;IFS;13.50;39.20;315.0;9.3;0.00;65.0;IFS;5.2;992.3;IFS;0.00;IFS;1530;ICON
lyon;AROMEIFS;2026-10-08T22:00;IFS;14.90;34.90;312.0;9.1;0.00;25.0;IFS;5.3;992.8;IFS;0.00;IFS;1490;ICON
lyon;AROMEIFS;2026-10-08T23:00;IFS;15.50;32.00;310.0;9.0;0.00;5.0;IFS;5.4;993.1;IFS;0.00;IFS;1450;ICON
lyon;AROMEIFS;2026-10-09T00:00;IFS;14.10;31.70;310.0;9.0;0.00;29.0;IFS;5.4;993.3;IFS;0.00;IFS;1460;ICON
lyon;AROMEIFS;2026-10-09T01:00;IFS;11.60;32.40;311.0;9.1;0.00;73.0;IFS;5.4;993.4;IFS;0.00;IFS;1480;ICON
lyon;AROMEIFS;2026-10-09T02:00;IFS;10.10;33.10;311.0;9.1;0.00;100.0;IFS;5.3;993.6;IFS;0.00;IFS;1490;ICON
lyon;AROMEIFS;2026-10-09T03:00;IFS;10.60;33.10;312.0;9.0;0.00;90.0;IFS;5.2;993.7;IFS;0.00;IFS;1480;ICON
lyon;AROMEIFS;2026-10-09T04:00;IFS;12.10;32.40;311.0;8.7;0.00;62.0;IFS;5.0;993.9;IFS;0.00;IFS;1470;ICON
lyon;AROMEIFS;2026-10-09T05:00;IFS;12.80;31.70;310.0;8.4;0.00;41.0;IFS;4.9;994.2;IFS;0.00;IFS;1460;ICON
lyon;AROMEIFS;2026-10-09T06:00;IFS;12.00;30.20;310.0;7.9;0.00;34.0;IFS;4.8;994.4;IFS;0.00;IFS;1440;ICON
lyon;AROMEIFS;2026-10-09T07:00;IFS;10.60;28.40;310.0;7.2;0.00;34.0;IFS;4.8;994.7;IFS;0.00;IFS;1430;ICON
lyon;AROMEIFS;2026-10-09T08:00;IFS;9.30;26.60;311.0;7.1;0.00;40.0;IFS;4.8;995.0;IFS;0.00;IFS;1410;ICON
lyon;AROMEIFS;2026-10-09T09:00;IFS;8.50;24.80;314.0;8.0;0.00;55.0;IFS;5.2;995.4;IFS;0.00;IFS;1520;ICON
lyon;AROMEIFS;2026-10-09T10:00;IFS;8.20;23.40;319.0;9.4;0.00;77.0;IFS;5.7;995.8;IFS;0.00;IFS;1630;ICON
lyon;AROMEIFS;2026-10-09T11:00;IFS;8.20;23.00;322.0;10.6;0.00;91.0;IFS;6.0;996.0;IFS;0.00;IFS;1740;ICON
lyon;AROMEIFS;2026-10-09T12:00;IFS;11.40;29.50;322.0;11.3;0.20;64.0;IFS;4.9;995.4;IFS;0.00;IFS;1770;ICON
lyon;AROMEIFS;2026-10-09T13:00;IFS;11.70;30.20;324.0;12.3;0.20;73.0;IFS;4.9;995.4;IFS;0.00;IFS;1810;ICON
lyon;AROMEIFS;2026-10-09T14:00;IFS;11.40;31.00;327.0;12.9;0.20;80.0;IFS;5.0;995.3;IFS;0.00;IFS;1840;ICON
lyon;AROMEIFS;2026-10-09T15:00;IFS;10.70;31.30;330.0;13.0;0.00;85.0;IFS;5.0;995.1;IFS;0.00;IFS;1950;ICON
lyon;AROMEIFS;2026-10-09T16:00;IFS;9.40;31.30;334.0;12.8;0.00;89.0;IFS;5.0;994.8;IFS;0.00;IFS;2060;ICON
lyon;AROMEIFS;2026-10-09T17:00;IFS;8.00;31.30;340.0;12.4;0.00;93.0;IFS;4.9;994.4;IFS;0.00;IFS;2170;ICON
lyon;AROMEIFS;2026-10-09T18:00;IFS;6.40;31.30;349.0;11.8;0.00;96.0;IFS;5.0;994.0;IFS;0.00;IFS;2360;ICON
lyon;AROMEIFS;2026-10-09T19:00;IFS;4.90;31.00;360.0;11.3;0.00;98.0;IFS;5.0;993.7;IFS;0.00;IFS;2540;ICON
lyon;AROMEIFS;2026-10-09T20:00;IFS;3.40;30.20;18.0;10.9;0.00;100.0;IFS;5.2;993.3;IFS;0.00;IFS;2730;ICON
lyon;AROMEIFS;2026-10-09T21:00;IFS;2.10;29.20;59.0;10.7;0.20;100.0;IFS;5.5;993.1;IFS;0.00;IFS;2700;ICON
lyon;AROMEIFS;2026-10-09T22:00;IFS;2.60;28.10;124.0;10.5;0.20;100.0;IFS;5.9;993.0;IFS;0.00;IFS;2670;ICON
lyon;AROMEIFS;2026-10-09T23:00;IFS;5.00;26.30;150.0;10.3;0.20;100.0;IFS;6.3;992.9;IFS;0.00;IFS;2640;ICON
lyon;AROMEIFS;2026-10-10T00:00;IFS;7.50;24.80;159.0;10.1;0.20;100.0;IFS;6.8;992.8;IFS;0.00;IFS;2680;ICON
lyon;AROMEIFS;2026-10-10T01:00;IFS;9.80;23.80;163.0;10.0;0.20;100.0;IFS;7.2;992.7;IFS;0.00;IFS;2730;ICON
lyon;AROMEIFS;2026-10-10T02:00;IFS;11.10;22.70;164.0;9.8;0.20;100.0;IFS;7.5;992.5;IFS;0.00;IFS;2770;ICON
lyon;AROMEIFS;2026-10-10T03:00;IFS;11.30;22.00;163.0;9.7;0.10;100.0;IFS;7.6;992.3;IFS;0.00;IFS;2750;ICON
lyon;AROMEIFS;2026-10-10T04:00;IFS;10.90;22.00;161.0;9.4;0.10;100.0;IFS;7.6;992.0;IFS;0.00;IFS;2730;ICON
lyon;AROMEIFS;2026-10-10T05:00;IFS;9.90;21.60;158.0;9.2;0.10;100.0;IFS;7.5;991.7;IFS;0.00;IFS;2710;ICON
lyon;AROMEIFS;2026-10-10T06:00;IFS;8.90;22.00;153.0;9.1;0.10;100.0;IFS;7.5;991.4;IFS;0.00;IFS;2720;ICON
lyon;AROMEIFS;2026-10-10T07:00;IFS;8.00;22.00;149.0;9.2;0.10;100.0;IFS;7.5;991.2;IFS;0.00;IFS;2720;ICON
lyon;AROMEIFS;2026-10-10T08:00;IFS;7.50;22.00;145.0;9.5;0.10;100.0;IFS;7.6;991.1;IFS;0.00;IFS;2730;ICON
lyon;AROMEIFS;2026-10-10T09:00;IFS;7.60;22.00;142.0;10.1;0.00;100.0;IFS;7.9;990.9;IFS;0.00;IFS;2700;ICON
lyon;AROMEIFS;2026-10-10T10:00;IFS;7.90;22.30;141.0;11.2;0.00;100.0;IFS;8.3;990.9;IFS;0.00;IFS;2680;ICON
lyon;AROMEIFS;2026-10-10T11:00;IFS;8.60;22.70;139.0;12.3;0.00;100.0;IFS;8.7;991.0;IFS;0.00;IFS;2650;ICON
lyon;AROMEIFS;2026-10-10T12:00;IFS;9.10;23.00;139.0;13.5;0.00;100.0;IFS;9.2;991.0;IFS;0.00;IFS;2600;ICON
lyon;AROMEIFS;2026-10-10T13:00;IFS;9.40;23.40;140.0;14.5;0.00;100.0;IFS;9.7;991.0;IFS;0.00;IFS;2540;ICON
lyon;AROMEIFS;2026-10-10T14:00;IFS;9.30;23.40;140.0;15.1;0.00;100.0;IFS;10.1;990.8;IFS;0.00;IFS;2490;ICON
lyon;AROMEIFS;2026-10-10T15:00;IFS;8.70;23.80;143.0;15.3;0.10;99.0;IFS;10.5;990.7;IFS;0.00;IFS;2770;ICON
lyon;AROMEIFS;2026-10-10T16:00;IFS;8.10;23.80;149.0;15.2;0.10;98.0;IFS;11.0;990.4;IFS;0.00;IFS;3060;ICON
lyon;AROMEIFS;2026-10-10T17:00;IFS;7.30;24.10;157.0;15.0;0.10;96.0;IFS;11.4;990.0;IFS;0.00;IFS;3340;ICON
lyon;AROMEIFS;2026-10-10T18:00;IFS;6.50;24.10;166.0;14.6;0.10;95.0;IFS;11.7;989.7;IFS;0.00;IFS;3350;ICON
lyon;AROMEIFS;2026-10-10T19:00;IFS;5.80;23.80;176.0;14.3;0.10;93.0;IFS;12.1;989.5;IFS;0.00;IFS;3370;ICON
lyon;AROMEIFS;2026-10-10T20:00;IFS;4.90;23.00;184.0;14.1;0.10;93.0;IFS;12.4;989.4;IFS;0.00;IFS;3380;ICON
lyon;AROMEIFS;2026-10-10T21:00;IFS;3.50;21.60;192.0;14.0;0.50;93.0;IFS;12.6;989.5;IFS;0.00;IFS;3390;ICON
lyon;AROMEIFS;2026-10-10T22:00;IFS;1.90;19.10;214.0;14.0;0.50;95.0;IFS;12.8;989.6;IFS;0.00;IFS;3400;ICON
lyon;AROMEIFS;2026-10-10T23:00;IFS;1.20;16.60;297.0;14.0;0.50;96.0;IFS;12.9;989.9;IFS;0.00;IFS;3410;ICON
lyon;AROMEIFS;2026-10-11T00:00;IFS;2.70;14.00;337.0;14.0;0.50;98.0;IFS;13.0;990.1;IFS;0.00;IFS;3400;ICON
lyon;AROMEIFS;2026-10-11T01:00;IFS;4.20;11.90;348.0;14.0;0.50;99.0;IFS;13.1;990.3;IFS;0.00;IFS;3400;ICON
lyon;AROMEIFS;2026-10-11T02:00;IFS;5.30;10.40;352.0;13.9;0.50;100.0;IFS;13.1;990.5;IFS;0.00;IFS;3390;ICON
lyon;AROMEIFS;2026-10-11T03:00;IFS;5.60;9.70;356.0;13.7;0.10;100.0;IFS;13.0;990.6;IFS;0.00;IFS;;
lyon;AROMEIFS;2026-10-11T04:00;IFS;5.40;9.70;4.0;13.4;0.10;100.0;IFS;12.8;990.7;IFS;0.00;IFS;;
lyon;AROMEIFS;2026-10-11T05:00;IFS;5.00;10.10;15.0;13.0;0.10;100.0;IFS;12.6;990.6;IFS;0.00;IFS;;
lyon;AROMEIFS;2026-10-11T06:00;IFS;4.80;10.80;25.0;12.7;0.10;100.0;IFS;12.3;990.7;IFS;0.00;IFS;;
lyon;AROMEIFS;2026-10-11T07:00;IFS;4.20;11.20;36.0;12.6;0.10;100.0;IFS;12.1;990.7;IFS;0.00;IFS;;
lyon;AROMEIFS;2026-10-11T08:00;IFS;4.10;11.50;45.0;12.7;0.10;100.0;IFS;11.9;990.7;IFS;0.00;IFS;;
lyon;AROMEIFS;2026-10-11T09:00;IFS;3.60;11.50;49.0;13.2;0.00;99.0;IFS;11.7;990.7;IFS;0.00;IFS;;
lyon;AROMEIFS;2026-10-11T10:00;IFS;2.80;11.90;55.0;14.1;0.00;97.0;IFS;11.6;990.8;IFS;0.00;IFS;;
lyon;AROMEIFS;2026-10-11T11:00;IFS;2.10;11.90;59.0;15.1;0.00;96.0;IFS;11.4;990.8;IFS;0.00;IFS;;
lyon;AROMEIFS;2026-10-11T12:00;IFS;1.10;11.90;72.0;16.1;0.00;94.0;IFS;11.3;990.9;IFS;0.00;IFS;;
lyon;AROMEIFS;2026-10-11T13:00;IFS;0.80;11.90;117.0;16.9;0.00;93.0;IFS;11.2;990.9;IFS;0.00;IFS;;
lyon;AROMEIFS;2026-10-11T14:00;IFS;1.10;12.20;162.0;17.3;0.00;92.0;IFS;11.1;990.9;IFS;0.00;IFS;;
lyon;AROMEIFS;2026-10-11T15:00;IFS;1.80;12.60;169.0;17.3;0.00;93.0;IFS;11.1;990.8;IFS;0.00;IFS;;
lyon;AROMEIFS;2026-10-11T16:00;IFS;2.80;13.00;169.0;17.0;0.00;94.0;IFS;11.1;990.8;IFS;0.00;IFS;;
lyon;AROMEIFS;2026-10-11T17:00;IFS;3.50;13.70;168.0;16.4;0.00;96.0;IFS;11.2;990.7;IFS;0.00;IFS;;
lyon;AROMEIFS;2026-10-11T18:00;IFS;4.50;14.00;166.0;15.8;0.00;97.0;IFS;11.3;990.5;IFS;0.00;IFS;;
lyon;AROMEIFS;2026-10-11T19:00;IFS;5.00;14.40;165.0;15.3;0.00;99.0;IFS;11.4;990.5;IFS;0.00;IFS;;
lyon;AROMEIFS;2026-10-11T20:00;IFS;5.40;14.80;165.0;14.9;0.00;100.0;IFS;11.4;990.4;IFS;0.00;IFS;;
lyon;AROMEIFS;2026-10-11T21:00;IFS;5.40;14.80;165.0;14.6;0.00;100.0;IFS;11.5;990.5;IFS;0.00;IFS;;
lyon;AROMEIFS;2026-10-11T22:00;IFS;5.20;14.40;164.0;14.5;0.00;100.0;IFS;11.5;990.6;IFS;0.00;IFS;;
lyon;AROMEIFS;2026-10-11T23:00;IFS;5.10;14.00;163.0;14.4;0.00;100.0;IFS;11.6;990.7;IFS;0.00;IFS;;
lyon;AROMEIFS;2026-10-12T00:00;IFS;4.60;13.70;162.0;14.3;0.00;100.0;IFS;11.6;990.8;IFS;0.00;IFS;;
lyon;AROMEIFS;2026-10-12T01:00;IFS;4.20;13.30;160.0;14.2;0.00;100.0;IFS;11.7;990.9;IFS;0.00;IFS;;
lyon;AROMEIFS;2026-10-12T02:00;IFS;4.10;13.00;157.0;14.1;0.00;100.0;IFS;11.7;991.1;IFS;0.00;IFS;;
lyon;AROMEIFS;2026-10-12T03:00;IFS;4.10;12.60;151.0;13.9;0.10;100.0;IFS;11.8;991.3;IFS;0.00;IFS;;
lyon;AROMEIFS;2026-10-12T04:00;IFS;4.30;12.20;147.0;13.7;0.10;100.0;IFS;11.8;991.5;IFS;0.00;IFS;;
lyon;AROMEIFS;2026-10-12T05:00;IFS;4.60;11.90;141.0;13.5;0.10;100.0;IFS;11.8;991.7;IFS;0.00;IFS;;
lyon;AROMEIFS;2026-10-12T06:00;IFS;5.00;11.50;136.0;13.3;0.10;100.0;IFS;11.8;992.0;IFS;0.00;IFS;;
lyon;AROMEIFS;2026-10-12T07:00;IFS;5.20;11.20;134.0;13.3;0.10;100.0;IFS;11.9;992.3;IFS;0.00;IFS;;
lyon;AROMEIFS;2026-10-12T08:00;IFS;5.40;11.20;132.0;13.4;0.10;100.0;IFS;12.0;992.6;IFS;0.00;IFS;;
lyon;AROMEIFS;2026-10-12T09:00;IFS;5.40;11.50;132.0;13.8;0.20;91.0;IFS;12.2;993.0;IFS;0.00;IFS;;
lyon;AROMEIFS;2026-10-12T10:00;IFS;5.20;11.90;134.0;14.5;0.20;77.0;IFS;12.5;993.5;IFS;0.00;IFS;;
lyon;AROMEIFS;2026-10-12T11:00;IFS;4.80;12.60;135.0;15.3;0.20;62.0;IFS;12.8;994.0;IFS;0.00;IFS;;
lyon;AROMEIFS;2026-10-12T12:00;IFS;4.60;13.30;138.0;16.1;0.20;47.0;IFS;13.1;994.5;IFS;0.00;IFS;;
lyon;AROMEIFS;2026-10-12T13:00;IFS;4.20;14.00;140.0;16.7;0.20;34.0;IFS;13.4;995.0;IFS;0.00;IFS;;
lyon;AROMEIFS;2026-10-12T14:00;IFS;3.90;14.40;143.0;17.2;0.20;26.0;IFS;13.6;995.3;IFS;0.00;IFS;;
lyon;AROMEIFS;2026-10-12T15:00;IFS;3.50;14.80;141.0;17.4;0.00;24.0;IFS;13.7;995.5;IFS;0.00;IFS;;
lyon;AROMEIFS;2026-10-12T16:00;IFS;3.00;15.50;142.0;17.5;0.00;26.0;IFS;13.8;995.7;IFS;0.00;IFS;;
lyon;AROMEIFS;2026-10-12T17:00;IFS;2.60;16.20;141.0;17.5;0.00;30.0;IFS;13.8;995.9;IFS;0.00;IFS;;
lyon;AROMEIFS;2026-10-12T18:00;IFS;1.90;16.60;139.0;17.3;0.00;35.0;IFS;13.8;996.0;IFS;0.00;IFS;;
lyon;AROMEIFS;2026-10-12T19:00;IFS;1.40;16.60;130.0;17.1;0.00;41.0;IFS;13.8;996.2;IFS;0.00;IFS;;
lyon;AROMEIFS;2026-10-12T20:00;IFS;0.90;16.20;127.0;16.8;0.00;44.0;IFS;13.7;996.3;IFS;0.00;IFS;;
lyon;AROMEIFS;2026-10-12T21:00;IFS;0.40;14.80;90.0;16.4;0.00;46.0;IFS;13.5;996.6;IFS;0.00;IFS;;
lyon;AROMEIFS;2026-10-12T22:00;IFS;0.60;13.00;342.0;15.7;0.00;48.0;IFS;13.3;996.8;IFS;0.00;IFS;;
lyon;AROMEIFS;2026-10-12T23:00;IFS;1.30;10.40;326.0;15.0;0.00;49.0;IFS;13.0;997.1;IFS;0.00;IFS;;
meribel;AROMEIFS;2026-10-03T00:00;AROMEHD;3.20;4.70;90.0;6.4;0.00;23.8;AROMEHD;5.4;830.9;ARPEGE;0.00;ARPEGE;3610;ICON
meribel;AROMEIFS;2026-10-03T01:00;AROMEHD;3.80;6.10;107.0;5.4;0.00;16.8;AROMEHD;3.8;830.8;ARPEGE;0.00;ARPEGE;3560;ICON
meribel;AROMEIFS;2026-10-03T02:00;AROMEHD;6.20;9.00;144.0;6.7;0.00;45.0;AROMEHD;5.3;831.0;ARPEGE;0.00;ARPEGE;3560;ICON
meribel;AROMEIFS;2026-10-03T03:00;AROMEHD;3.20;12.60;117.0;5.2;0.00;25.0;AROMEHD;3.2;830.5;ARPEGE;0.00;ARPEGE;3550;ICON
meribel;AROMEIFS;2026-10-03T04:00;AROMEHD;4.40;8.60;145.0;4.8;0.00;25.0;AROMEHD;3.5;830.0;ARPEGE;0.00;ARPEGE;3520;ICON
meribel;AROMEIFS;2026-10-03T05:00;AROMEHD;4.60;10.10;135.0;6.8;0.00;81.0;AROMEHD;6.2;829.4;ARPEGE;0.00;ARPEGE;3480;ICON
meribel;AROMEIFS;2026-10-03T06:00;AROMEHD;4.90;8.60;144.0;6.4;0.00;81.0;AROMEHD;5.8;829.1;ARPEGE;0.00;ARPEGE;3460;ICON
meribel;AROMEIFS;2026-10-03T07:00;AROMEHD;3.10;9.00;111.0;5.7;0.00;41.0;AROMEHD;4.5;828.8;ARPEGE;0.00;ARPEGE;3440;ICON
meribel;AROMEIFS;2026-10-03T08:00;AROMEHD;3.30;6.10;103.0;6.9;0.00;25.0;AROMEHD;5.8;829.4;ARPEGE;0.00;ARPEGE;3420;ICON
meribel;AROMEIFS;2026-10-03T09:00;AROMEHD;2.50;5.40;135.0;6.8;0.00;25.0;AROMEHD;5.5;830.2;ARPEGE;0.00;ARPEGE;3410;ICON
meribel;AROMEIFS;2026-10-03T10:00;AROMEHD;2.80;5.80;130.0;7.6;0.00;25.0;AROMEHD;6.2;831.6;ARPEGE;0.00;ARPEGE;3430;ICON
meribel;AROMEIFS;2026-10-03T11:00;AROMEHD;1.90;4.70;292.0;10.1;0.00;25.0;AROMEHD;8.2;832.4;ARPEGE;0.00;ARPEGE;3470;ICON
meribel;AROMEIFS;2026-10-03T12:00;AROMEHD;4.80;12.20;297.0;10.3;0.00;73.0;AROMEHD;9.4;832.8;ARPEGE;0.00;ARPEGE;3480;ICON
meribel;AROMEIFS;2026-10-03T13:00;AROMEHD;4.50;11.90;299.0;10.5;0.00;33.0;AROMEHD;8.8;833.0;ARPEGE;0.00;ARPEGE;3510;ICON
meribel;AROMEIFS;2026-10-03T14:00;AROMEHD;7.10;14.00;311.0;11.7;0.00;92.0;AROMEHD;8.3;833.5;ARPEGE;0.00;ARPEGE;3490;ICON
meribel;AROMEIFS;2026-10-03T15:00;AROMEHD;5.20;17.30;282.0;11.3;0.00;100.0;AROMEHD;8.5;833.3;ARPEGE;0.00;ARPEGE;3580;ICON
meribel;AROMEIFS;2026-10-03T16:00;AROMEHD;7.70;18.00;307.0;11.3;0.00;64.0;AROMEHD;8.6;833.0;ARPEGE;0.00;ARPEGE;3560;ICON
meribel;AROMEIFS;2026-10-03T17:00;AROMEHD;3.10;17.60;291.0;11.0;0.30;99.0;AROMEHD;9.4;832.9;ARPEGE;0.00;ARPEGE;3530;ICON
meribel;AROMEIFS;2026-10-03T18:00;AROMEHD;2.30;10.40;321.0;9.9;0.00;87.0;AROMEHD;9.3;832.5;ARPEGE;0.00;ARPEGE;3560;ICON
meribel;AROMEIFS;2026-10-03T19:00;AROMEHD;1.80;5.80;101.0;8.9;2.00;100.0;AROMEHD;8.7;832.1;ARPEGE;0.00;ARPEGE;3560;ICON
meribel;AROMEIFS;2026-10-03T20:00;AROMEHD;4.10;7.90;142.0;8.0;2.40;69.0;AROMEHD;6.9;831.6;ARPEGE;0.00;ARPEGE;3520;ICON
meribel;AROMEIFS;2026-10-03T21:00;AROMEHD;2.90;7.90;120.0;6.6;0.00;27.0;AROMEHD;4.9;831.1;ARPEGE;0.00;ARPEGE;3540;ICON
meribel;AROMEIFS;2026-10-03T22:00;AROMEHD;4.10;6.10;105.0;5.2;0.00;25.0;AROMEHD;4.0;831.0;ARPEGE;0.00;ARPEGE;3510;ICON
meribel;AROMEIFS;2026-10-03T23:00;AROMEHD;5.00;7.60;111.0;4.8;0.00;24.5;AROMEHD;3.7;830.5;ARPEGE;0.00;ARPEGE;3500;ICON
meribel;AROMEIFS;2026-10-04T00:00;AROMEHD;3.00;7.90;104.0;4.7;0.00;15.2;AROMEHD;3.5;830.2;ARPEGE;0.00;ARPEGE;3540;ICON
meribel;AROMEIFS;2026-10-04T01:00;AROMEHD;4.40;6.10;99.0;4.7;0.00;0.5;AROMEHD;2.8;829.6;ARPEGE;0.00;ARPEGE;3530;ICON
meribel;AROMEIFS;2026-10-04T02:00;AROMEHD;4.70;6.80;113.0;4.7;0.00;0.0;AROMEHD;2.3;829.0;ARPEGE;0.00;ARPEGE;3530;ICON
meribel;AROMEIFS;2026-10-04T03:00;AROMEHD;4.80;7.90;117.0;4.7;0.00;0.0;AROMEHD;2.7;828.6;ARPEGE;0.00;ARPEGE;3500;ICON
meribel;AROMEIFS;2026-10-04T04:00;AROMEHD;4.80;7.90;117.0;4.7;0.00;0.0;AROMEHD;2.4;828.1;ARPEGE;0.00;ARPEGE;3450;ICON
meribel;AROMEIFS;2026-10-04T05:00;AROMEHD;4.60;7.90;108.0;4.7;0.00;11.0;AROMEHD;2.2;828.2;ARPEGE;0.00;ARPEGE;3460;ICON
meribel;AROMEIFS;2026-10-04T06:00;AROMEHD;4.60;7.20;108.0;4.6;0.00;25.0;AROMEHD;2.0;828.0;ARPEGE;0.00;ARPEGE;3440;ICON
meribel;AROMEIFS;2026-10-04T07:00;AROMEHD;5.20;7.20;115.0;4.5;0.00;25.0;AROMEHD;1.7;828.1;ARPEGE;0.00;ARPEGE;3380;ICON
meribel;AROMEIFS;2026-10-04T08:00;AROMEHD;4.80;8.60;117.0;4.9;0.00;25.0;AROMEHD;1.9;828.2;ARPEGE;0.00;ARPEGE;3390;ICON
meribel;AROMEIFS;2026-10-04T09:00;AROMEHD;4.60;8.30;108.0;5.4;0.00;24.8;AROMEHD;2.2;829.3;ARPEGE;0.00;ARPEGE;3400;ICON
meribel;AROMEIFS;2026-10-04T10:00;AROMEHD;3.30;6.50;103.0;6.1;0.00;25.0;AROMEHD;3.1;831.0;ARPEGE;0.00;ARPEGE;3430;ICON
meribel;AROMEIFS;2026-10-04T11:00;AROMEHD;1.30;5.00;56.0;8.8;0.00;9.2;AROMEHD;5.7;832.0;ARPEGE;0.00;ARPEGE;3480;ICON
meribel;AROMEIFS;2026-10-04T12:00;AROMEHD;2.90;7.90;300.0;10.4;0.00;20.8;AROMEHD;6.2;832.4;ARPEGE;0.00;ARPEGE;3520;ICON
meribel;AROMEIFS;2026-10-04T13:00;AROMEHD;4.70;11.90;302.0;10.9;0.00;24.8;AROMEHD;7.4;832.5;ARPEGE;0.00;ARPEGE;3550;ICON
meribel;AROMEIFS;2026-10-04T14:00;AROMEHD;6.20;15.50;306.0;11.1;0.00;24.8;AROMEHD;7.0;832.5;ARPEGE;0.00;ARPEGE;3550;ICON
meribel;AROMEIFS;2026-10-04T15:00;AROMEHD;6.10;15.50;298.0;11.4;0.00;25.0;AROMEHD;6.5;832.2;ARPEGE;0.00;ARPEGE;3540;ICON
meribel;AROMEIFS;2026-10-04T16:00;AROMEHD;4.30;14.80;270.0;11.1;0.00;100.0;AROMEHD;6.4;832.0;ARPEGE;0.00;ARPEGE;3550;ICON
meribel;AROMEIFS;2026-10-04T17:00;AROMEHD;5.60;13.70;310.0;11.2;0.00;72.0;AROMEHD;7.5;831.6;ARPEGE;0.00;ARPEGE;3540;ICON
meribel;AROMEIFS;2026-10-04T18:00;AROMEHD;3.90;13.70;292.0;10.5;0.00;65.0;AROMEHD;7.7;831.4;ARPEGE;0.00;ARPEGE;3470;ICON
meribel;AROMEIFS;2026-10-04T19:00;AROMEHD;0.40;9.40;180.0;9.3;0.00;25.0;AROMEHD;7.6;831.1;ARPEGE;0.00;ARPEGE;3430;ICON
meribel;AROMEIFS;2026-10-04T20:00;AROMEHD;2.90;4.70;83.0;7.1;0.00;25.0;AROMEHD;6.0;831.0;ARPEGE;0.00;ARPEGE;3430;ICON
meribel;AROMEIFS;2026-10-04T21:00;AROMEHD;4.00;6.50;117.0;6.1;0.00;25.0;AROMEHD;4.7;830.5;ARPEGE;0.00;ARPEGE;3520;ICON
meribel;AROMEIFS;2026-10-04T22:00;AROMEHD;3.70;6.10;101.0;5.5;0.00;25.0;AROMEHD;4.1;830.1;ARPEGE;0.00;ARPEGE;3480;ICON
meribel;AROMEIFS;2026-10-04T23:00;AROMEHD;4.70;7.60;113.0;5.2;0.00;25.0;AROMEHD;3.6;829.8;ARPEGE;0.00;ARPEGE;3490;ICON
meribel;AROMEIFS;2026-10-05T00:00;AROMEHD;4.20;7.60;110.0;5.1;0.00;25.0;AROMEHD;3.3;829.6;ARPEGE;0.00;ARPEGE;3500;ICON
meribel;AROMEIFS;2026-10-05T01:00;AROMEHD;4.60;7.90;108.0;5.2;0.00;25.0;AROMEHD;3.2;829.2;ARPEGE;0.00;ARPEGE;3540;ICON
meribel;AROMEIFS;2026-10-05T02:00;AROMEHD;4.60;7.20;108.0;5.1;0.00;25.0;AROMEHD;2.9;829.1;ARPEGE;0.00;ARPEGE;3520;ICON
meribel;AROMEIFS;2026-10-05T03:00;AROMEHD;3.00;9.00;104.0;5.2;0.00;24.0;AROMEHD;2.7;828.4;ARPEGE;0.00;ARPEGE;3560;ICON
meribel;AROMEIFS;2026-10-05T04:00;AROMEHD;3.70;6.10;101.0;4.7;0.00;0.0;AROMEHD;2.5;827.9;ARPEGE;0.00;ARPEGE;3630;ICON
meribel;AROMEIFS;2026-10-05T05:00;AROMEHD;4.60;6.80;108.0;4.5;0.00;0.0;AROMEHD;2.5;827.1;ARPEGE;0.00;ARPEGE;3570;ICON
meribel;AROMEIFS;2026-10-05T06:00;AROMEHD;4.40;7.60;99.0;4.6;0.00;0.0;AROMEHD;2.4;826.8;ARPEGE;0.00;ARPEGE;3580;ICON
meribel;AROMEIFS;2026-10-05T07:00;AROMEHD;4.70;7.60;99.0;4.4;0.00;0.0;AROMEHD;2.3;826.4;ARPEGE;0.00;ARPEGE;3550;ICON
meribel;AROMEIFS;2026-10-05T08:00;AROMEHD;4.70;6.50;99.0;4.4;0.00;0.0;AROMEHD;1.9;826.4;ARPEGE;0.00;ARPEGE;3520;ICON
meribel;AROMEIFS;2026-10-05T09:00;AROMEHD;4.00;6.50;95.0;4.8;0.00;0.0;AROMEHD;2.4;827.3;ARPEGE;0.00;ARPEGE;3570;ICON
meribel;AROMEIFS;2026-10-05T10:00;AROMEHD;3.20;5.40;90.0;5.5;0.00;0.0;AROMEHD;3.1;829.1;ARPEGE;0.00;ARPEGE;3570;ICON
meribel;AROMEIFS;2026-10-05T11:00;AROMEHD;1.90;4.30;112.0;8.3;0.00;0.0;AROMEHD;5.6;830.2;ARPEGE;0.00;ARPEGE;3590;ICON
meribel;AROMEIFS;2026-10-05T12:00;AROMEHD;1.90;6.10;292.0;10.3;0.00;0.0;AROMEHD;5.5;830.7;ARPEGE;0.00;ARPEGE;3670;ICON
meribel;AROMEIFS;2026-10-05T13:00;AROMEHD;3.70;10.40;281.0;11.2;0.00;6.2;AROMEHD;6.1;830.7;ARPEGE;0.00;ARPEGE;3690;ICON
meribel;AROMEIFS;2026-10-05T14:00;AROMEHD;5.20;13.00;286.0;11.9;0.00;25.0;AROMEHD;6.1;830.5;ARPEGE;0.00;ARPEGE;3680;ICON
meribel;AROMEIFS;2026-10-05T15:00;AROMEHD;6.00;14.00;295.0;12.0;0.00;25.0;AROMEHD;6.9;830.1;ARPEGE;0.00;ARPEGE;3650;ICON
meribel;AROMEIFS;2026-10-05T16:00;AROMEHD;5.80;15.10;292.0;11.8;0.00;25.0;AROMEHD;6.9;829.7;ARPEGE;0.00;ARPEGE;3640;ICON
meribel;AROMEIFS;2026-10-05T17:00;AROMEHD;4.90;14.00;287.0;11.6;0.00;25.0;AROMEHD;6.1;829.2;ARPEGE;0.00;ARPEGE;3650;ICON
meribel;AROMEIFS;2026-10-05T18:00;AROMEHD;3.70;12.20;281.0;11.0;0.00;25.0;AROMEHD;6.7;828.8;ARPEGE;0.00;ARPEGE;3708;ICON
meribel;AROMEIFS;2026-10-05T19:00;AROMEHD;0.00;9.00;270.0;9.7;0.00;10.5;AROMEHD;6.5;828.3;ARPEGE;0.00;ARPEGE;3730;ICON
meribel;AROMEIFS;2026-10-05T20:00;AROMEHD;3.00;5.00;104.0;7.1;0.00;1.0;AROMEHD;5.2;827.4;ARPEGE;0.00;ARPEGE;3752;ICON
meribel;AROMEIFS;2026-10-05T21:00;ARPEGE;2.30;2.20;129.0;9.3;0.00;53.0;ARPEGE;7.2;826.5;ARPEGE;0.00;ARPEGE;3810;ICON
meribel;AROMEIFS;2026-10-05T22:00;ARPEGE;4.10;4.30;135.0;8.5;0.00;41.0;ARPEGE;5.2;826.1;ARPEGE;0.00;ARPEGE;3850;ICON
meribel;AROMEIFS;2026-10-05T23:00;ARPEGE;5.40;5.40;132.0;7.9;0.00;36.0;ARPEGE;1.9;825.5;ARPEGE;0.00;ARPEGE;3870;ICON
meribel;AROMEIFS;2026-10-06T00:00;ARPEGE;5.90;6.10;137.0;7.5;0.00;37.0;ARPEGE;-1.3;825.2;ARPEGE;0.00;ARPEGE;3850;ICON
meribel;AROMEIFS;2026-10-06T01:00;ARPEGE;6.60;6.80;135.0;7.1;0.00;36.0;ARPEGE;-1.8;824.6;ARPEGE;0.00;ARPEGE;3830;ICON
meribel;AROMEIFS;2026-10-06T02:00;ARPEGE;6.40;7.20;137.0;6.9;0.00;29.0;ARPEGE;-1.8;824.2;ARPEGE;0.00;ARPEGE;3760;ICON
meribel;AROMEIFS;2026-10-06T03:00;ARPEGE;6.60;6.80;139.0;6.6;0.00;27.0;ARPEGE;-1.6;823.8;ARPEGE;0.00;ARPEGE;3760;ICON
meribel;AROMEIFS;2026-10-06T04:00;ARPEGE;6.40;6.80;137.0;6.4;0.00;38.0;ARPEGE;-1.3;823.4;ARPEGE;0.00;ARPEGE;3780;ICON
meribel;AROMEIFS;2026-10-06T05:00;ARPEGE;6.40;6.50;137.0;6.1;0.00;42.0;ARPEGE;-1.3;823.0;ARPEGE;0.00;ARPEGE;3780;ICON
meribel;AROMEIFS;2026-10-06T06:00;ARPEGE;5.90;6.50;137.0;6.0;0.00;39.0;ARPEGE;-1.5;822.6;ARPEGE;0.00;ARPEGE;3770;ICON
meribel;AROMEIFS;2026-10-06T07:00;ARPEGE;6.10;6.50;135.0;5.8;0.00;32.0;ARPEGE;-1.4;822.3;ARPEGE;0.00;ARPEGE;3750;ICON
meribel;AROMEIFS;2026-10-06T08:00;ARPEGE;6.10;6.50;135.0;5.6;0.00;24.0;ARPEGE;-1.3;822.3;ARPEGE;0.00;ARPEGE;3740;ICON
meribel;AROMEIFS;2026-10-06T09:00;ARPEGE;5.40;6.50;132.0;6.8;0.00;18.0;ARPEGE;-0.7;823.1;ARPEGE;0.00;ARPEGE;3780;ICON
meribel;AROMEIFS;2026-10-06T10:00;ARPEGE;2.60;5.40;124.0;9.7;0.00;17.0;ARPEGE;0.8;824.8;ARPEGE;0.00;ARPEGE;3790;ICON
meribel;AROMEIFS;2026-10-06T11:00;ARPEGE;2.60;7.90;326.0;12.0;0.00;17.0;ARPEGE;0.7;826.1;ARPEGE;0.00;ARPEGE;3760;ICON
meribel;AROMEIFS;2026-10-06T12:00;ARPEGE;4.70;13.70;328.0;13.7;0.00;18.0;ARPEGE;2.0;826.7;ARPEGE;0.00;ARPEGE;3720;ICON
meribel;AROMEIFS;2026-10-06T13:00;ARPEGE;6.00;17.30;327.0;14.9;0.00;18.0;ARPEGE;3.3;826.9;ARPEGE;0.00;ARPEGE;3680;ICON
meribel;AROMEIFS;2026-10-06T14:00;ARPEGE;6.30;19.40;329.0;15.5;0.00;19.0;ARPEGE;3.2;826.7;ARPEGE;0.00;ARPEGE;3630;ICON
meribel;AROMEIFS;2026-10-06T15:00;ARPEGE;6.40;19.80;322.0;15.6;0.00;16.0;ARPEGE;3.3;826.1;ARPEGE;0.00;ARPEGE;3580;ICON
meribel;AROMEIFS;2026-10-06T16:00;ARPEGE;6.00;19.40;327.0;15.5;0.00;17.0;ARPEGE;4.5;825.8;ARPEGE;0.00;ARPEGE;3570;ICON
meribel;AROMEIFS;2026-10-06T17:00;ARPEGE;6.00;18.70;327.0;14.9;0.00;15.0;ARPEGE;5.1;825.4;ARPEGE;0.00;ARPEGE;3570;ICON
meribel;AROMEIFS;2026-10-06T18:00;ARPEGE;4.40;17.60;325.0;13.8;0.00;22.0;ARPEGE;4.9;825.0;ARPEGE;0.00;ARPEGE;3560;ICON
meribel;AROMEIFS;2026-10-06T19:00;ARPEGE;2.60;13.30;326.0;12.5;0.00;30.0;ARPEGE;4.7;824.5;ARPEGE;0.00;ARPEGE;3550;ICON
meribel;AROMEIFS;2026-10-06T20:00;ARPEGE;0.80;7.20;117.0;10.9;0.00;41.0;ARPEGE;4.4;823.8;ARPEGE;0.00;ARPEGE;3550;ICON
meribel;AROMEIFS;2026-10-06T21:00;ARPEGE;2.50;2.90;135.0;9.8;0.00;49.0;ARPEGE;4.5;822.9;ARPEGE;0.00;ARPEGE;3560;ICON
meribel;AROMEIFS;2026-10-06T22:00;ARPEGE;3.30;4.30;139.0;9.1;0.00;51.0;ARPEGE;4.7;822.6;ARPEGE;0.00;ARPEGE;3580;ICON
meribel;AROMEIFS;2026-10-06T23:00;ARPEGE;3.80;4.30;131.0;8.8;0.00;65.0;ARPEGE;4.9;822.1;ARPEGE;0.00;ARPEGE;3590;ICON
meribel;AROMEIFS;2026-10-07T00:00;IFS;6.50;16.60;141.0;4.9;0.00;80.0;IFS;3.0;791.9;IFS;0.00;IFS;3550;ICON
meribel;AROMEIFS;2026-10-07T01:00;IFS;8.00;20.20;138.0;4.2;0.00;71.0;IFS;2.8;791.2;IFS;0.00;IFS;3520;ICON
meribel;AROMEIFS;2026-10-07T02:00;IFS;8.60;20.20;139.0;3.5;0.00;70.0;IFS;2.5;790.2;IFS;0.00;IFS;3480;ICON
meribel;AROMEIFS;2026-10-07T03:00;IFS;8.70;20.50;137.0;3.2;0.00;83.0;IFS;2.1;789.7;IFS;0.00;IFS;3450;ICON
meribel;AROMEIFS;2026-10-07T04:00;IFS;8.80;21.20;136.0;2.9;0.00;80.0;IFS;1.9;788.9;IFS;0.00;IFS;3410;ICON
meribel;AROMEIFS;2026-10-07T05:00;IFS;8.30;21.20;136.0;2.9;0.00;84.0;IFS;1.7;788.4;IFS;0.00;IFS;3380;ICON
meribel;AROMEIFS;2026-10-07T06:00;IFS;8.80;21.20;133.0;2.5;0.00;98.0;IFS;1.4;787.8;IFS;0.00;IFS;3370;ICON
meribel;AROMEIFS;2026-10-07T07:00;IFS;8.40;21.20;133.0;2.5;0.00;98.0;IFS;1.3;787.6;IFS;0.00;IFS;3370;ICON
meribel;AROMEIFS;2026-10-07T08:00;IFS;8.70;22.00;137.0;3.2;0.00;100.0;IFS;1.6;787.8;IFS;0.00;IFS;3360;ICON
meribel;AROMEIFS;2026-10-07T09:00;IFS;8.30;22.30;136.0;4.1;0.30;100.0;IFS;2.7;788.5;IFS;0.00;IFS;3330;ICON
meribel;AROMEIFS;2026-10-07T10:00;IFS;7.60;22.30;135.0;5.3;0.30;100.0;IFS;4.1;789.7;IFS;0.00;IFS;3310;ICON
meribel;AROMEIFS;2026-10-07T11:00;IFS;7.50;23.40;134.0;6.3;0.30;100.0;IFS;5.1;790.4;IFS;0.00;IFS;3280;ICON
meribel;AROMEIFS;2026-10-07T12:00;IFS;8.10;25.60;135.0;7.1;0.10;100.0;IFS;5.2;790.5;IFS;0.00;IFS;3290;ICON
meribel;AROMEIFS;2026-10-07T13:00;IFS;9.30;28.40;137.0;7.7;0.10;99.0;IFS;4.8;790.4;IFS;0.00;IFS;3300;ICON
meribel;AROMEIFS;2026-10-07T14:00;IFS;10.10;30.60;139.0;8.1;0.10;99.0;IFS;4.5;790.1;IFS;0.00;IFS;3310;ICON
meribel;AROMEIFS;2026-10-07T15:00;IFS;10.50;31.30;139.0;8.4;0.20;100.0;IFS;4.4;789.9;IFS;0.00;IFS;3310;ICON
meribel;AROMEIFS;2026-10-07T16:00;IFS;10.60;31.30;140.0;8.5;0.20;100.0;IFS;4.3;789.6;IFS;0.00;IFS;3310;ICON
meribel;AROMEIFS;2026-10-07T17:00;IFS;10.20;31.00;141.0;8.3;0.20;100.0;IFS;4.4;789.3;IFS;0.00;IFS;3310;ICON
meribel;AROMEIFS;2026-10-07T18:00;IFS;8.70;30.20;142.0;7.8;0.30;82.0;IFS;4.7;788.9;IFS;0.00;IFS;3300;ICON
meribel;AROMEIFS;2026-10-07T19:00;IFS;6.70;29.50;142.0;6.9;0.30;57.0;IFS;5.0;788.4;IFS;0.00;IFS;3300;ICON
meribel;AROMEIFS;2026-10-07T20:00;IFS;5.10;27.70;144.0;6.1;0.30;41.0;IFS;5.1;787.8;IFS;0.00;IFS;3290;ICON
meribel;AROMEIFS;2026-10-07T21:00;IFS;5.00;24.50;145.0;5.4;0.10;43.0;IFS;4.7;787.2;IFS;0.00;IFS;3270;ICON
meribel;AROMEIFS;2026-10-07T22:00;IFS;5.70;20.20;145.0;4.8;0.10;53.0;IFS;4.0;786.6;IFS;0.00;IFS;3250;ICON
meribel;AROMEIFS;2026-10-07T23:00;IFS;6.00;17.30;147.0;4.3;0.10;64.0;IFS;3.4;785.9;IFS;0.00;IFS;3230;ICON
meribel;AROMEIFS;2026-10-08T00:00;IFS;5.60;16.90;149.0;3.8;0.00;72.0;IFS;3.1;785.2;IFS;0.00;IFS;3190;ICON
meribel;AROMEIFS;2026-10-08T01:00;IFS;5.10;18.00;153.0;3.5;0.00;80.0;IFS;2.9;784.7;IFS;0.00;IFS;3140;ICON
meribel;AROMEIFS;2026-10-08T02:00;IFS;4.60;18.40;154.0;3.4;0.00;87.0;IFS;2.9;784.4;IFS;0.00;IFS;3100;ICON
meribel;AROMEIFS;2026-10-08T03:00;IFS;4.70;17.30;152.0;3.7;1.00;92.0;IFS;3.2;784.5;IFS;0.00;IFS;3110;ICON
meribel;AROMEIFS;2026-10-08T04:00;IFS;4.90;15.50;152.0;4.1;1.00;96.0;IFS;3.7;784.8;IFS;0.00;IFS;3110;ICON
meribel;AROMEIFS;2026-10-08T05:00;IFS;4.80;14.40;155.0;4.5;1.00;99.0;IFS;4.1;785.0;IFS;0.00;IFS;3120;ICON
meribel;AROMEIFS;2026-10-08T06:00;IFS;4.00;13.30;172.0;4.7;0.60;100.0;IFS;4.3;784.9;IFS;0.00;IFS;3100;ICON
meribel;AROMEIFS;2026-10-08T07:00;IFS;3.80;13.00;205.0;4.7;0.60;100.0;IFS;4.3;784.7;IFS;0.00;IFS;3090;ICON
meribel;AROMEIFS;2026-10-08T08:00;IFS;4.40;14.00;232.0;4.6;0.60;100.0;IFS;4.2;784.7;IFS;0.00;IFS;3070;ICON
meribel;AROMEIFS;2026-10-08T09:00;IFS;5.10;18.70;252.0;4.1;3.30;100.0;IFS;3.8;784.9;IFS;0.63;IFS;3060;ICON
meribel;AROMEIFS;2026-10-08T10:00;IFS;6.00;25.20;267.0;3.3;3.30;100.0;IFS;3.2;785.4;IFS;0.63;IFS;3060;ICON
meribel;AROMEIFS;2026-10-08T11:00;IFS;6.70;29.90;275.0;2.6;3.30;100.0;IFS;2.5;785.8;IFS;0.63;IFS;3050;ICON
meribel;AROMEIFS;2026-10-08T12:00;IFS;6.70;31.30;278.0;2.0;0.90;92.0;IFS;1.7;786.3;IFS;0.35;IFS;2975;ICON
meribel;AROMEIFS;2026-10-08T13:00;IFS;6.60;31.30;281.0;1.5;0.90;82.0;IFS;0.7;786.7;IFS;0.35;IFS;2915;ICON
meribel;AROMEIFS;2026-10-08T14:00;IFS;6.90;31.70;284.0;0.9;0.90;77.0;IFS;-0.2;786.8;IFS;0.35;IFS;2858;ICON
meribel;AROMEIFS;2026-10-08T15:00;IFS;8.70;33.80;288.0;0.2;1.00;82.0;IFS;-0.9;786.5;IFS;0.70;IFS;2720;ICON
meribel;AROMEIFS;2026-10-08T16:00;IFS;11.00;36.40;291.0;-0.5;1.00;92.0;IFS;-1.6;786.0;IFS;0.70;IFS;2570;ICON
meribel;AROMEIFS;2026-10-08T17:00;IFS;12.50;38.50;293.0;-1.2;1.00;100.0;IFS;-2.3;785.5;IFS;0.70;IFS;2410;ICON
meribel;AROMEIFS;2026-10-08T18:00;IFS;12.50;40.00;295.0;-1.9;1.30;100.0;IFS;-2.9;785.5;IFS;0.91;IFS;2360;ICON
meribel;AROMEIFS;2026-10-08T19:00;IFS;11.50;40.70;297.0;-2.7;1.30;100.0;IFS;-3.4;785.6;IFS;0.91;IFS;2310;ICON
meribel;AROMEIFS;2026-10-08T20:00;IFS;10.40;41.00;300.0;-3.3;1.30;100.0;IFS;-3.8;785.7;IFS;0.91;IFS;2260;ICON
meribel;AROMEIFS;2026-10-08T21:00;IFS;9.00;40.30;305.0;-3.7;0.70;100.0;IFS;-4.2;785.7;IFS;0.49;IFS;2220;ICON
meribel;AROMEIFS;2026-10-08T22:00;IFS;7.40;39.20;313.0;-4.0;0.70;100.0;IFS;-4.5;785.8;IFS;0.49;IFS;2170;ICON
meribel;AROMEIFS;2026-10-08T23:00;IFS;6.20;37.10;319.0;-4.2;0.70;100.0;IFS;-4.8;785.9;IFS;0.49;IFS;2130;ICON
meribel;AROMEIFS;2026-10-09T00:00;IFS;5.70;33.80;316.0;-4.5;0.50;100.0;IFS;-5.0;786.2;IFS;0.35;IFS;2110;ICON
meribel;AROMEIFS;2026-10-09T01:00;IFS;5.60;30.20;310.0;-4.7;0.50;100.0;IFS;-5.2;786.6;IFS;0.35;IFS;2080;ICON
meribel;AROMEIFS;2026-10-09T02:00;IFS;5.60;27.40;303.0;-4.9;0.50;100.0;IFS;-5.3;786.9;IFS;0.35;IFS;2060;ICON
meribel;AROMEIFS;2026-10-09T03:00;IFS;5.20;25.90;299.0;-4.9;0.50;100.0;IFS;-5.3;787.1;IFS;0.28;IFS;2050;ICON
meribel;AROMEIFS;2026-10-09T04:00;IFS;4.50;24.80;299.0;-4.8;0.50;100.0;IFS;-5.2;787.2;IFS;0.28;IFS;2030;ICON
meribel;AROMEIFS;2026-10-09T05:00;IFS;4.20;24.50;295.0;-4.7;0.50;100.0;IFS;-5.1;787.3;IFS;0.28;IFS;2020;ICON
meribel;AROMEIFS;2026-10-09T06:00;IFS;4.00;24.10;291.0;-4.7;0.60;100.0;IFS;-5.1;787.3;IFS;0.35;IFS;2020;ICON
meribel;AROMEIFS;2026-10-09T07:00;IFS;4.20;24.10;288.0;-4.8;0.60;100.0;IFS;-5.2;787.4;IFS;0.35;IFS;2010;ICON
meribel;AROMEIFS;2026-10-09T08:00;IFS;4.60;24.10;288.0;-4.7;0.60;100.0;IFS;-5.1;787.6;IFS;0.35;IFS;2010;ICON
meribel;AROMEIFS;2026-10-09T09:00;IFS;5.60;24.50;297.0;-4.3;0.20;99.0;IFS;-4.8;788.2;IFS;0.14;IFS;2050;ICON
meribel;AROMEIFS;2026-10-09T10:00;IFS;7.00;25.20;305.0;-3.8;0.20;98.0;IFS;-4.4;789.0;IFS;0.14;IFS;2080;ICON
meribel;AROMEIFS;2026-10-09T11:00;IFS;7.80;25.90;308.0;-3.3;0.20;97.0;IFS;-4.2;789.6;IFS;0.14;IFS;2120;ICON
meribel;AROMEIFS;2026-10-09T12:00;IFS;5.80;25.90;309.0;-2.7;0.00;99.0;IFS;-4.9;789.6;IFS;0.00;IFS;2150;ICON
meribel;AROMEIFS;2026-10-09T13:00;IFS;5.90;26.30;313.0;-2.3;0.00;98.0;IFS;-4.9;789.9;IFS;0.00;IFS;2190;ICON
meribel;AROMEIFS;2026-10-09T14:00;IFS;5.60;26.30;315.0;-2.1;0.00;96.0;IFS;-4.9;790.2;IFS;0.00;IFS;2220;ICON
meribel;AROMEIFS;2026-10-09T15:00;IFS;4.70;25.90;317.0;-2.2;0.00;92.0;IFS;-5.0;790.0;IFS;0.00;IFS;2240;ICON
meribel;AROMEIFS;2026-10-09T16:00;IFS;3.40;24.80;317.0;-2.6;0.00;86.0;IFS;-5.1;789.8;IFS;0.00;IFS;2270;ICON
meribel;AROMEIFS;2026-10-09T17:00;IFS;1.70;23.80;319.0;-3.2;0.00;80.0;IFS;-5.3;789.4;IFS;0.00;IFS;2290;ICON
meribel;AROMEIFS;2026-10-09T18:00;IFS;0.20;22.70;360.0;-3.7;0.00;74.0;IFS;-5.4;789.0;IFS;0.00;IFS;2280;ICON
meribel;AROMEIFS;2026-10-09T19:00;IFS;1.30;21.60;135.0;-4.1;0.00;69.0;IFS;-5.4;788.7;IFS;0.00;IFS;2270;ICON
meribel;AROMEIFS;2026-10-09T20:00;IFS;2.00;20.90;135.0;-4.2;0.00;68.0;IFS;-5.3;788.4;IFS;0.00;IFS;2260;ICON
meribel;AROMEIFS;2026-10-09T21:00;IFS;2.30;20.20;135.0;-3.9;0.30;70.0;IFS;-5.0;788.4;IFS;0.21;IFS;2270;ICON
meribel;AROMEIFS;2026-10-09T22:00;IFS;2.00;19.80;135.0;-3.4;0.30;75.0;IFS;-4.6;788.5;IFS;0.21;IFS;2280;ICON
meribel;AROMEIFS;2026-10-09T23:00;IFS;1.50;19.10;135.0;-2.7;0.30;82.0;IFS;-4.0;788.8;IFS;0.21;IFS;2290;ICON
meribel;AROMEIFS;2026-10-10T00:00;IFS;1.00;18.70;135.0;-2.0;0.30;89.0;IFS;-3.4;788.9;IFS;0.21;IFS;2320;ICON
meribel;AROMEIFS;2026-10-10T01:00;IFS;0.50;18.40;135.0;-1.4;0.30;96.0;IFS;-2.8;789.0;IFS;0.21;IFS;2360;ICON
meribel;AROMEIFS;2026-10-10T02:00;IFS;0.30;18.00;135.0;-0.8;0.30;100.0;IFS;-2.3;789.2;IFS;0.21;IFS;2390;ICON
meribel;AROMEIFS;2026-10-10T03:00;IFS;0.30;17.60;135.0;-0.4;0.50;100.0;IFS;-1.9;789.4;IFS;0.14;IFS;2430;ICON
meribel;AROMEIFS;2026-10-10T04:00;IFS;0.40;17.30;153.0;-0.1;0.50;100.0;IFS;-1.4;789.4;IFS;0.14;IFS;2470;ICON
meribel;AROMEIFS;2026-10-10T05:00;IFS;0.60;16.90;146.0;0.2;0.50;100.0;IFS;-1.0;789.5;IFS;0.14;IFS;2510;ICON
meribel;AROMEIFS;2026-10-10T06:00;IFS;1.00;16.60;158.0;0.5;0.50;100.0;IFS;-0.5;789.5;IFS;0.14;IFS;2490;ICON
meribel;AROMEIFS;2026-10-10T07:00;IFS;1.10;16.20;162.0;0.8;0.50;100.0;IFS;-0.2;789.6;IFS;0.14;IFS;2480;ICON
meribel;AROMEIFS;2026-10-10T08:00;IFS;1.30;15.80;164.0;1.1;0.50;100.0;IFS;0.2;789.8;IFS;0.14;IFS;2460;ICON
meribel;AROMEIFS;2026-10-10T09:00;IFS;1.40;15.10;180.0;1.4;0.20;100.0;IFS;0.5;789.9;IFS;0.00;IFS;2500;ICON
meribel;AROMEIFS;2026-10-10T10:00;IFS;1.50;14.40;194.0;1.7;0.20;100.0;IFS;0.7;790.2;IFS;0.00;IFS;2540;ICON
meribel;AROMEIFS;2026-10-10T11:00;IFS;1.70;13.70;212.0;2.1;0.20;100.0;IFS;0.9;790.5;IFS;0.00;IFS;2580;ICON
meribel;AROMEIFS;2026-10-10T12:00;IFS;2.10;13.00;218.0;2.4;0.20;100.0;IFS;1.1;790.8;IFS;0.00;IFS;2590;ICON
meribel;AROMEIFS;2026-10-10T13:00;IFS;2.30;12.60;225.0;2.7;0.20;100.0;IFS;1.2;790.9;IFS;0.00;IFS;2610;ICON
meribel;AROMEIFS;2026-10-10T14:00;IFS;2.40;12.20;228.0;2.8;0.20;100.0;IFS;1.3;791.0;IFS;0.00;IFS;2620;ICON
meribel;AROMEIFS;2026-10-10T15:00;IFS;2.30;12.20;225.0;2.9;0.30;100.0;IFS;1.5;790.8;IFS;0.00;IFS;2610;ICON
meribel;AROMEIFS;2026-10-10T16:00;IFS;2.20;12.20;215.0;2.8;0.30;100.0;IFS;1.6;790.7;IFS;0.00;IFS;2610;ICON
meribel;AROMEIFS;2026-10-10T17:00;IFS;1.90;12.60;202.0;2.7;0.30;100.0;IFS;1.7;790.3;IFS;0.00;IFS;2600;ICON
meribel;AROMEIFS;2026-10-10T18:00;IFS;2.00;13.00;185.0;2.5;0.30;100.0;IFS;1.7;790.0;IFS;0.00;IFS;2570;ICON
meribel;AROMEIFS;2026-10-10T19:00;IFS;1.80;13.30;174.0;2.4;0.30;100.0;IFS;1.8;789.7;IFS;0.00;IFS;2550;ICON
meribel;AROMEIFS;2026-10-10T20:00;IFS;1.90;13.70;163.0;2.3;0.30;100.0;IFS;1.9;789.5;IFS;0.00;IFS;2520;ICON
meribel;AROMEIFS;2026-10-10T21:00;IFS;1.70;14.00;162.0;2.3;0.50;100.0;IFS;2.0;789.5;IFS;0.00;IFS;2740;ICON
meribel;AROMEIFS;2026-10-10T22:00;IFS;1.40;14.80;157.0;2.3;0.50;100.0;IFS;2.1;789.5;IFS;0.00;IFS;2960;ICON
meribel;AROMEIFS;2026-10-10T23:00;IFS;1.00;15.50;149.0;2.3;0.50;100.0;IFS;2.2;789.6;IFS;0.00;IFS;3180;ICON
meribel;AROMEIFS;2026-10-11T00:00;IFS;0.60;16.20;146.0;2.3;0.50;100.0;IFS;2.2;789.6;IFS;0.00;IFS;3220;ICON
meribel;AROMEIFS;2026-10-11T01:00;IFS;0.30;16.60;135.0;2.2;0.50;100.0;IFS;2.2;789.7;IFS;0.00;IFS;3260;ICON
meribel;AROMEIFS;2026-10-11T02:00;IFS;0.20;16.90;90.0;2.2;0.50;100.0;IFS;2.2;789.7;IFS;0.00;IFS;3300;ICON
meribel;AROMEIFS;2026-10-11T03:00;IFS;0.20;16.90;90.0;2.0;0.00;100.0;IFS;2.0;789.7;IFS;0.00;IFS;;
meribel;AROMEIFS;2026-10-11T04:00;IFS;0.40;16.90;90.0;1.7;0.00;100.0;IFS;1.7;789.5;IFS;0.00;IFS;;
meribel;AROMEIFS;2026-10-11T05:00;IFS;0.60;16.90;108.0;1.4;0.00;100.0;IFS;1.4;789.3;IFS;0.00;IFS;;
meribel;AROMEIFS;2026-10-11T06:00;IFS;0.80;16.90;117.0;1.2;0.00;100.0;IFS;1.1;789.2;IFS;0.00;IFS;;
meribel;AROMEIFS;2026-10-11T07:00;IFS;1.00;16.60;121.0;1.1;0.00;100.0;IFS;0.7;789.1;IFS;0.00;IFS;;
meribel;AROMEIFS;2026-10-11T08:00;IFS;1.00;15.80;121.0;1.3;0.00;100.0;IFS;0.4;789.2;IFS;0.00;IFS;;
meribel;AROMEIFS;2026-10-11T09:00;IFS;0.90;15.10;127.0;2.0;0.00;87.0;IFS;0.0;789.5;IFS;0.00;IFS;;
meribel;AROMEIFS;2026-10-11T10:00;IFS;0.60;14.00;124.0;3.0;0.00;67.0;IFS;-0.4;790.0;IFS;0.00;IFS;;
meribel;AROMEIFS;2026-10-11T11:00;IFS;0.40;12.60;117.0;4.2;0.00;44.0;IFS;-0.7;790.5;IFS;0.00;IFS;;
meribel;AROMEIFS;2026-10-11T12:00;IFS;0.20;11.20;90.0;5.3;0.00;22.0;IFS;-1.1;791.1;IFS;0.00;IFS;;
meribel;AROMEIFS;2026-10-11T13:00;IFS;0.30;10.10;315.0;6.2;0.00;6.0;IFS;-1.4;791.5;IFS;0.00;IFS;;
meribel;AROMEIFS;2026-10-11T14:00;IFS;0.30;9.00;315.0;6.6;0.00;0.0;IFS;-1.6;791.7;IFS;0.00;IFS;;
meribel;AROMEIFS;2026-10-11T15:00;IFS;0.30;8.30;315.0;6.3;0.00;6.0;IFS;-1.7;791.6;IFS;0.00;IFS;;
meribel;AROMEIFS;2026-10-11T16:00;IFS;0.00;7.20;270.0;5.6;0.00;22.0;IFS;-1.6;791.2;IFS;0.00;IFS;;
meribel;AROMEIFS;2026-10-11T17:00;IFS;0.30;6.50;135.0;4.6;0.00;43.0;IFS;-1.6;790.8;IFS;0.00;IFS;;
meribel;AROMEIFS;2026-10-11T18:00;IFS;0.50;5.80;135.0;3.6;0.00;66.0;IFS;-1.5;790.3;IFS;0.00;IFS;;
meribel;AROMEIFS;2026-10-11T19:00;IFS;0.80;5.40;135.0;2.6;0.00;86.0;IFS;-1.4;789.8;IFS;0.00;IFS;;
meribel;AROMEIFS;2026-10-11T20:00;IFS;1.00;5.00;135.0;2.0;0.00;99.0;IFS;-1.5;789.6;IFS;0.00;IFS;;
meribel;AROMEIFS;2026-10-11T21:00;IFS;1.30;5.00;135.0;1.7;0.00;100.0;IFS;-1.6;789.6;IFS;0.00;IFS;;
meribel;AROMEIFS;2026-10-11T22:00;IFS;1.50;5.00;135.0;1.6;0.00;100.0;IFS;-1.8;789.6;IFS;0.00;IFS;;
meribel;AROMEIFS;2026-10-11T23:00;IFS;1.80;5.40;135.0;1.5;0.00;100.0;IFS;-2.0;789.7;IFS;0.00;IFS;;
meribel;AROMEIFS;2026-10-12T00:00;IFS;1.90;5.80;139.0;1.6;0.00;100.0;IFS;-2.3;789.9;IFS;0.00;IFS;;
meribel;AROMEIFS;2026-10-12T01:00;IFS;2.20;6.10;138.0;1.7;0.00;100.0;IFS;-2.5;790.2;IFS;0.00;IFS;;
meribel;AROMEIFS;2026-10-12T02:00;IFS;2.20;6.50;138.0;1.9;0.00;100.0;IFS;-2.7;790.5;IFS;0.00;IFS;;
meribel;AROMEIFS;2026-10-12T03:00;IFS;2.20;6.50;138.0;2.2;0.00;100.0;IFS;-2.9;790.8;IFS;0.00;IFS;;
meribel;AROMEIFS;2026-10-12T04:00;IFS;2.00;6.10;135.0;2.5;0.00;100.0;IFS;-3.1;791.3;IFS;0.00;IFS;;
meribel;AROMEIFS;2026-10-12T05:00;IFS;1.90;6.10;139.0;3.0;0.00;100.0;IFS;-3.4;791.8;IFS;0.00;IFS;;
meribel;AROMEIFS;2026-10-12T06:00;IFS;1.50;5.80;135.0;3.5;0.00;100.0;IFS;-3.5;792.4;IFS;0.00;IFS;;
meribel;AROMEIFS;2026-10-12T07:00;IFS;1.30;6.10;135.0;4.0;0.00;100.0;IFS;-3.4;792.9;IFS;0.00;IFS;;
meribel;AROMEIFS;2026-10-12T08:00;IFS;0.60;6.80;124.0;4.6;0.00;100.0;IFS;-3.0;793.6;IFS;0.00;IFS;;
meribel;AROMEIFS;2026-10-12T09:00;IFS;0.40;8.30;360.0;5.3;0.00;100.0;IFS;-2.2;794.3;IFS;0.00;IFS;;
meribel;AROMEIFS;2026-10-12T10:00;IFS;1.90;10.80;331.0;6.3;0.00;100.0;IFS;-0.9;795.2;IFS;0.00;IFS;;
meribel;AROMEIFS;2026-10-12T11:00;IFS;3.40;13.30;328.0;7.3;0.00;100.0;IFS;0.6;796.1;IFS;0.00;IFS;;
meribel;AROMEIFS;2026-10-12T12:00;IFS;4.80;15.80;326.0;8.2;0.00;100.0;IFS;2.0;796.9;IFS;0.00;IFS;;
meribel;AROMEIFS;2026-10-12T13:00;IFS;5.70;18.40;325.0;8.9;0.00;100.0;IFS;3.2;797.5;IFS;0.00;IFS;;
meribel;AROMEIFS;2026-10-12T14:00;IFS;6.10;19.80;326.0;9.1;0.00;98.0;IFS;4.0;797.9;IFS;0.00;IFS;;
meribel;AROMEIFS;2026-10-12T15:00;IFS;5.60;20.50;327.0;8.8;0.00;89.0;IFS;4.2;798.0;IFS;0.00;IFS;;
meribel;AROMEIFS;2026-10-12T16:00;IFS;4.30;20.90;327.0;8.0;0.00;76.0;IFS;4.1;797.8;IFS;0.00;IFS;;
meribel;AROMEIFS;2026-10-12T17:00;IFS;2.50;20.90;330.0;7.1;0.00;60.0;IFS;3.7;797.5;IFS;0.00;IFS;;
meribel;AROMEIFS;2026-10-12T18:00;IFS;0.90;20.50;349.0;5.9;0.00;46.0;IFS;3.3;797.0;IFS;0.00;IFS;;
meribel;AROMEIFS;2026-10-12T19:00;IFS;0.80;19.80;117.0;4.9;0.00;35.0;IFS;2.7;796.6;IFS;0.00;IFS;;
meribel;AROMEIFS;2026-10-12T20:00;IFS;1.90;19.40;131.0;4.0;0.00;30.0;IFS;2.3;796.2;IFS;0.00;IFS;;
meribel;AROMEIFS;2026-10-12T21:00;IFS;2.40;18.70;132.0;3.1;0.00;33.0;IFS;1.8;795.8;IFS;0.00;IFS;;
meribel;AROMEIFS;2026-10-12T22:00;IFS;2.70;18.00;132.0;2.2;0.00;41.0;IFS;1.3;795.4;IFS;0.00;IFS;;
meribel;AROMEIFS;2026-10-12T23:00;IFS;2.70;17.30;132.0;1.3;0.00;53.0;IFS;0.8;794.9;IFS;0.00;IFS;;
