run_id;fetched_at;spot_key;model_key;grid_latitude;grid_longitude;grid_elevation_m;valid_at;wind_speed_10m_kmh;wind_gusts_10m_kmh;wind_direction_10m_deg;temperature_2m_c;precipitation_mm;cloud_cover_pct;cloud_cover_low_pct;cloud_cover_mid_pct;cloud_cover_high_pct;cloud_cover_max_pct;dew_point_2m_c;surface_pressure_hpa;snowfall_cm;freezing_level_height_m;freeze_source_model
2026-09-29T06:15:00+02:00;2026-09-29T12:42:44+02:00;ferme_de_sauze;AROMEHD;45.09;4.709999;467.0;2026-09-29T00:00;11.6;22.7;196.0;18.9;0.0;;0.0;1.0;100.0;100.0;13.9;;;3950.0;ICON
2026-09-29T06:15:00+02:00;2026-09-29T12:42:44+02:00;ferme_de_sauze;AROMEHD;45.09;4.709999;467.0;2026-09-29T01:00;12.2;24.8;194.0;18.7;0.0;;0.0;65.0;100.0;100.0;13.5;;;3940.0;ICON
2026-09-29T06:15:00+02:00;2026-09-29T12:42:44+02:00;ferme_de_sauze;AROMEHD;45.09;4.709999;467.0;2026-09-29T02:00;13.4;25.9;200.0;18.8;0.0;;0.0;5.0;100.0;100.0;12.7;;;3930.0;ICON
2026-09-29T06:15:00+02:00;2026-09-29T12:42:44+02:00;ferme_de_sauze;AROMEHD;45.09;4.709999;467.0;2026-09-29T03:00;13.9;27.7;201.0;18.0;0.0;;0.0;0.0;100.0;100.0;13.5;;;3940.0;ICON
2026-09-29T06:15:00+02:00;2026-09-29T12:42:44+02:00;ferme_de_sauze;AROMEHD;45.09;4.709999;467.0;2026-09-29T04:00;14.1;29.2;199.0;17.8;0.0;;0.0;0.0;100.0;100.0;14.1;;;3930.0;ICON
2026-09-29T06:15:00+02:00;2026-09-29T12:42:44+02:00;ferme_de_sauze;AROMEHD;45.09;4.709999;467.0;2026-09-29T05:00;13.2;28.4;202.0;17.7;0.0;;0.0;0.0;48.0;48.0;14.0;;;3930.0;ICON
2026-09-29T06:15:00+02:00;2026-09-29T12:42:44+02:00;ferme_de_sauze;AROMEHD;45.09;4.709999;467.0;2026-09-29T06:00;13.0;27.0;208.0;17.2;0.0;;0.0;0.0;100.0;100.0;12.9;;;3920.0;ICON
2026-09-29T06:15:00+02:00;2026-09-29T12:42:44+02:00;ferme_de_sauze;AROMEHD;45.09;4.709999;467.0;2026-09-29T07:00;11.8;26.6;203.0;17.2;0.0;;0.0;0.0;100.0;100.0;11.9;;;3920.0;ICON
2026-09-29T06:15:00+02:00;2026-09-29T12:42:44+02:00;ferme_de_sauze;AROMEHD;45.09;4.709999;467.0;2026-09-29T08:00;13.0;26.6;199.0;17.4;0.0;;0.0;0.0;100.0;100.0;10.8;;;3930.0;ICON
2026-09-29T06:15:00+02:00;2026-09-29T12:42:44+02:00;ferme_de_sauze;AROMEHD;45.09;4.709999;467.0;2026-09-29T09:00;13.8;29.2;200.0;18.3;0.0;;0.0;12.0;100.0;100.0;10.8;;;3980.0;ICON
2026-09-29T06:15:00+02:00;2026-09-29T12:42:44+02:00;ferme_de_sauze;AROMEHD;45.09;4.709999;467.0;2026-09-29T10:00;16.2;34.9;197.0;19.4;0.0;;0.0;0.0;100.0;100.0;13.1;;;4020.0;ICON
2026-09-29T06:15:00+02:00;2026-09-29T12:42:44+02:00;ferme_de_sauze;AROMEHD;45.09;4.709999;467.0;2026-09-29T11:00;22.0;46.8;191.0;21.7;0.0;;0.0;0.0;100.0;100.0;11.9;;;3990.0;ICON
2026-09-29T06:15:00+02:00;2026-09-29T12:42:44+02:00;ferme_de_sauze;AROMEHD;45.09;4.709999;467.0;2026-09-29T12:00;22.1;47.9;192.0;22.8;0.0;;0.0;0.0;100.0;100.0;11.5;;;4020.0;ICON
2026-09-29T06:15:00+02:00;2026-09-29T12:42:44+02:00;ferme_de_sauze;AROMEHD;45.09;4.709999;467.0;2026-09-29T13:00;23.3;49.3;193.0;23.2;0.0;;0.0;0.0;100.0;100.0;9.9;;;4020.0;ICON
2026-09-29T06:15:00+02:00;2026-09-29T12:42:44+02:00;ferme_de_sauze;AROMEHD;45.09;4.709999;467.0;2026-09-29T14:00;22.6;49.3;194.0;23.6;0.0;;0.0;0.0;100.0;100.0;10.6;;;4100.0;ICON
2026-09-29T06:15:00+02:00;2026-09-29T12:42:44+02:00;ferme_de_sauze;AROMEHD;45.09;4.709999;467.0;2026-09-29T15:00;22.6;48.6;188.0;24.0;0.0;;0.0;4.0;100.0;100.0;10.3;;;4100.0;ICON
2026-09-29T06:15:00+02:00;2026-09-29T12:42:44+02:00;ferme_de_sauze;AROMEHD;45.09;4.709999;467.0;2026-09-29T16:00;19.5;47.9;192.0;23.5;0.0;;0.0;100.0;100.0;100.0;12.1;;;4060.0;ICON
2026-09-29T06:15:00+02:00;2026-09-29T12:42:44+02:00;ferme_de_sauze;AROMEHD;45.09;4.709999;467.0;2026-09-29T17:00;20.4;43.6;189.0;24.4;0.0;;0.0;93.0;48.0;93.0;11.7;;;4100.0;ICON
2026-09-29T06:15:00+02:00;2026-09-29T12:42:44+02:00;ferme_de_sauze;AROMEHD;45.09;4.709999;467.0;2026-09-29T18:00;20.4;46.1;194.0;24.4;0.0;;0.0;0.0;100.0;100.0;9.9;;;4090.0;ICON
2026-09-29T06:15:00+02:00;2026-09-29T12:42:44+02:00;ferme_de_sauze;AROMEHD;45.09;4.709999;467.0;2026-09-29T19:00;16.4;43.2;195.0;23.6;0.0;;0.0;100.0;100.0;100.0;9.9;;;4020.0;ICON
2026-09-29T06:15:00+02:00;2026-09-29T12:42:44+02:00;ferme_de_sauze;AROMEHD;45.09;4.709999;467.0;2026-09-29T20:00;18.0;37.8;192.0;22.9;0.0;;0.0;93.0;0.0;93.0;8.6;;;3860.0;ICON
2026-09-29T06:15:00+02:00;2026-09-29T12:42:44+02:00;ferme_de_sauze;AROMEHD;45.09;4.709999;467.0;2026-09-29T21:00;18.3;40.3;195.0;22.2;0.0;;0.0;100.0;0.0;100.0;10.6;;;3930.0;ICON
2026-09-29T06:15:00+02:00;2026-09-29T12:42:44+02:00;ferme_de_sauze;AROMEHD;45.09;4.709999;467.0;2026-09-29T22:00;18.6;40.7;202.0;21.3;0.0;;0.0;27.0;0.0;27.0;13.2;;;3940.0;ICON
2026-09-29T06:15:00+02:00;2026-09-29T12:42:44+02:00;ferme_de_sauze;AROMEHD;45.09;4.709999;467.0;2026-09-29T23:00;18.3;39.6;200.0;20.9;0.0;;0.0;100.0;1.0;100.0;14.5;;;3850.0;ICON
2026-09-29T06:15:00+02:00;2026-09-29T12:42:44+02:00;ferme_de_sauze;AROMEHD;45.09;4.709999;467.0;2026-09-30T00:00;18.9;40.3;201.0;20.4;0.0;;0.0;88.0;85.0;88.0;15.2;;;3930.0;ICON
2026-09-29T06:15:00+02:00;2026-09-29T12:42:44+02:00;ferme_de_sauze;AROMEHD;45.09;4.709999;467.0;2026-09-30T01:00;19.3;41.0;201.0;20.2;0.0;;0.0;25.0;0.0;25.0;14.1;;;3930.0;ICON
2026-09-29T06:15:00+02:00;2026-09-29T12:42:44+02:00;ferme_de_sauze;AROMEHD;45.09;4.709999;467.0;2026-09-30T02:00;18.1;40.7;197.0;20.3;0.0;;0.0;100.0;1.0;100.0;12.2;;;3870.0;ICON
2026-09-29T06:15:00+02:00;2026-09-29T12:42:44+02:00;ferme_de_sauze;AROMEHD;45.09;4.709999;467.0;2026-09-30T03:00;18.4;39.2;197.0;20.4;0.0;;0.0;100.0;100.0;100.0;11.3;;;3970.0;ICON
2026-09-29T06:15:00+02:00;2026-09-29T12:42:44+02:00;ferme_de_sauze;AROMEHD;45.09;4.709999;467.0;2026-09-30T04:00;16.4;41.8;199.0;20.3;0.0;;0.0;100.0;100.0;100.0;11.5;;;3980.0;ICON
2026-09-29T06:15:00+02:00;2026-09-29T12:42:44+02:00;ferme_de_sauze;AROMEHD;45.09;4.709999;467.0;2026-09-30T05:00;14.8;34.2;209.0;19.8;0.0;;0.0;100.0;100.0;100.0;12.8;;;3890.0;ICON
2026-09-29T06:15:00+02:00;2026-09-29T12:42:44+02:00;ferme_de_sauze;AROMEHD;45.09;4.709999;467.0;2026-09-30T06:00;13.4;32.4;204.0;19.6;0.0;;0.0;100.0;100.0;100.0;12.1;;;3930.0;ICON
2026-09-29T06:15:00+02:00;2026-09-29T12:42:44+02:00;ferme_de_sauze;AROMEHD;45.09;4.709999;467.0;2026-09-30T07:00;17.1;36.0;208.0;19.9;0.0;;0.0;100.0;100.0;100.0;11.3;;;3820.0;ICON
2026-09-29T06:15:00+02:00;2026-09-29T12:42:44+02:00;ferme_de_sauze;AROMEHD;45.09;4.709999;467.0;2026-09-30T08:00;17.2;36.0;213.0;16.8;1.3;;17.0;100.0;100.0;100.0;14.1;;;3930.0;ICON
2026-09-29T06:15:00+02:00;2026-09-29T12:42:44+02:00;ferme_de_sauze;AROMEHD;45.09;4.709999;467.0;2026-09-30T09:00;15.3;35.3;210.0;16.4;1.6;;0.0;100.0;100.0;100.0;14.1;;;3920.0;ICON
2026-09-29T06:15:00+02:00;2026-09-29T12:42:44+02:00;ferme_de_sauze;AROMEHD;45.09;4.709999;467.0;2026-09-30T10:00;14.4;32.8;217.0;16.6;1.3;;0.0;100.0;100.0;100.0;14.8;;;3840.0;ICON
2026-09-29T06:15:00+02:00;2026-09-29T12:42:44+02:00;ferme_de_sauze;AROMEHD;45.09;4.709999;467.0;2026-09-30T11:00;15.1;33.1;208.0;17.6;0.6;;0.0;100.0;100.0;100.0;15.5;;;3850.0;ICON
2026-09-29T06:15:00+02:00;2026-09-29T12:42:44+02:00;ferme_de_sauze;AROMEHD;45.09;4.709999;467.0;2026-09-30T12:00;14.6;34.6;218.0;17.7;2.8;;17.0;100.0;100.0;100.0;16.0;;;3860.0;ICON
2026-09-29T06:15:00+02:00;2026-09-29T12:42:44+02:00;ferme_de_sauze;AROMEHD;45.09;4.709999;467.0;2026-09-30T13:00;16.1;38.5;222.0;17.8;1.7;;19.0;100.0;100.0;100.0;15.9;;;3880.0;ICON
2026-09-29T06:15:00+02:00;2026-09-29T12:42:44+02:00;ferme_de_sauze;AROMEHD;45.09;4.709999;467.0;2026-09-30T14:00;16.6;36.4;214.0;19.0;0.5;;3.0;100.0;100.0;100.0;16.4;;;3840.0;ICON
2026-09-29T06:15:00+02:00;2026-09-29T12:42:44+02:00;ferme_de_sauze;AROMEHD;45.09;4.709999;467.0;2026-09-30T15:00;13.2;35.3;223.0;18.9;0.3;;0.0;100.0;100.0;100.0;16.5;;;3780.0;ICON
2026-09-29T06:15:00+02:00;2026-09-29T12:42:44+02:00;ferme_de_sauze;AROMEHD;45.09;4.709999;467.0;2026-09-30T16:00;13.7;29.5;207.0;18.8;0.4;;0.0;100.0;100.0;100.0;16.4;;;3780.0;ICON
2026-09-29T06:15:00+02:00;2026-09-29T12:42:44+02:00;ferme_de_sauze;AROMEHD;45.09;4.709999;467.0;2026-09-30T17:00;11.4;29.9;198.0;18.8;0.5;;13.0;100.0;100.0;100.0;16.7;;;3800.0;ICON
2026-09-29T06:15:00+02:00;2026-09-29T12:42:44+02:00;ferme_de_sauze;AROMEHD;45.09;4.709999;467.0;2026-09-30T18:00;15.0;32.8;222.0;18.3;0.0;;0.0;100.0;100.0;100.0;16.0;;;3860.0;ICON
2026-09-29T06:15:00+02:00;2026-09-29T12:42:44+02:00;ferme_de_sauze;AROMEHD;45.09;4.709999;467.0;2026-09-30T19:00;10.6;31.0;208.0;18.1;0.0;;0.0;5.0;100.0;100.0;15.7;;;3970.0;ICON
2026-09-29T06:15:00+02:00;2026-09-29T12:42:44+02:00;ferme_de_sauze;AROMEHD;45.09;4.709999;467.0;2026-09-30T20:00;12.0;24.1;231.0;18.0;0.0;;0.0;100.0;100.0;100.0;14.8;;;3920.0;ICON
2026-09-29T06:15:00+02:00;2026-09-29T12:42:44+02:00;ferme_de_sauze;AROMEHD;45.09;4.709999;467.0;2026-09-30T21:00;13.5;28.4;214.0;18.0;0.0;;0.0;100.0;100.0;100.0;14.9;;;3770.0;ICON
2026-09-29T06:15:00+02:00;2026-09-29T12:42:44+02:00;ferme_de_sauze;AROMEHD;45.09;4.709999;467.0;2026-09-30T22:00;12.5;27.4;213.0;18.0;0.0;;0.0;100.0;100.0;100.0;15.4;;;3710.0;ICON
2026-09-29T06:15:00+02:00;2026-09-29T12:42:44+02:00;ferme_de_sauze;AROMEHD;45.09;4.709999;467.0;2026-09-30T23:00;12.4;26.6;202.0;17.9;0.0;;7.0;100.0;100.0;100.0;15.7;;;3810.0;ICON
2026-09-29T06:15:00+02:00;2026-09-29T12:42:44+02:00;ferme_de_sauze;AROMEHD;45.09;4.709999;467.0;2026-10-01T00:00;11.5;25.6;200.0;17.8;0.0;;15.0;100.0;100.0;100.0;15.9;;;3850.0;ICON
2026-09-29T06:15:00+02:00;2026-09-29T12:42:44+02:00;ferme_de_sauze;AROMEHD;45.09;4.709999;467.0;2026-10-01T01:00;11.8;24.1;200.0;17.7;0.0;;0.0;100.0;100.0;100.0;15.8;;;3820.0;ICON
2026-09-29T06:15:00+02:00;2026-09-29T12:42:44+02:00;ferme_de_sauze;AROMEHD;45.09;4.709999;467.0;2026-10-01T02:00;12.7;25.2;195.0;17.7;0.0;;0.0;100.0;100.0;100.0;15.3;;;3830.0;ICON
2026-09-29T06:15:00+02:00;2026-09-29T12:42:44+02:00;ferme_de_sauze;AROMEHD;45.09;4.709999;467.0;2026-10-01T03:00;13.0;26.6;199.0;17.6;0.0;;71.0;100.0;100.0;100.0;15.0;;;3740.0;ICON
2026-09-29T06:15:00+02:00;2026-09-29T12:42:44+02:00;ferme_de_sauze;AROMEHD;45.09;4.709999;467.0;2026-10-01T04:00;13.1;27.4;201.0;17.7;0.0;;3.0;100.0;100.0;100.0;15.0;;;3680.0;ICON
2026-09-29T06:15:00+02:00;2026-09-29T12:42:44+02:00;ferme_de_sauze;AROMEHD;45.09;4.709999;467.0;2026-10-01T05:00;11.5;26.3;200.0;17.7;0.0;;0.0;21.0;100.0;100.0;14.9;;;3720.0;ICON
2026-09-29T06:15:00+02:00;2026-09-29T12:42:44+02:00;ferme_de_sauze;AROMEHD;45.09;4.709999;467.0;2026-10-01T06:00;11.0;23.0;199.0;17.2;0.0;;0.0;0.0;100.0;100.0;15.2;;;3730.0;ICON
2026-09-29T06:15:00+02:00;2026-09-29T12:42:44+02:00;ferme_de_sauze;AROMEHD;45.09;4.709999;467.0;2026-10-01T07:00;12.1;24.5;210.0;17.2;0.0;;7.0;36.0;100.0;100.0;15.3;;;3750.0;ICON
2026-09-29T06:15:00+02:00;2026-09-29T12:42:44+02:00;ferme_de_sauze;AROMEHD;45.09;4.709999;467.0;2026-10-01T08:00;9.5;24.5;209.0;17.6;0.0;;100.0;100.0;100.0;100.0;14.9;;;3620.0;ICON
2026-09-29T06:15:00+02:00;2026-09-29T12:42:44+02:00;lyon;AROMEHD;45.78;4.8500004;172.0;2026-09-29T00:00;5.0;8.6;150.0;21.2;0.0;;0.0;0.0;100.0;100.0;10.9;;;3910.0;ICON
2026-09-29T06:15:00+02:00;2026-09-29T12:42:44+02:00;lyon;AROMEHD;45.78;4.8500004;172.0;2026-09-29T01:00;8.9;17.6;166.0;21.3;0.0;;0.0;0.0;100.0;100.0;11.8;;;3900.0;ICON
2026-09-29T06:15:00+02:00;2026-09-29T12:42:44+02:00;lyon;AROMEHD;45.78;4.8500004;172.0;2026-09-29T02:00;7.6;18.4;149.0;20.3;0.0;;0.0;68.0;100.0;100.0;13.5;;;3910.0;ICON
2026-09-29T06:15:00+02:00;2026-09-29T12:42:44+02:00;lyon;AROMEHD;45.78;4.8500004;172.0;2026-09-29T03:00;8.2;14.8;157.0;19.8;0.0;;0.0;0.0;100.0;100.0;13.7;;;3890.0;ICON
2026-09-29T06:15:00+02:00;2026-09-29T12:42:44+02:00;lyon;AROMEHD;45.78;4.8500004;172.0;2026-09-29T04:00;9.5;16.9;151.0;19.5;0.0;;0.0;0.0;100.0;100.0;13.4;;;3850.0;ICON
2026-09-29T06:15:00+02:00;2026-09-29T12:42:44+02:00;lyon;AROMEHD;45.78;4.8500004;172.0;2026-09-29T05:00;8.7;17.3;142.0;18.9;0.0;;0.0;0.0;100.0;100.0;13.7;;;3860.0;ICON
2026-09-29T06:15:00+02:00;2026-09-29T12:42:44+02:00;lyon;AROMEHD;45.78;4.8500004;172.0;2026-09-29T06:00;7.7;14.4;143.0;18.5;0.0;;0.0;0.0;100.0;100.0;14.4;;;3850.0;ICON
2026-09-29T06:15:00+02:00;2026-09-29T12:42:44+02:00;lyon;AROMEHD;45.78;4.8500004;172.0;2026-09-29T07:00;9.2;15.8;138.0;18.3;0.0;;0.0;0.0;100.0;100.0;14.8;;;3830.0;ICON
2026-09-29T06:15:00+02:00;2026-09-29T12:42:44+02:00;lyon;AROMEHD;45.78;4.8500004;172.0;2026-09-29T08:00;9.0;16.6;143.0;18.8;0.0;;0.0;0.0;100.0;100.0;14.9;;;3830.0;ICON
2026-09-29T06:15:00+02:00;2026-09-29T12:42:44+02:00;lyon;AROMEHD;45.78;4.8500004;172.0;2026-09-29T09:00;10.1;19.4;153.0;19.5;0.0;;0.0;0.0;100.0;100.0;15.0;;;3870.0;ICON
2026-09-29T06:15:00+02:00;2026-09-29T12:42:44+02:00;lyon;AROMEHD;45.78;4.8500004;172.0;2026-09-29T10:00;11.6;23.0;150.0;20.9;0.0;;0.0;0.0;100.0;100.0;13.8;;;3890.0;ICON
2026-09-29T06:15:00+02:00;2026-09-29T12:42:44+02:00;lyon;AROMEHD;45.78;4.8500004;172.0;2026-09-29T11:00;16.4;33.1;165.0;23.1;0.0;;0.0;0.0;100.0;100.0;11.5;;;3910.0;ICON
2026-09-29T06:15:00+02:00;2026-09-29T12:42:44+02:00;lyon;AROMEHD;45.78;4.8500004;172.0;2026-09-29T12:00;19.1;38.5;176.0;24.3;0.0;;0.0;1.0;100.0;100.0;11.9;;;3920.0;ICON
2026-09-29T06:15:00+02:00;2026-09-29T12:42:44+02:00;lyon;AROMEHD;45.78;4.8500004;172.0;2026-09-29T13:00;24.3;47.9;173.0;26.4;0.0;;0.0;9.0;100.0;100.0;7.9;;;3870.0;ICON
2026-09-29T06:15:00+02:00;2026-09-29T12:42:44+02:00;lyon;AROMEHD;45.78;4.8500004;172.0;2026-09-29T14:00;25.3;50.0;174.0;27.3;0.0;;0.0;0.0;100.0;100.0;8.2;;;3790.0;ICON
2026-09-29T06:15:00+02:00;2026-09-29T12:42:44+02:00;lyon;AROMEHD;45.78;4.8500004;172.0;2026-09-29T15:00;24.5;49.3;184.0;27.9;0.0;;0.0;0.0;100.0;100.0;7.7;;;3760.0;ICON
2026-09-29T06:15:00+02:00;2026-09-29T12:42:44+02:00;lyon;AROMEHD;45.78;4.8500004;172.0;2026-09-29T16:00;22.9;48.2;187.0;27.8;0.0;;0.0;8.0;100.0;100.0;8.6;;;3800.0;ICON
2026-09-29T06:15:00+02:00;2026-09-29T12:42:44+02:00;lyon;AROMEHD;45.78;4.8500004;172.0;2026-09-29T17:00;23.8;47.9;184.0;27.6;0.0;;0.0;100.0;1.0;100.0;9.4;;;3760.0;ICON
2026-09-29T06:15:00+02:00;2026-09-29T12:42:44+02:00;lyon;AROMEHD;45.78;4.8500004;172.0;2026-09-29T18:00;20.6;49.3;186.0;27.1;0.0;;0.0;100.0;2.0;100.0;11.1;;;3760.0;ICON
2026-09-29T06:15:00+02:00;2026-09-29T12:42:44+02:00;lyon;AROMEHD;45.78;4.8500004;172.0;2026-09-29T19:00;17.7;41.0;184.0;27.0;0.0;;0.0;85.0;2.0;85.0;10.2;;;3520.0;ICON
2026-09-29T06:15:00+02:00;2026-09-29T12:42:44+02:00;lyon;AROMEHD;45.78;4.8500004;172.0;2026-09-29T20:00;15.9;36.0;176.0;26.3;0.0;;0.0;95.0;100.0;100.0;10.5;;;3540.0;ICON
2026-09-29T06:15:00+02:00;2026-09-29T12:42:44+02:00;lyon;AROMEHD;45.78;4.8500004;172.0;2026-09-29T21:00;15.1;31.7;168.0;25.8;0.0;;0.0;100.0;77.0;100.0;10.4;;;3650.0;ICON
2026-09-29T06:15:00+02:00;2026-09-29T12:42:44+02:00;lyon;AROMEHD;45.78;4.8500004;172.0;2026-09-29T22:00;16.6;33.1;167.0;25.1;0.0;;0.0;100.0;4.0;100.0;9.8;;;3650.0;ICON
2026-09-29T06:15:00+02:00;2026-09-29T12:42:44+02:00;lyon;AROMEHD;45.78;4.8500004;172.0;2026-09-29T23:00;17.2;35.6;170.0;24.5;0.0;;0.0;22.0;100.0;100.0;11.7;;;4010.0;ICON
2026-09-29T06:15:00+02:00;2026-09-29T12:42:44+02:00;lyon;AROMEHD;45.78;4.8500004;172.0;2026-09-30T00:00;18.7;40.3;179.0;24.2;0.0;;0.0;100.0;99.0;100.0;14.0;;;3970.0;ICON
2026-09-29T06:15:00+02:00;2026-09-29T12:42:44+02:00;lyon;AROMEHD;45.78;4.8500004;172.0;2026-09-30T01:00;17.6;41.0;179.0;23.9;0.0;;0.0;49.0;27.0;49.0;14.6;;;3960.0;ICON
2026-09-29T06:15:00+02:00;2026-09-29T12:42:44+02:00;lyon;AROMEHD;45.78;4.8500004;172.0;2026-09-30T02:00;15.2;37.8;176.0;23.6;0.0;;0.0;47.0;41.0;47.0;13.5;;;3910.0;ICON
2026-09-29T06:15:00+02:00;2026-09-29T12:42:44+02:00;lyon;AROMEHD;45.78;4.8500004;172.0;2026-09-30T03:00;14.5;32.0;173.0;23.5;0.0;;0.0;100.0;22.0;100.0;12.5;;;3920.0;ICON
2026-09-29T06:15:00+02:00;2026-09-29T12:42:44+02:00;lyon;AROMEHD;45.78;4.8500004;172.0;2026-09-30T04:00;14.9;31.3;165.0;23.6;0.0;;0.0;100.0;5.0;100.0;11.6;;;3890.0;ICON
2026-09-29T06:15:00+02:00;2026-09-29T12:42:44+02:00;lyon;AROMEHD;45.78;4.8500004;172.0;2026-09-30T05:00;17.0;33.1;167.0;23.5;0.0;;0.0;100.0;100.0;100.0;10.9;;;3840.0;ICON
2026-09-29T06:15:00+02:00;2026-09-29T12:42:44+02:00;lyon;AROMEHD;45.78;4.8500004;172.0;2026-09-30T06:00;16.3;35.6;175.0;23.5;0.0;;0.0;100.0;100.0;100.0;12.2;;;3820.0;ICON
2026-09-29T06:15:00+02:00;2026-09-29T12:42:44+02:00;lyon;AROMEHD;45.78;4.8500004;172.0;2026-09-30T07:00;17.9;37.4;171.0;23.1;0.0;;0.0;100.0;100.0;100.0;12.4;;;3790.0;ICON
2026-09-29T06:15:00+02:00;2026-09-29T12:42:44+02:00;lyon;AROMEHD;45.78;4.8500004;172.0;2026-09-30T08:00;15.8;36.0;168.0;23.0;0.0;;0.0;100.0;100.0;100.0;12.9;;;3840.0;ICON
2026-09-29T06:15:00+02:00;2026-09-29T12:42:44+02:00;lyon;AROMEHD;45.78;4.8500004;172.0;2026-09-30T09:00;21.6;43.6;177.0;22.9;0.0;;0.0;100.0;100.0;100.0;12.5;;;3860.0;ICON
2026-09-29T06:15:00+02:00;2026-09-29T12:42:44+02:00;lyon;AROMEHD;45.78;4.8500004;172.0;2026-09-30T10:00;20.2;44.6;175.0;22.9;0.0;;0.0;100.0;100.0;100.0;12.2;;;3780.0;ICON
2026-09-29T06:15:00+02:00;2026-09-29T12:42:44+02:00;lyon;AROMEHD;45.78;4.8500004;172.0;2026-09-30T11:00;21.4;43.6;173.0;22.4;0.1;;0.0;100.0;100.0;100.0;12.9;;;3790.0;ICON
2026-09-29T06:15:00+02:00;2026-09-29T12:42:44+02:00;lyon;AROMEHD;45.78;4.8500004;172.0;2026-09-30T12:00;23.4;46.8;178.0;24.2;0.0;;0.0;100.0;100.0;100.0;12.8;;;3810.0;ICON
2026-09-29T06:15:00+02:00;2026-09-29T12:42:44+02:00;lyon;AROMEHD;45.78;4.8500004;172.0;2026-09-30T13:00;17.5;47.2;171.0;22.2;0.1;;0.0;100.0;100.0;100.0;15.8;;;3780.0;ICON
2026-09-29T06:15:00+02:00;2026-09-29T12:42:44+02:00;lyon;AROMEHD;45.78;4.8500004;172.0;2026-09-30T14:00;19.0;42.1;190.0;24.3;0.0;;0.0;100.0;100.0;100.0;14.1;;;3820.0;ICON
2026-09-29T06:15:00+02:00;2026-09-29T12:42:44+02:00;lyon;AROMEHD;45.78;4.8500004;172.0;2026-09-30T15:00;21.8;45.0;172.0;24.8;0.0;;0.0;100.0;100.0;100.0;14.3;;;3800.0;ICON
2026-09-29T06:15:00+02:00;2026-09-29T12:42:44+02:00;lyon;AROMEHD;45.78;4.8500004;172.0;2026-09-30T16:00;19.0;45.7;190.0;25.3;0.1;;0.0;100.0;100.0;100.0;13.8;;;3840.0;ICON
2026-09-29T06:15:00+02:00;2026-09-29T12:42:44+02:00;lyon;AROMEHD;45.78;4.8500004;172.0;2026-09-30T17:00;21.3;43.6;177.0;24.8;0.0;;0.0;100.0;100.0;100.0;14.5;;;3910.0;ICON
2026-09-29T06:15:00+02:00;2026-09-29T12:42:44+02:00;lyon;AROMEHD;45.78;4.8500004;172.0;2026-09-30T18:00;22.5;47.5;186.0;24.1;0.0;;0.0;100.0;100.0;100.0;14.7;;;3680.0;ICON
2026-09-29T06:15:00+02:00;2026-09-29T12:42:44+02:00;lyon;AROMEHD;45.78;4.8500004;172.0;2026-09-30T19:00;15.9;45.0;177.0;23.3;0.0;;0.0;100.0;100.0;100.0;15.1;;;3750.0;ICON
2026-09-29T06:15:00+02:00;2026-09-29T12:42:44+02:00;lyon;AROMEHD;45.78;4.8500004;172.0;2026-09-30T20:00;14.4;31.7;180.0;23.4;0.0;;0.0;100.0;100.0;100.0;14.4;;;3790.0;ICON
2026-09-29T06:15:00+02:00;2026-09-29T12:42:44+02:00;lyon;AROMEHD;45.78;4.8500004;172.0;2026-09-30T21:00;13.0;29.5;182.0;22.8;0.0;;0.0;43.0;100.0;100.0;14.1;;;3790.0;ICON
2026-09-29T06:15:00+02:00;2026-09-29T12:42:44+02:00;lyon;AROMEHD;45.78;4.8500004;172.0;2026-09-30T22:00;16.9;34.6;178.0;23.0;0.0;;0.0;100.0;100.0;100.0;14.2;;;3830.0;ICON
2026-09-29T06:15:00+02:00;2026-09-29T12:42:44+02:00;lyon;AROMEHD;45.78;4.8500004;172.0;2026-09-30T23:00;15.5;36.4;180.0;22.7;0.0;;0.0;100.0;100.0;100.0;15.2;;;3850.0;ICON
2026-09-29T06:15:00+02:00;2026-09-29T12:42:44+02:00;lyon;AROMEHD;45.78;4.8500004;172.0;2026-10-01T00:00;13.0;32.0;183.0;22.3;0.0;;0.0;100.0;100.0;100.0;15.6;;;3780.0;ICON
2026-09-29T06:15:00+02:00;2026-09-29T12:42:44+02:00;lyon;AROMEHD;45.78;4.8500004;172.0;2026-10-01T01:00;13.4;27.0;172.0;21.9;0.0;;0.0;100.0;100.0;100.0;16.0;;;3760.0;ICON
2026-09-29T06:15:00+02:00;2026-09-29T12:42:44+02:00;lyon;AROMEHD;45.78;4.8500004;172.0;2026-10-01T02:00;11.2;26.6;165.0;21.5;0.0;;0.0;100.0;100.0;100.0;16.2;;;3690.0;ICON
2026-09-29T06:15:00+02:00;2026-09-29T12:42:44+02:00;lyon;AROMEHD;45.78;4.8500004;172.0;2026-10-01T03:00;14.2;28.8;164.0;21.4;0.0;;0.0;100.0;100.0;100.0;15.7;;;3720.0;ICON
2026-09-29T06:15:00+02:00;2026-09-29T12:42:44+02:00;lyon;AROMEHD;45.78;4.8500004;172.0;2026-10-01T04:00;14.6;29.2;160.0;21.3;0.0;;0.0;94.0;100.0;100.0;15.1;;;3760.0;ICON
2026-09-29T06:15:00+02:00;2026-09-29T12:42:44+02:00;lyon;AROMEHD;45.78;4.8500004;172.0;2026-10-01T05:00;13.0;29.2;156.0;21.0;0.0;;0.0;1.0;100.0;100.0;15.1;;;3730.0;ICON
2026-09-29T06:15:00+02:00;2026-09-29T12:42:44+02:00;lyon;AROMEHD;45.78;4.8500004;172.0;2026-10-01T06:00;11.5;25.6;160.0;20.9;0.0;;0.0;100.0;100.0;100.0;15.2;;;3670.0;ICON
2026-09-29T06:15:00+02:00;2026-09-29T12:42:44+02:00;lyon;AROMEHD;45.78;4.8500004;172.0;2026-10-01T07:00;9.8;23.0;163.0;20.7;0.0;;0.0;47.0;100.0;100.0;15.2;;;3620.0;ICON
2026-09-29T06:15:00+02:00;2026-09-29T12:42:44+02:00;lyon;AROMEHD;45.78;4.8500004;172.0;2026-10-01T08:00;8.0;19.1;190.0;20.7;0.0;;2.0;8.0;100.0;100.0;15.4;;;3610.0;ICON
2026-09-29T06:15:00+02:00;2026-09-29T12:42:44+02:00;hyeres;AROMEHD;43.11;6.129999;18.0;2026-09-29T00:00;9.4;16.2;23.0;19.3;0.0;;0.0;0.0;97.0;97.0;15.8;;;4060.0;ICON
2026-09-29T06:15:00+02:00;2026-09-29T12:42:44+02:00;hyeres;AROMEHD;43.11;6.129999;18.0;2026-09-29T01:00;8.3;15.1;360.0;19.1;0.0;;0.0;0.0;100.0;100.0;16.3;;;4030.0;ICON
2026-09-29T06:15:00+02:00;2026-09-29T12:42:44+02:00;hyeres;AROMEHD;43.11;6.129999;18.0;2026-09-29T02:00;8.0;13.0;352.0;18.5;0.0;;0.0;0.0;100.0;100.0;15.9;;;4040.0;ICON
2026-09-29T06:15:00+02:00;2026-09-29T12:42:44+02:00;hyeres;AROMEHD;43.11;6.129999;18.0;2026-09-29T03:00;7.5;12.2;343.0;18.7;0.0;;0.0;0.0;100.0;100.0;15.7;;;4030.0;ICON
2026-09-29T06:15:00+02:00;2026-09-29T12:42:44+02:00;hyeres;AROMEHD;43.11;6.129999;18.0;2026-09-29T04:00;6.7;11.9;344.0;18.7;0.0;;0.0;0.0;100.0;100.0;15.5;;;4020.0;ICON
2026-09-29T06:15:00+02:00;2026-09-29T12:42:44+02:00;hyeres;AROMEHD;43.11;6.129999;18.0;2026-09-29T05:00;9.2;13.7;349.0;17.8;0.0;;0.0;0.0;100.0;100.0;14.9;;;3980.0;ICON
2026-09-29T06:15:00+02:00;2026-09-29T12:42:44+02:00;hyeres;AROMEHD;43.11;6.129999;18.0;2026-09-29T06:00;10.3;16.6;12.0;18.1;0.0;;0.0;0.0;100.0;100.0;15.4;;;3930.0;ICON
2026-09-29T06:15:00+02:00;2026-09-29T12:42:44+02:00;hyeres;AROMEHD;43.11;6.129999;18.0;2026-09-29T07:00;9.0;16.9;5.0;18.3;0.0;;0.0;0.0;100.0;100.0;16.1;;;3910.0;ICON
2026-09-29T06:15:00+02:00;2026-09-29T12:42:44+02:00;hyeres;AROMEHD;43.11;6.129999;18.0;2026-09-29T08:00;8.9;14.0;328.0;17.9;0.0;;1.0;0.0;100.0;100.0;15.7;;;3880.0;ICON
2026-09-29T06:15:00+02:00;2026-09-29T12:42:44+02:00;hyeres;AROMEHD;43.11;6.129999;18.0;2026-09-29T09:00;8.3;13.7;2.0;20.1;0.0;;0.0;0.0;100.0;100.0;16.5;;;3910.0;ICON
2026-09-29T06:15:00+02:00;2026-09-29T12:42:44+02:00;hyeres;AROMEHD;43.11;6.129999;18.0;2026-09-29T10:00;7.3;15.8;33.0;22.7;0.0;;0.0;0.0;100.0;100.0;17.4;;;3910.0;ICON
2026-09-29T06:15:00+02:00;2026-09-29T12:42:44+02:00;hyeres;AROMEHD;43.11;6.129999;18.0;2026-09-29T11:00;21.6;37.1;101.0;25.3;0.0;;11.0;0.0;100.0;100.0;17.7;;;3940.0;ICON
2026-09-29T06:15:00+02:00;2026-09-29T12:42:44+02:00;hyeres;AROMEHD;43.11;6.129999;18.0;2026-09-29T12:00;25.5;42.8;103.0;25.6;0.0;;41.0;0.0;100.0;100.0;18.7;;;3950.0;ICON
2026-09-29T06:15:00+02:00;2026-09-29T12:42:44+02:00;hyeres;AROMEHD;43.11;6.129999;18.0;2026-09-29T13:00;25.4;42.8;111.0;25.8;0.0;;15.0;0.0;100.0;100.0;18.0;;;3960.0;ICON
2026-09-29T06:15:00+02:00;2026-09-29T12:42:44+02:00;hyeres;AROMEHD;43.11;6.129999;18.0;2026-09-29T14:00;25.4;43.2;108.0;26.0;0.0;;35.0;0.0;100.0;100.0;18.9;;;3960.0;ICON
2026-09-29T06:15:00+02:00;2026-09-29T12:42:44+02:00;hyeres;AROMEHD;43.11;6.129999;18.0;2026-09-29T15:00;22.6;42.1;115.0;25.8;0.0;;32.0;0.0;100.0;100.0;19.0;;;3930.0;ICON
2026-09-29T06:15:00+02:00;2026-09-29T12:42:44+02:00;hyeres;AROMEHD;43.11;6.129999;18.0;2026-09-29T16:00;23.7;39.6;110.0;25.6;0.0;;10.0;0.0;100.0;100.0;19.3;;;3970.0;ICON
2026-09-29T06:15:00+02:00;2026-09-29T12:42:44+02:00;hyeres;AROMEHD;43.11;6.129999;18.0;2026-09-29T17:00;22.2;40.0;107.0;25.2;0.0;;15.0;0.0;100.0;100.0;19.3;;;4070.0;ICON
2026-09-29T06:15:00+02:00;2026-09-29T12:42:44+02:00;hyeres;AROMEHD;43.11;6.129999;18.0;2026-09-29T18:00;20.9;37.1;101.0;24.5;0.0;;5.0;100.0;100.0;100.0;19.5;;;4030.0;ICON
2026-09-29T06:15:00+02:00;2026-09-29T12:42:44+02:00;hyeres;AROMEHD;43.11;6.129999;18.0;2026-09-29T19:00;16.6;34.6;88.0;23.9;0.0;;0.0;100.0;100.0;100.0;19.6;;;4000.0;ICON
2026-09-29T06:15:00+02:00;2026-09-29T12:42:44+02:00;hyeres;AROMEHD;43.11;6.129999;18.0;2026-09-29T20:00;13.1;27.7;82.0;23.2;0.0;;0.0;100.0;100.0;100.0;19.2;;;4010.0;ICON
2026-09-29T06:15:00+02:00;2026-09-29T12:42:44+02:00;hyeres;AROMEHD;43.11;6.129999;18.0;2026-09-29T21:00;9.4;22.3;67.0;22.6;0.0;;0.0;89.0;100.0;100.0;19.0;;;3970.0;ICON
2026-09-29T06:15:00+02:00;2026-09-29T12:42:44+02:00;hyeres;AROMEHD;43.11;6.129999;18.0;2026-09-29T22:00;8.0;15.1;54.0;22.0;0.0;;5.0;4.0;100.0;100.0;19.7;;;4020.0;ICON
2026-09-29T06:15:00+02:00;2026-09-29T12:42:44+02:00;hyeres;AROMEHD;43.11;6.129999;18.0;2026-09-29T23:00;8.5;14.4;54.0;21.7;0.0;;4.0;100.0;100.0;100.0;19.8;;;4010.0;ICON
2026-09-29T06:15:00+02:00;2026-09-29T12:42:44+02:00;hyeres;AROMEHD;43.11;6.129999;18.0;2026-09-30T00:00;8.9;14.8;58.0;21.6;0.0;;0.0;90.0;94.0;94.0;19.3;;;3990.0;ICON
2026-09-29T06:15:00+02:00;2026-09-29T12:42:44+02:00;hyeres;AROMEHD;43.11;6.129999;18.0;2026-09-30T01:00;7.7;14.4;37.0;21.3;0.0;;0.0;100.0;100.0;100.0;19.4;;;4000.0;ICON
2026-09-29T06:15:00+02:00;2026-09-29T12:42:44+02:00;hyeres;AROMEHD;43.11;6.129999;18.0;2026-09-30T02:00;7.4;14.0;47.0;21.3;0.0;;0.0;100.0;100.0;100.0;19.0;;;4000.0;ICON
2026-09-29T06:15:00+02:00;2026-09-29T12:42:44+02:00;hyeres;AROMEHD;43.11;6.129999;18.0;2026-09-30T03:00;5.4;12.2;4.0;20.5;0.0;;0.0;100.0;88.0;100.0;18.3;;;3980.0;ICON
2026-09-29T06:15:00+02:00;2026-09-29T12:42:44+02:00;hyeres;AROMEHD;43.11;6.129999;18.0;2026-09-30T04:00;6.8;11.2;32.0;20.6;0.0;;0.0;100.0;11.0;100.0;17.8;;;4000.0;ICON
2026-09-29T06:15:00+02:00;2026-09-29T12:42:44+02:00;hyeres;AROMEHD;43.11;6.129999;18.0;2026-09-30T05:00;9.1;14.8;56.0;21.0;0.0;;97.0;100.0;99.0;100.0;18.2;;;3920.0;ICON
2026-09-29T06:15:00+02:00;2026-09-29T12:42:44+02:00;hyeres;AROMEHD;43.11;6.129999;18.0;2026-09-30T06:00;13.1;22.0;81.0;22.1;0.0;;85.0;98.0;7.0;98.0;19.8;;;3920.0;ICON
2026-09-29T06:15:00+02:00;2026-09-29T12:42:44+02:00;hyeres;AROMEHD;43.11;6.129999;18.0;2026-09-30T07:00;16.2;27.0;91.0;22.7;0.0;;51.0;8.0;0.0;51.0;19.9;;;3860.0;ICON
2026-09-29T06:15:00+02:00;2026-09-29T12:42:44+02:00;hyeres;AROMEHD;43.11;6.129999;18.0;2026-09-30T08:00;16.6;28.4;85.0;23.2;0.0;;100.0;0.0;100.0;100.0;20.3;;;3950.0;ICON
2026-09-29T06:15:00+02:00;2026-09-29T12:42:44+02:00;hyeres;AROMEHD;43.11;6.129999;18.0;2026-09-30T09:00;19.5;33.5;102.0;24.0;0.0;;100.0;0.0;100.0;100.0;20.1;;;3940.0;ICON
2026-09-29T06:15:00+02:00;2026-09-29T12:42:44+02:00;hyeres;AROMEHD;43.11;6.129999;18.0;2026-09-30T10:00;21.1;35.6;99.0;24.5;0.0;;99.0;1.0;79.0;99.0;19.6;;;3890.0;ICON
2026-09-29T06:15:00+02:00;2026-09-29T12:42:44+02:00;hyeres;AROMEHD;43.11;6.129999;18.0;2026-09-30T11:00;23.9;40.0;102.0;25.2;0.0;;53.0;9.0;100.0;100.0;19.1;;;3840.0;ICON
2026-09-29T06:15:00+02:00;2026-09-29T12:42:44+02:00;hyeres;AROMEHD;43.11;6.129999;18.0;2026-09-30T12:00;22.1;40.3;109.0;25.4;0.0;;53.0;2.0;100.0;100.0;19.0;;;3920.0;ICON
2026-09-29T06:15:00+02:00;2026-09-29T12:42:44+02:00;hyeres;AROMEHD;43.11;6.129999;18.0;2026-09-30T13:00;21.1;38.5;104.0;25.4;0.0;;9.0;99.0;100.0;100.0;18.8;;;3930.0;ICON
2026-09-29T06:15:00+02:00;2026-09-29T12:42:44+02:00;hyeres;AROMEHD;43.11;6.129999;18.0;2026-09-30T14:00;24.7;40.7;106.0;25.3;0.0;;38.0;53.0;100.0;100.0;19.2;;;3960.0;ICON
2026-09-29T06:15:00+02:00;2026-09-29T12:42:44+02:00;hyeres;AROMEHD;43.11;6.129999;18.0;2026-09-30T15:00;23.8;41.4;105.0;25.1;0.0;;27.0;99.0;100.0;100.0;19.2;;;3990.0;ICON
2026-09-29T06:15:00+02:00;2026-09-29T12:42:44+02:00;hyeres;AROMEHD;43.11;6.129999;18.0;2026-09-30T16:00;25.0;42.1;102.0;25.1;0.0;;25.0;2.0;100.0;100.0;19.5;;;3960.0;ICON
2026-09-29T06:15:00+02:00;2026-09-29T12:42:44+02:00;hyeres;AROMEHD;43.11;6.129999;18.0;2026-09-30T17:00;23.6;41.4;102.0;24.9;0.0;;3.0;1.0;100.0;100.0;19.2;;;3960.0;ICON
2026-09-29T06:15:00+02:00;2026-09-29T12:42:44+02:00;hyeres;AROMEHD;43.11;6.129999;18.0;2026-09-30T18:00;21.0;38.9;96.0;24.5;0.0;;0.0;0.0;100.0;100.0;19.3;;;3950.0;ICON
2026-09-29T06:15:00+02:00;2026-09-29T12:42:44+02:00;hyeres;AROMEHD;43.11;6.129999;18.0;2026-09-30T19:00;18.1;34.9;95.0;24.0;0.0;;0.0;1.0;100.0;100.0;19.2;;;3940.0;ICON
2026-09-29T06:15:00+02:00;2026-09-29T12:42:44+02:00;hyeres;AROMEHD;43.11;6.129999;18.0;2026-09-30T20:00;16.9;30.2;88.0;23.4;0.0;;40.0;1.0;100.0;100.0;19.5;;;3970.0;ICON
2026-09-29T06:15:00+02:00;2026-09-29T12:42:44+02:00;hyeres;AROMEHD;43.11;6.129999;18.0;2026-09-30T21:00;13.2;28.4;73.0;22.9;0.0;;18.0;28.0;100.0;100.0;19.6;;;3950.0;ICON
2026-09-29T06:15:00+02:00;2026-09-29T12:42:44+02:00;hyeres;AROMEHD;43.11;6.129999;18.0;2026-09-30T22:00;9.2;22.7;59.0;22.5;0.0;;100.0;37.0;100.0;100.0;19.6;;;3930.0;ICON
2026-09-29T06:15:00+02:00;2026-09-29T12:42:44+02:00;hyeres;AROMEHD;43.11;6.129999;18.0;2026-09-30T23:00;10.1;21.2;63.0;22.5;0.0;;87.0;55.0;100.0;100.0;19.7;;;3870.0;ICON
2026-09-29T06:15:00+02:00;2026-09-29T12:42:44+02:00;hyeres;AROMEHD;43.11;6.129999;18.0;2026-10-01T00:00;9.7;22.3;51.0;22.3;0.0;;19.0;22.0;100.0;100.0;19.4;;;3830.0;ICON
2026-09-29T06:15:00+02:00;2026-09-29T12:42:44+02:00;hyeres;AROMEHD;43.11;6.129999;18.0;2026-10-01T01:00;9.7;18.7;48.0;21.9;0.0;;0.0;62.0;100.0;100.0;19.3;;;3790.0;ICON
2026-09-29T06:15:00+02:00;2026-09-29T12:42:44+02:00;hyeres;AROMEHD;43.11;6.129999;18.0;2026-10-01T02:00;7.2;16.6;3.0;21.4;0.0;;4.0;100.0;100.0;100.0;18.8;;;3810.0;ICON
2026-09-29T06:15:00+02:00;2026-09-29T12:42:44+02:00;hyeres;AROMEHD;43.11;6.129999;18.0;2026-10-01T03:00;8.2;16.6;345.0;21.5;0.0;;4.0;100.0;100.0;100.0;18.7;;;3810.0;ICON
2026-09-29T06:15:00+02:00;2026-09-29T12:42:44+02:00;hyeres;AROMEHD;43.11;6.129999;18.0;2026-10-01T04:00;10.8;17.6;4.0;21.6;0.0;;0.0;100.0;100.0;100.0;18.5;;;3790.0;ICON
2026-09-29T06:15:00+02:00;2026-09-29T12:42:44+02:00;hyeres;AROMEHD;43.11;6.129999;18.0;2026-10-01T05:00;8.3;22.0;360.0;21.7;0.0;;0.0;100.0;100.0;100.0;18.0;;;3790.0;ICON
2026-09-29T06:15:00+02:00;2026-09-29T12:42:44+02:00;hyeres;AROMEHD;43.11;6.129999;18.0;2026-10-01T06:00;5.1;16.6;356.0;21.0;0.7;;96.0;100.0;100.0;100.0;18.8;;;3810.0;ICON
2026-09-29T06:15:00+02:00;2026-09-29T12:42:44+02:00;hyeres;AROMEHD;43.11;6.129999;18.0;2026-10-01T07:00;11.0;18.4;41.0;20.8;2.1;;11.0;88.0;100.0;100.0;19.1;;;3830.0;ICON
2026-09-29T06:15:00+02:00;2026-09-29T12:42:44+02:00;hyeres;AROMEHD;43.11;6.129999;18.0;2026-10-01T08:00;11.4;24.5;28.0;21.3;0.1;;83.0;100.0;100.0;100.0;18.5;;;3880.0;ICON
2026-09-29T06:15:00+02:00;2026-09-29T12:42:44+02:00;meribel;AROMEHD;45.39;6.59;2023.0;2026-09-29T00:00;6.0;12.2;147.0;8.5;0.0;;0.0;66.0;100.0;100.0;0.7;;;3990.0;ICON
2026-09-29T06:15:00+02:00;2026-09-29T12:42:44+02:00;meribel;AROMEHD;45.39;6.59;2023.0;2026-09-29T01:00;4.7;12.6;148.0;8.4;0.0;;0.0;100.0;100.0;100.0;0.1;;;3980.0;ICON
2026-09-29T06:15:00+02:00;2026-09-29T12:42:44+02:00;meribel;AROMEHD;45.39;6.59;2023.0;2026-09-29T02:00;4.2;9.0;149.0;10.2;0.0;;0.0;100.0;100.0;100.0;-0.3;;;3970.0;ICON
2026-09-29T06:15:00+02:00;2026-09-29T12:42:44+02:00;meribel;AROMEHD;45.39;6.59;2023.0;2026-09-29T03:00;3.7;9.4;119.0;9.1;0.0;;0.0;3.0;100.0;100.0;-0.8;;;3950.0;ICON
2026-09-29T06:15:00+02:00;2026-09-29T12:42:44+02:00;meribel;AROMEHD;45.39;6.59;2023.0;2026-09-29T04:00;4.7;7.2;113.0;7.9;0.0;;0.0;37.0;100.0;100.0;-0.9;;;3960.0;ICON
2026-09-29T06:15:00+02:00;2026-09-29T12:42:44+02:00;meribel;AROMEHD;45.39;6.59;2023.0;2026-09-29T05:00;3.8;8.6;139.0;9.7;0.0;;0.0;17.0;100.0;100.0;-1.4;;;3980.0;ICON
2026-09-29T06:15:00+02:00;2026-09-29T12:42:44+02:00;meribel;AROMEHD;45.39;6.59;2023.0;2026-09-29T06:00;4.5;7.9;119.0;8.2;0.0;;0.0;0.0;99.0;99.0;-1.1;;;3970.0;ICON
2026-09-29T06:15:00+02:00;2026-09-29T12:42:44+02:00;meribel;AROMEHD;45.39;6.59;2023.0;2026-09-29T07:00;4.6;10.1;129.0;7.6;0.0;;0.0;0.0;100.0;100.0;-2.2;;;3950.0;ICON
2026-09-29T06:15:00+02:00;2026-09-29T12:42:44+02:00;meribel;AROMEHD;45.39;6.59;2023.0;2026-09-29T08:00;6.4;11.9;133.0;7.4;0.0;;0.0;0.0;100.0;100.0;-1.6;;;3950.0;ICON
2026-09-29T06:15:00+02:00;2026-09-29T12:42:44+02:00;meribel;AROMEHD;45.39;6.59;2023.0;2026-09-29T09:00;5.3;11.5;152.0;8.5;0.0;;0.0;0.0;100.0;100.0;-0.3;;;3960.0;ICON
2026-09-29T06:15:00+02:00;2026-09-29T12:42:44+02:00;meribel;AROMEHD;45.39;6.59;2023.0;2026-09-29T10:00;4.0;10.8;153.0;10.1;0.0;;0.0;0.0;100.0;100.0;2.0;;;3970.0;ICON
2026-09-29T06:15:00+02:00;2026-09-29T12:42:44+02:00;meribel;AROMEHD;45.39;6.59;2023.0;2026-09-29T11:00;0.8;7.2;297.0;12.6;0.0;;0.0;0.0;100.0;100.0;3.7;;;3900.0;ICON
2026-09-29T06:15:00+02:00;2026-09-29T12:42:44+02:00;meribel;AROMEHD;45.39;6.59;2023.0;2026-09-29T12:00;2.5;6.5;278.0;13.6;0.0;;0.0;0.0;100.0;100.0;5.0;;;3880.0;ICON
2026-09-29T06:15:00+02:00;2026-09-29T12:42:44+02:00;meribel;AROMEHD;45.39;6.59;2023.0;2026-09-29T13:00;4.4;10.8;305.0;14.4;0.0;;0.0;0.0;100.0;100.0;6.7;;;3890.0;ICON
2026-09-29T06:15:00+02:00;2026-09-29T12:42:44+02:00;meribel;AROMEHD;45.39;6.59;2023.0;2026-09-29T14:00;5.6;13.0;310.0;15.1;0.0;;0.0;0.0;100.0;100.0;5.3;;;3890.0;ICON
2026-09-29T06:15:00+02:00;2026-09-29T12:42:44+02:00;meribel;AROMEHD;45.39;6.59;2023.0;2026-09-29T15:00;5.1;13.7;309.0;15.2;0.0;;0.0;0.0;100.0;100.0;6.2;;;3840.0;ICON
2026-09-29T06:15:00+02:00;2026-09-29T12:42:44+02:00;meribel;AROMEHD;45.39;6.59;2023.0;2026-09-29T16:00;2.9;12.6;300.0;14.2;0.0;;0.0;68.0;100.0;100.0;6.7;;;3810.0;ICON
2026-09-29T06:15:00+02:00;2026-09-29T12:42:44+02:00;meribel;AROMEHD;45.39;6.59;2023.0;2026-09-29T17:00;1.5;6.8;284.0;13.1;0.0;;0.0;97.0;100.0;100.0;7.5;;;3810.0;ICON
2026-09-29T06:15:00+02:00;2026-09-29T12:42:44+02:00;meribel;AROMEHD;45.39;6.59;2023.0;2026-09-29T18:00;0.8;3.2;243.0;13.1;0.0;;0.0;1.0;100.0;100.0;7.9;;;3890.0;ICON
2026-09-29T06:15:00+02:00;2026-09-29T12:42:44+02:00;meribel;AROMEHD;45.39;6.59;2023.0;2026-09-29T19:00;1.1;2.2;90.0;12.2;0.0;;0.0;6.0;100.0;100.0;8.0;;;3930.0;ICON
2026-09-29T06:15:00+02:00;2026-09-29T12:42:44+02:00;meribel;AROMEHD;45.39;6.59;2023.0;2026-09-29T20:00;3.5;7.2;156.0;9.9;0.0;;0.0;0.0;100.0;100.0;4.5;;;3960.0;ICON
2026-09-29T06:15:00+02:00;2026-09-29T12:42:44+02:00;meribel;AROMEHD;45.39;6.59;2023.0;2026-09-29T21:00;6.6;13.3;151.0;8.6;0.0;;0.0;6.0;68.0;68.0;-1.5;;;3950.0;ICON
2026-09-29T06:15:00+02:00;2026-09-29T12:42:44+02:00;meribel;AROMEHD;45.39;6.59;2023.0;2026-09-29T22:00;9.3;20.9;152.0;8.2;0.0;;0.0;99.0;100.0;100.0;-1.6;;;3970.0;ICON
2026-09-29T06:15:00+02:00;2026-09-29T12:42:44+02:00;meribel;AROMEHD;45.39;6.59;2023.0;2026-09-29T23:00;7.9;20.9;156.0;8.6;0.0;;0.0;99.0;74.0;99.0;-2.7;;;3870.0;ICON
2026-09-29T06:15:00+02:00;2026-09-29T12:42:44+02:00;meribel;AROMEHD;45.39;6.59;2023.0;2026-09-30T00:00;6.5;17.6;146.0;7.9;0.0;;0.0;0.0;0.0;0.0;-2.4;;;3940.0;ICON
2026-09-29T06:15:00+02:00;2026-09-29T12:42:44+02:00;meribel;AROMEHD;45.39;6.59;2023.0;2026-09-30T01:00;4.7;13.7;122.0;7.4;0.0;;0.0;100.0;44.0;100.0;-1.6;;;3910.0;ICON
2026-09-29T06:15:00+02:00;2026-09-29T12:42:44+02:00;meribel;AROMEHD;45.39;6.59;2023.0;2026-09-30T02:00;4.0;8.6;117.0;8.2;0.0;;13.0;100.0;72.0;100.0;-0.4;;;3840.0;ICON
2026-09-29T06:15:00+02:00;2026-09-29T12:42:44+02:00;meribel;AROMEHD;45.39;6.59;2023.0;2026-09-30T03:00;5.6;12.6;153.0;8.6;0.0;;1.0;100.0;88.0;100.0;1.0;;;3850.0;ICON
2026-09-29T06:15:00+02:00;2026-09-29T12:42:44+02:00;meribel;AROMEHD;45.39;6.59;2023.0;2026-09-30T04:00;4.4;11.9;145.0;8.1;0.0;;0.0;88.0;40.0;88.0;1.0;;;3820.0;ICON
2026-09-29T06:15:00+02:00;2026-09-29T12:42:44+02:00;meribel;AROMEHD;45.39;6.59;2023.0;2026-09-30T05:00;4.0;9.4;100.0;7.6;0.0;;0.0;88.0;73.0;88.0;0.7;;;3780.0;ICON
2026-09-29T06:15:00+02:00;2026-09-29T12:42:44+02:00;meribel;AROMEHD;45.39;6.59;2023.0;2026-09-30T06:00;5.1;7.9;98.0;7.2;0.0;;0.0;86.0;0.0;86.0;0.8;;;3820.0;ICON
2026-09-29T06:15:00+02:00;2026-09-29T12:42:44+02:00;meribel;AROMEHD;45.39;6.59;2023.0;2026-09-30T07:00;5.2;7.6;102.0;6.9;0.0;;1.0;100.0;0.0;100.0;0.8;;;3890.0;ICON
2026-09-29T06:15:00+02:00;2026-09-29T12:42:44+02:00;meribel;AROMEHD;45.39;6.59;2023.0;2026-09-30T08:00;4.4;7.6;99.0;7.0;0.0;;1.0;98.0;12.0;98.0;1.1;;;3850.0;ICON
2026-09-29T06:15:00+02:00;2026-09-29T12:42:44+02:00;meribel;AROMEHD;45.39;6.59;2023.0;2026-09-30T09:00;5.0;7.2;90.0;7.8;0.0;;0.0;91.0;2.0;91.0;2.1;;;3810.0;ICON
2026-09-29T06:15:00+02:00;2026-09-29T12:42:44+02:00;meribel;AROMEHD;45.39;6.59;2023.0;2026-09-30T10:00;3.6;6.5;96.0;9.0;0.0;;0.0;81.0;52.0;81.0;3.2;;;3780.0;ICON
2026-09-29T06:15:00+02:00;2026-09-29T12:42:44+02:00;meribel;AROMEHD;45.39;6.59;2023.0;2026-09-30T11:00;1.1;5.0;72.0;11.9;0.0;;0.0;93.0;8.0;93.0;4.8;;;3790.0;ICON
2026-09-29T06:15:00+02:00;2026-09-29T12:42:44+02:00;meribel;AROMEHD;45.39;6.59;2023.0;2026-09-30T12:00;3.4;8.6;302.0;13.3;0.0;;0.0;73.0;91.0;91.0;5.4;;;3820.0;ICON
2026-09-29T06:15:00+02:00;2026-09-29T12:42:44+02:00;meribel;AROMEHD;45.39;6.59;2023.0;2026-09-30T13:00;5.0;12.2;300.0;13.8;0.0;;1.0;100.0;37.0;100.0;6.6;;;3770.0;ICON
2026-09-29T06:15:00+02:00;2026-09-29T12:42:44+02:00;meribel;AROMEHD;45.39;6.59;2023.0;2026-09-30T14:00;4.9;13.3;306.0;14.1;0.0;;63.0;100.0;5.0;100.0;5.7;;;3800.0;ICON
2026-09-29T06:15:00+02:00;2026-09-29T12:42:44+02:00;meribel;AROMEHD;45.39;6.59;2023.0;2026-09-30T15:00;5.2;13.7;295.0;14.1;0.0;;67.0;99.0;53.0;99.0;6.4;;;3790.0;ICON
2026-09-29T06:15:00+02:00;2026-09-29T12:42:44+02:00;meribel;AROMEHD;45.39;6.59;2023.0;2026-09-30T16:00;3.9;12.6;292.0;13.6;0.0;;70.0;100.0;100.0;100.0;7.1;;;3810.0;ICON
2026-09-29T06:15:00+02:00;2026-09-29T12:42:44+02:00;meribel;AROMEHD;45.39;6.59;2023.0;2026-09-30T17:00;1.9;9.7;292.0;13.1;0.0;;69.0;84.0;100.0;100.0;7.9;;;3790.0;ICON
2026-09-29T06:15:00+02:00;2026-09-29T12:42:44+02:00;meribel;AROMEHD;45.39;6.59;2023.0;2026-09-30T18:00;2.8;6.8;310.0;12.5;0.0;;51.0;42.0;100.0;100.0;8.5;;;3820.0;ICON
2026-09-29T06:15:00+02:00;2026-09-29T12:42:44+02:00;meribel;AROMEHD;45.39;6.59;2023.0;2026-09-30T19:00;1.4;6.1;90.0;11.4;0.0;;0.0;87.0;100.0;100.0;8.3;;;3760.0;ICON
2026-09-29T06:15:00+02:00;2026-09-29T12:42:44+02:00;meribel;AROMEHD;45.39;6.59;2023.0;2026-09-30T20:00;3.1;4.7;111.0;9.6;0.0;;0.0;100.0;100.0;100.0;7.2;;;3830.0;ICON
2026-09-29T06:15:00+02:00;2026-09-29T12:42:44+02:00;meribel;AROMEHD;45.39;6.59;2023.0;2026-09-30T21:00;2.6;5.0;106.0;8.8;0.0;;0.0;100.0;100.0;100.0;6.2;;;3830.0;ICON
2026-09-29T06:15:00+02:00;2026-09-29T12:42:44+02:00;meribel;AROMEHD;45.39;6.59;2023.0;2026-09-30T22:00;3.3;4.7;96.0;8.5;0.0;;0.0;100.0;100.0;100.0;6.0;;;3830.0;ICON
2026-09-29T06:15:00+02:00;2026-09-29T12:42:44+02:00;meribel;AROMEHD;45.39;6.59;2023.0;2026-09-30T23:00;3.2;4.7;90.0;7.7;0.0;;0.0;3.0;100.0;100.0;4.9;;;3800.0;ICON
2026-09-29T06:15:00+02:00;2026-09-29T12:42:44+02:00;meribel;AROMEHD;45.39;6.59;2023.0;2026-10-01T00:00;4.0;5.4;95.0;6.9;0.0;;0.0;25.0;100.0;100.0;4.2;;;3740.0;ICON
2026-09-29T06:15:00+02:00;2026-09-29T12:42:44+02:00;meribel;AROMEHD;45.39;6.59;2023.0;2026-10-01T01:00;3.8;5.8;107.0;6.7;0.0;;0.0;10.0;100.0;100.0;3.8;;;3750.0;ICON
2026-09-29T06:15:00+02:00;2026-09-29T12:42:44+02:00;meribel;AROMEHD;45.39;6.59;2023.0;2026-10-01T02:00;3.7;5.8;101.0;6.3;0.0;;0.0;16.0;100.0;100.0;3.5;;;3720.0;ICON
2026-09-29T06:15:00+02:00;2026-09-29T12:42:44+02:00;meribel;AROMEHD;45.39;6.59;2023.0;2026-10-01T03:00;4.0;5.4;100.0;6.2;0.0;;0.0;97.0;100.0;100.0;3.4;;;3720.0;ICON
2026-09-29T06:15:00+02:00;2026-09-29T12:42:44+02:00;meribel;AROMEHD;45.39;6.59;2023.0;2026-10-01T04:00;4.1;5.4;105.0;6.5;0.0;;0.0;99.0;100.0;100.0;3.4;;;3720.0;ICON
2026-09-29T06:15:00+02:00;2026-09-29T12:42:44+02:00;meribel;AROMEHD;45.39;6.59;2023.0;2026-10-01T05:00;3.7;5.4;101.0;6.5;0.0;;0.0;100.0;100.0;100.0;3.5;;;3690.0;ICON
2026-09-29T06:15:00+02:00;2026-09-29T12:42:44+02:00;meribel;AROMEHD;45.39;6.59;2023.0;2026-10-01T06:00;3.3;5.0;96.0;6.7;0.0;;2.0;100.0;99.0;100.0;3.8;;;3680.0;ICON
2026-09-29T06:15:00+02:00;2026-09-29T12:42:44+02:00;meribel;AROMEHD;45.39;6.59;2023.0;2026-10-01T07:00;4.5;5.8;104.0;6.8;0.0;;8.0;100.0;100.0;100.0;3.8;;;3670.0;ICON
2026-09-29T06:15:00+02:00;2026-09-29T12:42:44+02:00;meribel;AROMEHD;45.39;6.59;2023.0;2026-10-01T08:00;2.2;5.4;90.0;7.3;0.0;;37.0;100.0;100.0;100.0;3.9;;;3680.0;ICON
2026-09-29T06:15:00+02:00;2026-09-29T12:42:44+02:00;ferme_de_sauze;ARPEGE;45.1;4.700001;444.0;2026-09-29T00:00;12.5;22.3;192.0;19.1;0.0;95.0;0.0;0.0;95.0;95.0;13.7;968.9;0.0;3950.0;ICON
2026-09-29T06:15:00+02:00;2026-09-29T12:42:44+02:00;ferme_de_sauze;ARPEGE;45.1;4.700001;444.0;2026-09-29T01:00;14.0;26.3;198.0;18.7;0.0;99.0;0.0;0.0;99.0;99.0;15.4;969.3;0.0;3940.0;ICON
2026-09-29T06:15:00+02:00;2026-09-29T12:42:44+02:00;ferme_de_sauze;ARPEGE;45.1;4.700001;444.0;2026-09-29T02:00;17.3;30.2;197.0;18.2;0.0;99.0;0.0;0.0;99.0;99.0;14.1;969.3;0.0;3930.0;ICON
2026-09-29T06:15:00+02:00;2026-09-29T12:42:44+02:00;ferme_de_sauze;ARPEGE;45.1;4.700001;444.0;2026-09-29T03:00;18.0;34.9;200.0;17.9;0.0;97.0;0.0;5.0;97.0;97.0;13.2;969.3;0.0;3940.0;ICON
2026-09-29T06:15:00+02:00;2026-09-29T12:42:44+02:00;ferme_de_sauze;ARPEGE;45.1;4.700001;444.0;2026-09-29T04:00;19.5;38.2;208.0;17.9;0.0;95.0;0.0;15.0;95.0;95.0;11.4;969.0;0.0;3930.0;ICON
2026-09-29T06:15:00+02:00;2026-09-29T12:42:44+02:00;ferme_de_sauze;ARPEGE;45.1;4.700001;444.0;2026-09-29T05:00;20.4;40.0;206.0;18.1;0.0;90.0;0.0;26.0;90.0;90.0;10.2;968.9;0.0;3930.0;ICON
2026-09-29T06:15:00+02:00;2026-09-29T12:42:44+02:00;ferme_de_sauze;ARPEGE;45.1;4.700001;444.0;2026-09-29T06:00;20.6;40.7;205.0;18.2;0.0;100.0;0.0;33.0;100.0;100.0;10.3;968.8;0.0;3920.0;ICON
2026-09-29T06:15:00+02:00;2026-09-29T12:42:44+02:00;ferme_de_sauze;ARPEGE;45.1;4.700001;444.0;2026-09-29T07:00;21.1;41.8;203.0;18.0;0.0;100.0;0.0;17.0;100.0;100.0;11.8;968.8;0.0;3920.0;ICON
2026-09-29T06:15:00+02:00;2026-09-29T12:42:44+02:00;ferme_de_sauze;ARPEGE;45.1;4.700001;444.0;2026-09-29T08:00;19.3;41.8;204.0;17.1;0.0;100.0;0.0;3.0;100.0;100.0;12.4;968.9;0.0;3930.0;ICON
2026-09-29T06:15:00+02:00;2026-09-29T12:42:44+02:00;ferme_de_sauze;ARPEGE;45.1;4.700001;444.0;2026-09-29T09:00;20.0;39.6;206.0;17.9;0.0;100.0;0.0;1.0;100.0;100.0;12.4;969.2;0.0;3980.0;ICON
2026-09-29T06:15:00+02:00;2026-09-29T12:42:44+02:00;ferme_de_sauze;ARPEGE;45.1;4.700001;444.0;2026-09-29T10:00;22.0;45.4;201.0;19.6;0.0;100.0;0.0;5.0;100.0;100.0;11.4;969.7;0.0;4020.0;ICON
2026-09-29T06:15:00+02:00;2026-09-29T12:42:44+02:00;ferme_de_sauze;ARPEGE;45.1;4.700001;444.0;2026-09-29T11:00;24.4;51.5;193.0;21.4;0.0;100.0;0.0;19.0;100.0;100.0;9.6;970.0;0.0;3990.0;ICON
2026-09-29T06:15:00+02:00;2026-09-29T12:42:44+02:00;ferme_de_sauze;ARPEGE;45.1;4.700001;444.0;2026-09-29T12:00;24.1;51.5;189.0;22.7;0.0;100.0;0.0;13.0;100.0;100.0;8.4;969.9;0.0;4020.0;ICON
2026-09-29T06:15:00+02:00;2026-09-29T12:42:44+02:00;ferme_de_sauze;ARPEGE;45.1;4.700001;444.0;2026-09-29T13:00;23.2;51.1;186.0;23.5;0.0;100.0;0.0;39.0;100.0;100.0;7.9;969.9;0.0;4020.0;ICON
2026-09-29T06:15:00+02:00;2026-09-29T12:42:44+02:00;ferme_de_sauze;ARPEGE;45.1;4.700001;444.0;2026-09-29T14:00;24.2;52.9;183.0;24.1;0.0;100.0;0.0;39.0;100.0;100.0;8.1;969.6;0.0;4100.0;ICON
2026-09-29T06:15:00+02:00;2026-09-29T12:42:44+02:00;ferme_de_sauze;ARPEGE;45.1;4.700001;444.0;2026-09-29T15:00;25.7;55.1;186.0;24.4;0.0;100.0;0.0;32.0;100.0;100.0;8.7;969.1;0.0;4100.0;ICON
2026-09-29T06:15:00+02:00;2026-09-29T12:42:44+02:00;ferme_de_sauze;ARPEGE;45.1;4.700001;444.0;2026-09-29T16:00;24.7;55.1;188.0;24.4;0.0;100.0;0.0;42.0;100.0;100.0;9.1;968.7;0.0;4060.0;ICON
2026-09-29T06:15:00+02:00;2026-09-29T12:42:44+02:00;ferme_de_sauze;ARPEGE;45.1;4.700001;444.0;2026-09-29T17:00;24.5;52.6;194.0;24.2;0.0;98.0;0.0;47.0;98.0;98.0;9.0;968.5;0.0;4100.0;ICON
2026-09-29T06:15:00+02:00;2026-09-29T12:42:44+02:00;ferme_de_sauze;ARPEGE;45.1;4.700001;444.0;2026-09-29T18:00;23.1;51.1;198.0;23.9;0.0;86.0;0.0;72.0;81.0;86.0;8.7;968.7;0.0;4090.0;ICON
2026-09-29T06:15:00+02:00;2026-09-29T12:42:44+02:00;ferme_de_sauze;ARPEGE;45.1;4.700001;444.0;2026-09-29T19:00;21.3;47.9;204.0;23.1;0.0;75.0;0.0;59.0;58.0;75.0;9.8;968.9;0.0;4020.0;ICON
2026-09-29T06:15:00+02:00;2026-09-29T12:42:44+02:00;ferme_de_sauze;ARPEGE;45.1;4.700001;444.0;2026-09-29T20:00;20.9;42.8;201.0;22.2;0.0;64.0;0.0;58.0;30.0;64.0;10.9;969.1;0.0;3860.0;ICON
2026-09-29T06:15:00+02:00;2026-09-29T12:42:44+02:00;ferme_de_sauze;ARPEGE;45.1;4.700001;444.0;2026-09-29T21:00;22.2;45.0;200.0;21.6;0.0;59.0;0.0;51.0;23.0;59.0;11.6;969.2;0.0;3930.0;ICON
2026-09-29T06:15:00+02:00;2026-09-29T12:42:44+02:00;ferme_de_sauze;ARPEGE;45.1;4.700001;444.0;2026-09-29T22:00;22.8;46.1;198.0;21.0;0.0;58.0;0.0;40.0;29.0;58.0;13.9;969.4;0.0;3940.0;ICON
2026-09-29T06:15:00+02:00;2026-09-29T12:42:44+02:00;ferme_de_sauze;ARPEGE;45.1;4.700001;444.0;2026-09-29T23:00;23.1;46.4;195.0;20.7;0.0;67.0;0.0;25.0;57.0;67.0;13.8;969.5;0.0;3850.0;ICON
2026-09-29T06:15:00+02:00;2026-09-29T12:42:44+02:00;ferme_de_sauze;ARPEGE;45.1;4.700001;444.0;2026-09-30T00:00;22.8;46.4;192.0;20.4;0.0;83.0;0.0;33.0;74.0;83.0;12.6;969.4;0.0;3930.0;ICON
2026-09-29T06:15:00+02:00;2026-09-29T12:42:44+02:00;ferme_de_sauze;ARPEGE;45.1;4.700001;444.0;2026-09-30T01:00;23.5;51.1;209.0;19.9;0.0;100.0;100.0;91.0;86.0;100.0;11.7;969.3;0.0;3930.0;ICON
2026-09-29T06:15:00+02:00;2026-09-29T12:42:44+02:00;ferme_de_sauze;ARPEGE;45.1;4.700001;444.0;2026-09-30T02:00;18.9;43.9;204.0;19.9;0.0;99.0;10.0;63.0;97.0;99.0;10.3;969.1;0.0;3870.0;ICON
2026-09-29T06:15:00+02:00;2026-09-29T12:42:44+02:00;ferme_de_sauze;ARPEGE;45.1;4.700001;444.0;2026-09-30T03:00;21.4;41.4;207.0;19.9;0.0;100.0;35.0;99.0;97.0;100.0;10.0;969.3;0.0;3970.0;ICON
2026-09-29T06:15:00+02:00;2026-09-29T12:42:44+02:00;ferme_de_sauze;ARPEGE;45.1;4.700001;444.0;2026-09-30T04:00;20.5;44.3;208.0;20.2;0.0;95.0;6.0;79.0;81.0;95.0;9.4;969.1;0.0;3980.0;ICON
2026-09-29T06:15:00+02:00;2026-09-29T12:42:44+02:00;ferme_de_sauze;ARPEGE;45.1;4.700001;444.0;2026-09-30T05:00;20.3;41.8;207.0;19.5;0.1;82.0;12.0;21.0;76.0;82.0;9.4;968.8;0.0;3890.0;ICON
2026-09-29T06:15:00+02:00;2026-09-29T12:42:44+02:00;ferme_de_sauze;ARPEGE;45.1;4.700001;444.0;2026-09-30T06:00;20.9;42.5;207.0;19.9;0.0;100.0;9.0;100.0;100.0;100.0;8.5;968.7;0.0;3930.0;ICON
2026-09-29T06:15:00+02:00;2026-09-29T12:42:44+02:00;ferme_de_sauze;ARPEGE;45.1;4.700001;444.0;2026-09-30T07:00;18.4;41.4;211.0;19.7;0.1;95.0;38.0;36.0;91.0;95.0;8.3;968.7;0.0;3820.0;ICON
2026-09-29T06:15:00+02:00;2026-09-29T12:42:44+02:00;ferme_de_sauze;ARPEGE;45.1;4.700001;444.0;2026-09-30T08:00;20.4;39.6;222.0;19.0;1.0;100.0;10.0;99.0;100.0;100.0;11.0;969.4;0.0;3930.0;ICON
2026-09-29T06:15:00+02:00;2026-09-29T12:42:44+02:00;ferme_de_sauze;ARPEGE;45.1;4.700001;444.0;2026-09-30T09:00;20.2;39.6;220.0;16.3;2.8;100.0;0.0;100.0;94.0;100.0;13.4;969.6;0.0;3920.0;ICON
2026-09-29T06:15:00+02:00;2026-09-29T12:42:44+02:00;ferme_de_sauze;ARPEGE;45.1;4.700001;444.0;2026-09-30T10:00;23.4;45.7;217.0;16.2;3.1;100.0;24.0;100.0;99.0;100.0;13.4;970.3;0.0;3840.0;ICON
2026-09-29T06:15:00+02:00;2026-09-29T12:42:44+02:00;ferme_de_sauze;ARPEGE;45.1;4.700001;444.0;2026-09-30T11:00;18.2;44.6;231.0;16.2;2.1;100.0;100.0;93.0;95.0;100.0;13.6;970.5;0.0;3850.0;ICON
2026-09-29T06:15:00+02:00;2026-09-29T12:42:44+02:00;ferme_de_sauze;ARPEGE;45.1;4.700001;444.0;2026-09-30T12:00;18.9;49.3;220.0;17.1;0.4;100.0;94.0;90.0;95.0;100.0;14.4;970.9;0.0;3860.0;ICON
2026-09-29T06:15:00+02:00;2026-09-29T12:42:44+02:00;ferme_de_sauze;ARPEGE;45.1;4.700001;444.0;2026-09-30T13:00;20.6;45.7;224.0;17.1;1.5;100.0;80.0;93.0;96.0;100.0;14.9;970.7;0.0;3880.0;ICON
2026-09-29T06:15:00+02:00;2026-09-29T12:42:44+02:00;ferme_de_sauze;ARPEGE;45.1;4.700001;444.0;2026-09-30T14:00;19.7;45.0;232.0;17.7;0.2;100.0;100.0;75.0;100.0;100.0;14.8;970.5;0.0;3840.0;ICON
2026-09-29T06:15:00+02:00;2026-09-29T12:42:44+02:00;ferme_de_sauze;ARPEGE;45.1;4.700001;444.0;2026-09-30T15:00;17.6;45.0;226.0;17.5;0.6;100.0;93.0;89.0;100.0;100.0;15.3;970.0;0.0;3780.0;ICON
2026-09-29T06:15:00+02:00;2026-09-29T12:42:44+02:00;ferme_de_sauze;ARPEGE;45.1;4.700001;444.0;2026-09-30T16:00;17.6;36.7;223.0;18.0;0.4;100.0;71.0;54.0;100.0;100.0;15.4;969.9;0.0;3780.0;ICON
2026-09-29T06:15:00+02:00;2026-09-29T12:42:44+02:00;ferme_de_sauze;ARPEGE;45.1;4.700001;444.0;2026-09-30T17:00;15.5;35.3;224.0;18.2;0.4;100.0;79.0;37.0;100.0;100.0;15.5;969.6;0.0;3800.0;ICON
2026-09-29T06:15:00+02:00;2026-09-29T12:42:44+02:00;ferme_de_sauze;ARPEGE;45.1;4.700001;444.0;2026-09-30T18:00;13.8;37.1;223.0;18.2;0.5;100.0;100.0;83.0;100.0;100.0;16.0;969.5;0.0;3860.0;ICON
2026-09-29T06:15:00+02:00;2026-09-29T12:42:44+02:00;ferme_de_sauze;ARPEGE;45.1;4.700001;444.0;2026-09-30T19:00;13.8;33.8;219.0;17.9;0.4;100.0;85.0;13.0;100.0;100.0;15.9;969.5;0.0;3970.0;ICON
2026-09-29T06:15:00+02:00;2026-09-29T12:42:44+02:00;ferme_de_sauze;ARPEGE;45.1;4.700001;444.0;2026-09-30T20:00;15.7;30.2;233.0;17.8;0.0;100.0;100.0;48.0;100.0;100.0;15.4;969.8;0.0;3920.0;ICON
2026-09-29T06:15:00+02:00;2026-09-29T12:42:44+02:00;ferme_de_sauze;ARPEGE;45.1;4.700001;444.0;2026-09-30T21:00;15.0;33.1;222.0;17.7;0.4;100.0;35.0;78.0;100.0;100.0;15.3;969.7;0.0;3770.0;ICON
2026-09-29T06:15:00+02:00;2026-09-29T12:42:44+02:00;ferme_de_sauze;ARPEGE;45.1;4.700001;444.0;2026-09-30T22:00;15.7;33.8;233.0;17.6;0.5;100.0;92.0;97.0;100.0;100.0;14.9;970.0;0.0;3710.0;ICON
2026-09-29T06:15:00+02:00;2026-09-29T12:42:44+02:00;ferme_de_sauze;ARPEGE;45.1;4.700001;444.0;2026-09-30T23:00;18.4;37.1;220.0;16.9;1.4;100.0;5.0;100.0;100.0;100.0;14.9;970.4;0.0;3810.0;ICON
2026-09-29T06:15:00+02:00;2026-09-29T12:42:44+02:00;ferme_de_sauze;ARPEGE;45.1;4.700001;444.0;2026-10-01T00:00;16.3;35.6;227.0;16.7;3.6;100.0;12.0;100.0;100.0;100.0;15.1;970.4;0.0;3850.0;ICON
2026-09-29T06:15:00+02:00;2026-09-29T12:42:44+02:00;ferme_de_sauze;ARPEGE;45.1;4.700001;444.0;2026-10-01T01:00;15.8;36.0;225.0;16.6;3.9;100.0;73.0;100.0;99.0;100.0;15.0;970.5;0.0;3820.0;ICON
2026-09-29T06:15:00+02:00;2026-09-29T12:42:44+02:00;ferme_de_sauze;ARPEGE;45.1;4.700001;444.0;2026-10-01T02:00;14.8;36.4;223.0;16.6;4.1;100.0;48.0;100.0;100.0;100.0;15.3;970.5;0.0;3830.0;ICON
2026-09-29T06:15:00+02:00;2026-09-29T12:42:44+02:00;ferme_de_sauze;ARPEGE;45.1;4.700001;444.0;2026-10-01T03:00;10.5;35.6;207.0;16.0;8.4;100.0;99.0;100.0;100.0;100.0;15.4;970.4;0.0;3740.0;ICON
2026-09-29T06:15:00+02:00;2026-09-29T12:42:44+02:00;ferme_de_sauze;ARPEGE;45.1;4.700001;444.0;2026-10-01T04:00;12.4;41.0;202.0;15.9;9.5;100.0;87.0;100.0;100.0;100.0;15.0;970.3;0.0;3680.0;ICON
2026-09-29T06:15:00+02:00;2026-09-29T12:42:44+02:00;ferme_de_sauze;ARPEGE;45.1;4.700001;444.0;2026-10-01T05:00;10.6;27.7;190.0;15.9;0.9;100.0;23.0;51.0;100.0;100.0;14.9;970.2;0.0;3720.0;ICON
2026-09-29T06:15:00+02:00;2026-09-29T12:42:44+02:00;ferme_de_sauze;ARPEGE;45.1;4.700001;444.0;2026-10-01T06:00;10.5;18.7;188.0;15.8;0.1;100.0;95.0;72.0;100.0;100.0;15.0;970.4;0.0;3730.0;ICON
2026-09-29T06:15:00+02:00;2026-09-29T12:42:44+02:00;ferme_de_sauze;ARPEGE;45.1;4.700001;444.0;2026-10-01T07:00;10.4;19.1;200.0;16.1;0.0;100.0;90.0;36.0;100.0;100.0;15.1;970.7;0.0;3750.0;ICON
2026-09-29T06:15:00+02:00;2026-09-29T12:42:44+02:00;ferme_de_sauze;ARPEGE;45.1;4.700001;444.0;2026-10-01T08:00;12.1;22.7;203.0;16.4;0.0;100.0;81.0;27.0;100.0;100.0;15.2;971.2;0.0;3620.0;ICON
2026-09-29T06:15:00+02:00;2026-09-29T12:42:44+02:00;ferme_de_sauze;ARPEGE;45.1;4.700001;444.0;2026-10-01T09:00;11.9;23.8;205.0;16.8;0.0;100.0;51.0;32.0;100.0;100.0;15.5;971.9;0.0;3727.5;ICON
2026-09-29T06:15:00+02:00;2026-09-29T12:42:44+02:00;ferme_de_sauze;ARPEGE;45.1;4.700001;444.0;2026-10-01T10:00;11.1;21.6;205.0;17.6;0.4;100.0;95.0;94.0;100.0;100.0;16.1;972.7;0.0;3765.0;ICON
2026-09-29T06:15:00+02:00;2026-09-29T12:42:44+02:00;ferme_de_sauze;ARPEGE;45.1;4.700001;444.0;2026-10-01T11:00;7.5;20.5;215.0;17.6;1.2;100.0;100.0;100.0;100.0;100.0;16.4;973.6;0.0;3800.0;ICON
2026-09-29T06:15:00+02:00;2026-09-29T12:42:44+02:00;ferme_de_sauze;ARPEGE;45.1;4.700001;444.0;2026-10-01T12:00;11.9;23.4;14.0;16.6;0.9;100.0;100.0;100.0;79.0;100.0;16.4;974.7;0.0;3730.0;ICON
2026-09-29T06:15:00+02:00;2026-09-29T12:42:44+02:00;ferme_de_sauze;ARPEGE;45.1;4.700001;444.0;2026-10-01T13:00;9.7;23.8;27.0;16.0;2.4;100.0;91.0;92.0;98.0;100.0;15.8;975.0;0.0;3760.0;ICON
2026-09-29T06:15:00+02:00;2026-09-29T12:42:44+02:00;ferme_de_sauze;ARPEGE;45.1;4.700001;444.0;2026-10-01T14:00;10.5;21.6;41.0;16.2;0.4;100.0;100.0;73.0;96.0;100.0;16.0;975.2;0.0;3640.0;ICON
2026-09-29T06:15:00+02:00;2026-09-29T12:42:44+02:00;ferme_de_sauze;ARPEGE;45.1;4.700001;444.0;2026-10-01T15:00;8.5;21.6;28.0;15.8;0.1;100.0;100.0;75.0;77.0;100.0;15.4;975.1;0.0;3630.0;ICON
2026-09-29T06:15:00+02:00;2026-09-29T12:42:44+02:00;ferme_de_sauze;ARPEGE;45.1;4.700001;444.0;2026-10-01T16:00;8.9;18.4;14.0;15.8;0.0;95.0;78.0;53.0;45.0;95.0;15.0;975.2;0.0;3570.0;ICON
2026-09-29T06:15:00+02:00;2026-09-29T12:42:44+02:00;ferme_de_sauze;ARPEGE;45.1;4.700001;444.0;2026-10-01T17:00;9.7;19.8;15.0;16.4;0.0;65.0;13.0;13.0;54.0;65.0;15.3;975.2;0.0;3660.0;ICON
2026-09-29T06:15:00+02:00;2026-09-29T12:42:44+02:00;ferme_de_sauze;ARPEGE;45.1;4.700001;444.0;2026-10-01T18:00;10.5;21.2;16.0;16.8;0.0;72.0;7.0;7.0;68.0;72.0;15.0;975.5;0.0;3690.0;ICON
2026-09-29T06:15:00+02:00;2026-09-29T12:42:44+02:00;ferme_de_sauze;ARPEGE;45.1;4.700001;444.0;2026-10-01T19:00;11.2;21.6;6.0;16.2;0.0;81.0;1.0;0.0;81.0;81.0;14.2;975.7;0.0;3700.0;ICON
2026-09-29T06:15:00+02:00;2026-09-29T12:42:44+02:00;ferme_de_sauze;ARPEGE;45.1;4.700001;444.0;2026-10-01T20:00;10.9;20.5;354.0;15.3;0.0;96.0;0.0;0.0;96.0;96.0;13.8;975.9;0.0;3650.0;ICON
2026-09-29T06:15:00+02:00;2026-09-29T12:42:44+02:00;ferme_de_sauze;ARPEGE;45.1;4.700001;444.0;2026-10-01T21:00;10.7;18.7;346.0;14.8;0.0;100.0;0.0;0.0;100.0;100.0;13.6;976.0;0.0;3660.0;ICON
2026-09-29T06:15:00+02:00;2026-09-29T12:42:44+02:00;ferme_de_sauze;ARPEGE;45.1;4.700001;444.0;2026-10-01T22:00;11.1;19.8;347.0;14.6;0.0;98.0;0.0;0.0;98.0;98.0;12.8;976.1;0.0;3860.0;ICON
2026-09-29T06:15:00+02:00;2026-09-29T12:42:44+02:00;ferme_de_sauze;ARPEGE;45.1;4.700001;444.0;2026-10-01T23:00;11.6;20.2;344.0;14.4;0.0;83.0;0.0;0.0;83.0;83.0;12.0;976.1;0.0;4020.0;ICON
2026-09-29T06:15:00+02:00;2026-09-29T12:42:44+02:00;ferme_de_sauze;ARPEGE;45.1;4.700001;444.0;2026-10-02T00:00;12.0;20.9;344.0;14.2;0.0;67.0;0.0;0.0;67.0;67.0;11.3;976.2;0.0;4090.0;ICON
2026-09-29T06:15:00+02:00;2026-09-29T12:42:44+02:00;ferme_de_sauze;ARPEGE;45.1;4.700001;444.0;2026-10-02T01:00;12.4;21.6;343.0;14.1;0.0;64.0;0.0;0.0;64.0;64.0;11.0;976.0;0.0;4090.0;ICON
2026-09-29T06:15:00+02:00;2026-09-29T12:42:44+02:00;ferme_de_sauze;ARPEGE;45.1;4.700001;444.0;2026-10-02T02:00;12.4;22.0;343.0;14.1;0.0;79.0;0.0;0.0;79.0;79.0;11.2;975.9;0.0;4070.0;ICON
2026-09-29T06:15:00+02:00;2026-09-29T12:42:44+02:00;ferme_de_sauze;ARPEGE;45.1;4.700001;444.0;2026-10-02T03:00;12.9;23.0;342.0;14.1;0.0;77.0;0.0;0.0;77.0;77.0;10.9;976.0;0.0;4080.0;ICON
2026-09-29T06:15:00+02:00;2026-09-29T12:42:44+02:00;ferme_de_sauze;ARPEGE;45.1;4.700001;444.0;2026-10-02T04:00;13.3;23.8;347.0;14.1;0.0;88.0;0.0;0.0;88.0;88.0;10.7;975.9;0.0;4100.0;ICON
2026-09-29T06:15:00+02:00;2026-09-29T12:42:44+02:00;ferme_de_sauze;ARPEGE;45.1;4.700001;444.0;2026-10-02T05:00;12.7;24.5;352.0;14.0;0.0;77.0;0.0;0.0;77.0;77.0;10.7;975.8;0.0;4060.0;ICON
2026-09-29T06:15:00+02:00;2026-09-29T12:42:44+02:00;ferme_de_sauze;ARPEGE;45.1;4.700001;444.0;2026-10-02T06:00;12.1;22.7;348.0;13.7;0.0;91.0;0.0;0.0;91.0;91.0;10.9;975.7;0.0;4040.0;ICON
2026-09-29T06:15:00+02:00;2026-09-29T12:42:44+02:00;ferme_de_sauze;ARPEGE;45.1;4.700001;444.0;2026-10-02T07:00;12.0;22.0;351.0;13.6;0.0;96.0;0.0;0.0;96.0;96.0;10.9;975.8;0.0;4070.0;ICON
2026-09-29T06:15:00+02:00;2026-09-29T12:42:44+02:00;ferme_de_sauze;ARPEGE;45.1;4.700001;444.0;2026-10-02T08:00;10.9;20.9;352.0;13.4;0.0;98.0;0.0;0.0;98.0;98.0;10.9;976.1;0.0;4080.0;ICON
2026-09-29T06:15:00+02:00;2026-09-29T12:42:44+02:00;ferme_de_sauze;ARPEGE;45.1;4.700001;444.0;2026-10-02T09:00;10.1;19.1;354.0;13.8;0.0;93.0;0.0;0.0;93.0;93.0;11.1;976.7;0.0;4050.0;ICON
2026-09-29T06:15:00+02:00;2026-09-29T12:42:44+02:00;ferme_de_sauze;ARPEGE;45.1;4.700001;444.0;2026-10-02T10:00;9.4;20.2;360.0;15.0;0.0;95.0;0.0;0.0;95.0;95.0;11.9;977.1;0.0;4030.0;ICON
2026-09-29T06:15:00+02:00;2026-09-29T12:42:44+02:00;ferme_de_sauze;ARPEGE;45.1;4.700001;444.0;2026-10-02T11:00;10.5;23.4;8.0;16.2;0.0;100.0;0.0;0.0;100.0;100.0;12.5;977.4;0.0;4000.0;ICON
2026-09-29T06:15:00+02:00;2026-09-29T12:42:44+02:00;ferme_de_sauze;ARPEGE;45.1;4.700001;444.0;2026-10-02T12:00;10.0;23.4;15.0;17.4;0.0;99.0;0.0;0.0;99.0;99.0;12.5;977.4;0.0;3970.0;ICON
2026-09-29T06:15:00+02:00;2026-09-29T12:42:44+02:00;ferme_de_sauze;ARPEGE;45.1;4.700001;444.0;2026-10-02T13:00;9.6;22.7;20.0;18.4;0.0;96.0;0.0;0.0;96.0;96.0;12.3;977.2;0.0;3890.0;ICON
2026-09-29T06:15:00+02:00;2026-09-29T12:42:44+02:00;ferme_de_sauze;ARPEGE;45.1;4.700001;444.0;2026-10-02T14:00;9.4;22.0;23.0;19.1;0.0;95.0;0.0;0.0;95.0;95.0;12.3;976.7;0.0;3880.0;ICON
2026-09-29T06:15:00+02:00;2026-09-29T12:42:44+02:00;ferme_de_sauze;ARPEGE;45.1;4.700001;444.0;2026-10-02T15:00;8.0;21.2;27.0;19.7;0.0;97.0;0.0;0.0;97.0;97.0;12.4;976.3;0.0;3860.0;ICON
2026-09-29T06:15:00+02:00;2026-09-29T12:42:44+02:00;ferme_de_sauze;ARPEGE;45.1;4.700001;444.0;2026-10-02T16:00;7.1;19.1;30.0;19.9;0.0;100.0;0.0;0.0;100.0;100.0;12.4;975.8;0.0;3830.0;ICON
2026-09-29T06:15:00+02:00;2026-09-29T12:42:44+02:00;ferme_de_sauze;ARPEGE;45.1;4.700001;444.0;2026-10-02T17:00;5.7;16.9;35.0;19.8;0.0;100.0;0.0;0.0;100.0;100.0;12.5;975.4;0.0;3810.0;ICON
2026-09-29T06:15:00+02:00;2026-09-29T12:42:44+02:00;ferme_de_sauze;ARPEGE;45.1;4.700001;444.0;2026-10-02T18:00;4.7;13.3;32.0;19.3;0.0;87.0;0.0;0.0;87.0;87.0;12.3;975.2;0.0;3790.0;ICON
2026-09-29T06:15:00+02:00;2026-09-29T12:42:44+02:00;ferme_de_sauze;ARPEGE;45.1;4.700001;444.0;2026-10-02T19:00;4.5;10.1;29.0;18.2;0.0;82.0;0.0;0.0;82.0;82.0;12.8;975.1;0.0;3760.0;ICON
2026-09-29T06:15:00+02:00;2026-09-29T12:42:44+02:00;ferme_de_sauze;ARPEGE;45.1;4.700001;444.0;2026-10-02T20:00;3.3;7.2;319.0;16.7;0.0;75.0;0.0;0.0;75.0;75.0;12.0;975.2;0.0;3740.0;ICON
2026-09-29T06:15:00+02:00;2026-09-29T12:42:44+02:00;ferme_de_sauze;ARPEGE;45.1;4.700001;444.0;2026-10-02T21:00;6.1;6.8;273.0;15.6;0.0;71.0;0.0;0.0;71.0;71.0;12.3;975.0;0.0;3700.0;ICON
2026-09-29T06:15:00+02:00;2026-09-29T12:42:44+02:00;ferme_de_sauze;ARPEGE;45.1;4.700001;444.0;2026-10-02T22:00;7.6;8.3;267.0;14.8;0.0;70.0;0.0;0.0;70.0;70.0;12.4;975.0;0.0;3670.0;ICON
2026-09-29T06:15:00+02:00;2026-09-29T12:42:44+02:00;ferme_de_sauze;ARPEGE;45.1;4.700001;444.0;2026-10-02T23:00;7.6;8.3;262.0;14.4;0.0;63.0;0.0;1.0;63.0;63.0;12.1;975.0;0.0;3630.0;ICON
2026-09-29T06:15:00+02:00;2026-09-29T12:42:44+02:00;lyon;ARPEGE;45.800003;4.9000015;225.0;2026-09-29T00:00;8.7;15.8;135.0;20.1;0.0;100.0;0.0;1.0;100.0;100.0;10.5;992.9;0.0;3910.0;ICON
2026-09-29T06:15:00+02:00;2026-09-29T12:42:44+02:00;lyon;ARPEGE;45.800003;4.9000015;225.0;2026-09-29T01:00;9.0;14.4;151.0;19.6;0.0;98.0;0.0;1.0;98.0;98.0;11.6;993.1;0.0;3900.0;ICON
2026-09-29T06:15:00+02:00;2026-09-29T12:42:44+02:00;lyon;ARPEGE;45.800003;4.9000015;225.0;2026-09-29T02:00;12.2;17.3;161.0;18.4;0.0;100.0;0.0;0.0;100.0;100.0;11.7;993.3;0.0;3910.0;ICON
2026-09-29T06:15:00+02:00;2026-09-29T12:42:44+02:00;lyon;ARPEGE;45.800003;4.9000015;225.0;2026-09-29T03:00;13.8;22.0;160.0;18.5;0.0;100.0;0.0;0.0;100.0;100.0;12.9;993.5;0.0;3890.0;ICON
2026-09-29T06:15:00+02:00;2026-09-29T12:42:44+02:00;lyon;ARPEGE;45.800003;4.9000015;225.0;2026-09-29T04:00;15.7;25.6;160.0;18.6;0.0;100.0;0.0;1.0;100.0;100.0;13.2;993.4;0.0;3850.0;ICON
2026-09-29T06:15:00+02:00;2026-09-29T12:42:44+02:00;lyon;ARPEGE;45.800003;4.9000015;225.0;2026-09-29T05:00;14.5;25.6;157.0;18.5;0.0;100.0;0.0;4.0;100.0;100.0;12.7;993.3;0.0;3860.0;ICON
2026-09-29T06:15:00+02:00;2026-09-29T12:42:44+02:00;lyon;ARPEGE;45.800003;4.9000015;225.0;2026-09-29T06:00;13.3;23.4;147.0;18.3;0.0;100.0;0.0;9.0;100.0;100.0;12.3;993.1;0.0;3850.0;ICON
2026-09-29T06:15:00+02:00;2026-09-29T12:42:44+02:00;lyon;ARPEGE;45.800003;4.9000015;225.0;2026-09-29T07:00;13.4;21.6;144.0;18.1;0.0;100.0;0.0;26.0;100.0;100.0;12.3;993.1;0.0;3830.0;ICON
2026-09-29T06:15:00+02:00;2026-09-29T12:42:44+02:00;lyon;ARPEGE;45.800003;4.9000015;225.0;2026-09-29T08:00;11.3;22.3;143.0;16.8;0.0;100.0;0.0;6.0;100.0;100.0;12.9;993.7;0.0;3830.0;ICON
2026-09-29T06:15:00+02:00;2026-09-29T12:42:44+02:00;lyon;ARPEGE;45.800003;4.9000015;225.0;2026-09-29T09:00;11.1;19.1;144.0;17.4;0.0;100.0;0.0;0.0;100.0;100.0;13.3;994.0;0.0;3870.0;ICON
2026-09-29T06:15:00+02:00;2026-09-29T12:42:44+02:00;lyon;ARPEGE;45.800003;4.9000015;225.0;2026-09-29T10:00;12.4;22.0;144.0;19.0;0.0;100.0;0.0;0.0;100.0;100.0;13.1;994.4;0.0;3890.0;ICON
2026-09-29T06:15:00+02:00;2026-09-29T12:42:44+02:00;lyon;ARPEGE;45.800003;4.9000015;225.0;2026-09-29T11:00;14.3;26.3;152.0;21.0;0.0;100.0;0.0;0.0;100.0;100.0;12.4;994.3;0.0;3910.0;ICON
2026-09-29T06:15:00+02:00;2026-09-29T12:42:44+02:00;lyon;ARPEGE;45.800003;4.9000015;225.0;2026-09-29T12:00;18.0;34.6;168.0;23.5;0.0;100.0;0.0;0.0;100.0;100.0;10.8;993.9;0.0;3920.0;ICON
2026-09-29T06:15:00+02:00;2026-09-29T12:42:44+02:00;lyon;ARPEGE;45.800003;4.9000015;225.0;2026-09-29T13:00;25.6;46.4;181.0;25.9;0.0;100.0;0.0;1.0;100.0;100.0;7.0;993.5;0.0;3870.0;ICON
2026-09-29T06:15:00+02:00;2026-09-29T12:42:44+02:00;lyon;ARPEGE;45.800003;4.9000015;225.0;2026-09-29T14:00;28.2;52.6;184.0;26.7;0.0;100.0;0.0;11.0;100.0;100.0;6.1;993.2;0.0;3790.0;ICON
2026-09-29T06:15:00+02:00;2026-09-29T12:42:44+02:00;lyon;ARPEGE;45.800003;4.9000015;225.0;2026-09-29T15:00;28.1;53.3;184.0;27.1;0.0;100.0;0.0;33.0;100.0;100.0;5.9;992.5;0.0;3760.0;ICON
2026-09-29T06:15:00+02:00;2026-09-29T12:42:44+02:00;lyon;ARPEGE;45.800003;4.9000015;225.0;2026-09-29T16:00;28.1;50.8;183.0;27.2;0.0;96.0;0.0;43.0;95.0;96.0;7.6;992.2;0.0;3800.0;ICON
2026-09-29T06:15:00+02:00;2026-09-29T12:42:44+02:00;lyon;ARPEGE;45.800003;4.9000015;225.0;2026-09-29T17:00;27.6;50.8;187.0;26.9;0.0;82.0;0.0;41.0;77.0;82.0;7.9;992.0;0.0;3760.0;ICON
2026-09-29T06:15:00+02:00;2026-09-29T12:42:44+02:00;lyon;ARPEGE;45.800003;4.9000015;225.0;2026-09-29T18:00;26.5;49.0;195.0;26.4;0.0;92.0;0.0;41.0;91.0;92.0;7.9;992.2;0.0;3760.0;ICON
2026-09-29T06:15:00+02:00;2026-09-29T12:42:44+02:00;lyon;ARPEGE;45.800003;4.9000015;225.0;2026-09-29T19:00;23.6;46.8;192.0;25.7;0.0;71.0;0.0;44.0;68.0;71.0;7.7;992.5;0.0;3520.0;ICON
2026-09-29T06:15:00+02:00;2026-09-29T12:42:44+02:00;lyon;ARPEGE;45.800003;4.9000015;225.0;2026-09-29T20:00;18.9;40.3;188.0;24.9;0.0;63.0;0.0;49.0;47.0;63.0;8.3;992.6;0.0;3540.0;ICON
2026-09-29T06:15:00+02:00;2026-09-29T12:42:44+02:00;lyon;ARPEGE;45.800003;4.9000015;225.0;2026-09-29T21:00;17.3;31.3;181.0;24.1;0.0;53.0;0.0;37.0;35.0;53.0;10.0;992.8;0.0;3650.0;ICON
2026-09-29T06:15:00+02:00;2026-09-29T12:42:44+02:00;lyon;ARPEGE;45.800003;4.9000015;225.0;2026-09-29T22:00;18.8;32.4;184.0;23.5;0.0;99.0;0.0;83.0;92.0;99.0;10.5;992.9;0.0;3650.0;ICON
2026-09-29T06:15:00+02:00;2026-09-29T12:42:44+02:00;lyon;ARPEGE;45.800003;4.9000015;225.0;2026-09-29T23:00;21.6;37.8;184.0;23.3;0.0;100.0;0.0;96.0;100.0;100.0;11.9;993.0;0.0;4010.0;ICON
2026-09-29T06:15:00+02:00;2026-09-29T12:42:44+02:00;lyon;ARPEGE;45.800003;4.9000015;225.0;2026-09-30T00:00;22.7;40.0;182.0;23.2;0.0;100.0;0.0;78.0;100.0;100.0;12.2;993.1;0.0;3970.0;ICON
2026-09-29T06:15:00+02:00;2026-09-29T12:42:44+02:00;lyon;ARPEGE;45.800003;4.9000015;225.0;2026-09-30T01:00;22.0;40.3;180.0;23.0;0.0;97.0;0.0;73.0;87.0;97.0;11.4;993.2;0.0;3960.0;ICON
2026-09-29T06:15:00+02:00;2026-09-29T12:42:44+02:00;lyon;ARPEGE;45.800003;4.9000015;225.0;2026-09-30T02:00;19.4;38.5;180.0;22.7;0.0;97.0;4.0;82.0;82.0;97.0;11.4;992.9;0.0;3910.0;ICON
2026-09-29T06:15:00+02:00;2026-09-29T12:42:44+02:00;lyon;ARPEGE;45.800003;4.9000015;225.0;2026-09-30T03:00;17.1;32.4;173.0;22.4;0.0;96.0;0.0;54.0;91.0;96.0;9.9;992.9;0.0;3920.0;ICON
2026-09-29T06:15:00+02:00;2026-09-29T12:42:44+02:00;lyon;ARPEGE;45.800003;4.9000015;225.0;2026-09-30T04:00;17.0;35.3;176.0;21.9;0.0;100.0;0.0;87.0;98.0;100.0;9.4;993.1;0.0;3890.0;ICON
2026-09-29T06:15:00+02:00;2026-09-29T12:42:44+02:00;lyon;ARPEGE;45.800003;4.9000015;225.0;2026-09-30T05:00;14.8;33.8;180.0;20.9;0.2;100.0;3.0;99.0;100.0;100.0;11.5;993.0;0.0;3840.0;ICON
2026-09-29T06:15:00+02:00;2026-09-29T12:42:44+02:00;lyon;ARPEGE;45.800003;4.9000015;225.0;2026-09-30T06:00;12.8;25.6;191.0;19.2;0.7;100.0;0.0;100.0;77.0;100.0;13.8;992.8;0.0;3820.0;ICON
2026-09-29T06:15:00+02:00;2026-09-29T12:42:44+02:00;lyon;ARPEGE;45.800003;4.9000015;225.0;2026-09-30T07:00;9.4;21.2;182.0;18.6;0.0;100.0;0.0;100.0;93.0;100.0;13.7;993.0;0.0;3790.0;ICON
2026-09-29T06:15:00+02:00;2026-09-29T12:42:44+02:00;lyon;ARPEGE;45.800003;4.9000015;225.0;2026-09-30T08:00;11.3;24.1;171.0;17.8;1.2;100.0;1.0;99.0;90.0;100.0;14.5;993.3;0.0;3840.0;ICON
2026-09-29T06:15:00+02:00;2026-09-29T12:42:44+02:00;lyon;ARPEGE;45.800003;4.9000015;225.0;2026-09-30T09:00;8.7;18.0;187.0;17.9;0.1;99.0;0.0;96.0;74.0;99.0;15.1;994.1;0.0;3860.0;ICON
2026-09-29T06:15:00+02:00;2026-09-29T12:42:44+02:00;lyon;ARPEGE;45.800003;4.9000015;225.0;2026-09-30T10:00;13.0;23.4;180.0;18.2;0.2;100.0;0.0;100.0;91.0;100.0;14.6;994.6;0.0;3780.0;ICON
2026-09-29T06:15:00+02:00;2026-09-29T12:42:44+02:00;lyon;ARPEGE;45.800003;4.9000015;225.0;2026-09-30T11:00;9.3;21.6;164.0;17.5;0.6;100.0;0.0;97.0;100.0;100.0;15.5;995.2;0.0;3790.0;ICON
2026-09-29T06:15:00+02:00;2026-09-29T12:42:44+02:00;lyon;ARPEGE;45.800003;4.9000015;225.0;2026-09-30T12:00;8.7;20.2;163.0;17.2;3.0;100.0;0.0;100.0;100.0;100.0;15.5;995.5;0.0;3810.0;ICON
2026-09-29T06:15:00+02:00;2026-09-29T12:42:44+02:00;lyon;ARPEGE;45.800003;4.9000015;225.0;2026-09-30T13:00;12.6;30.6;156.0;17.3;2.2;100.0;45.0;100.0;99.0;100.0;15.6;995.3;0.0;3780.0;ICON
2026-09-29T06:15:00+02:00;2026-09-29T12:42:44+02:00;lyon;ARPEGE;45.800003;4.9000015;225.0;2026-09-30T14:00;15.0;27.4;145.0;17.6;0.8;100.0;31.0;99.0;100.0;100.0;15.6;994.7;0.0;3820.0;ICON
2026-09-29T06:15:00+02:00;2026-09-29T12:42:44+02:00;lyon;ARPEGE;45.800003;4.9000015;225.0;2026-09-30T15:00;13.4;25.2;144.0;17.9;0.2;100.0;20.0;89.0;100.0;100.0;16.2;994.4;0.0;3800.0;ICON
2026-09-29T06:15:00+02:00;2026-09-29T12:42:44+02:00;lyon;ARPEGE;45.800003;4.9000015;225.0;2026-09-30T16:00;14.2;25.6;164.0;18.5;0.3;100.0;23.0;100.0;100.0;100.0;16.5;994.2;0.0;3840.0;ICON
2026-09-29T06:15:00+02:00;2026-09-29T12:42:44+02:00;lyon;ARPEGE;45.800003;4.9000015;225.0;2026-09-30T17:00;12.4;23.8;150.0;18.2;0.5;100.0;2.0;89.0;100.0;100.0;16.7;994.0;0.0;3910.0;ICON
2026-09-29T06:15:00+02:00;2026-09-29T12:42:44+02:00;lyon;ARPEGE;45.800003;4.9000015;225.0;2026-09-30T18:00;11.5;19.1;131.0;18.2;0.5;100.0;0.0;77.0;100.0;100.0;17.4;993.8;0.0;3680.0;ICON
2026-09-29T06:15:00+02:00;2026-09-29T12:42:44+02:00;lyon;ARPEGE;45.800003;4.9000015;225.0;2026-09-30T19:00;7.9;18.4;120.0;18.3;0.5;99.0;0.0;96.0;94.0;99.0;17.4;993.7;0.0;3750.0;ICON
2026-09-29T06:15:00+02:00;2026-09-29T12:42:44+02:00;lyon;ARPEGE;45.800003;4.9000015;225.0;2026-09-30T20:00;8.2;14.4;128.0;18.4;0.2;100.0;50.0;96.0;99.0;100.0;17.4;994.0;0.0;3790.0;ICON
2026-09-29T06:15:00+02:00;2026-09-29T12:42:44+02:00;lyon;ARPEGE;45.800003;4.9000015;225.0;2026-09-30T21:00;10.0;16.6;139.0;18.3;2.4;100.0;6.0;95.0;97.0;100.0;17.3;994.2;0.0;3790.0;ICON
2026-09-29T06:15:00+02:00;2026-09-29T12:42:44+02:00;lyon;ARPEGE;45.800003;4.9000015;225.0;2026-09-30T22:00;8.6;14.8;147.0;18.1;2.2;100.0;76.0;98.0;99.0;100.0;17.4;994.4;0.0;3830.0;ICON
2026-09-29T06:15:00+02:00;2026-09-29T12:42:44+02:00;lyon;ARPEGE;45.800003;4.9000015;225.0;2026-09-30T23:00;10.4;19.4;136.0;18.2;0.4;100.0;48.0;95.0;98.0;100.0;17.3;994.7;0.0;3850.0;ICON
2026-09-29T06:15:00+02:00;2026-09-29T12:42:44+02:00;lyon;ARPEGE;45.800003;4.9000015;225.0;2026-10-01T00:00;11.4;20.9;167.0;18.1;1.0;100.0;27.0;82.0;100.0;100.0;16.8;995.0;0.0;3780.0;ICON
2026-09-29T06:15:00+02:00;2026-09-29T12:42:44+02:00;lyon;ARPEGE;45.800003;4.9000015;225.0;2026-10-01T01:00;10.5;19.1;164.0;17.6;1.9;100.0;54.0;99.0;99.0;100.0;16.2;994.9;0.0;3760.0;ICON
2026-09-29T06:15:00+02:00;2026-09-29T12:42:44+02:00;lyon;ARPEGE;45.800003;4.9000015;225.0;2026-10-01T02:00;15.7;26.3;160.0;17.4;1.6;100.0;13.0;79.0;100.0;100.0;16.2;995.0;0.0;3690.0;ICON
2026-09-29T06:15:00+02:00;2026-09-29T12:42:44+02:00;lyon;ARPEGE;45.800003;4.9000015;225.0;2026-10-01T03:00;11.2;25.9;138.0;16.9;1.6;100.0;43.0;88.0;100.0;100.0;16.2;995.0;0.0;3720.0;ICON
2026-09-29T06:15:00+02:00;2026-09-29T12:42:44+02:00;lyon;ARPEGE;45.800003;4.9000015;225.0;2026-10-01T04:00;11.7;19.1;146.0;16.9;0.4;100.0;20.0;75.0;100.0;100.0;16.1;994.9;0.0;3760.0;ICON
2026-09-29T06:15:00+02:00;2026-09-29T12:42:44+02:00;lyon;ARPEGE;45.800003;4.9000015;225.0;2026-10-01T05:00;13.0;22.0;138.0;16.8;0.2;100.0;33.0;66.0;100.0;100.0;15.8;994.7;0.0;3730.0;ICON
2026-09-29T06:15:00+02:00;2026-09-29T12:42:44+02:00;lyon;ARPEGE;45.800003;4.9000015;225.0;2026-10-01T06:00;12.4;22.0;144.0;16.8;0.0;100.0;28.0;61.0;100.0;100.0;15.7;994.9;0.0;3670.0;ICON
2026-09-29T06:15:00+02:00;2026-09-29T12:42:44+02:00;lyon;ARPEGE;45.800003;4.9000015;225.0;2026-10-01T07:00;12.9;21.2;150.0;16.8;0.2;100.0;49.0;47.0;100.0;100.0;15.6;995.2;0.0;3620.0;ICON
2026-09-29T06:15:00+02:00;2026-09-29T12:42:44+02:00;lyon;ARPEGE;45.800003;4.9000015;225.0;2026-10-01T08:00;10.0;20.2;150.0;16.7;0.5;100.0;81.0;50.0;100.0;100.0;15.7;996.0;0.0;3610.0;ICON
2026-09-29T06:15:00+02:00;2026-09-29T12:42:44+02:00;lyon;ARPEGE;45.800003;4.9000015;225.0;2026-10-01T09:00;1.6;15.5;297.0;17.1;0.6;100.0;100.0;95.0;100.0;100.0;16.2;997.3;0.0;3642.5;ICON
2026-09-29T06:15:00+02:00;2026-09-29T12:42:44+02:00;lyon;ARPEGE;45.800003;4.9000015;225.0;2026-10-01T10:00;2.6;6.5;34.0;17.1;0.9;100.0;100.0;94.0;100.0;100.0;16.4;997.9;0.0;3700.0;ICON
2026-09-29T06:15:00+02:00;2026-09-29T12:42:44+02:00;lyon;ARPEGE;45.800003;4.9000015;225.0;2026-10-01T11:00;5.8;10.8;277.0;17.5;0.6;100.0;7.0;100.0;98.0;100.0;16.6;999.3;0.0;3687.5;ICON
2026-09-29T06:15:00+02:00;2026-09-29T12:42:44+02:00;lyon;ARPEGE;45.800003;4.9000015;225.0;2026-10-01T12:00;12.6;22.0;307.0;17.3;0.7;100.0;9.0;100.0;100.0;100.0;16.0;1000.0;0.0;3660.0;ICON
2026-09-29T06:15:00+02:00;2026-09-29T12:42:44+02:00;lyon;ARPEGE;45.800003;4.9000015;225.0;2026-10-01T13:00;10.5;23.0;319.0;16.7;0.6;95.0;9.0;66.0;83.0;95.0;15.2;1000.5;0.0;3690.0;ICON
2026-09-29T06:15:00+02:00;2026-09-29T12:42:44+02:00;lyon;ARPEGE;45.800003;4.9000015;225.0;2026-10-01T14:00;7.7;18.0;323.0;17.9;0.0;98.0;43.0;46.0;94.0;98.0;15.7;1000.8;0.0;3650.0;ICON
2026-09-29T06:15:00+02:00;2026-09-29T12:42:44+02:00;lyon;ARPEGE;45.800003;4.9000015;225.0;2026-10-01T15:00;7.3;16.6;340.0;18.7;0.0;91.0;54.0;31.0;71.0;91.0;15.6;1000.8;0.0;3710.0;ICON
2026-09-29T06:15:00+02:00;2026-09-29T12:42:44+02:00;lyon;ARPEGE;45.800003;4.9000015;225.0;2026-10-01T16:00;6.8;16.6;357.0;19.1;0.0;75.0;43.0;23.0;45.0;75.0;15.1;1000.7;0.0;3590.0;ICON
2026-09-29T06:15:00+02:00;2026-09-29T12:42:44+02:00;lyon;ARPEGE;45.800003;4.9000015;225.0;2026-10-01T17:00;8.3;16.9;2.0;19.5;0.0;57.0;19.0;2.0;46.0;57.0;15.0;1000.7;0.0;3640.0;ICON
2026-09-29T06:15:00+02:00;2026-09-29T12:42:44+02:00;lyon;ARPEGE;45.800003;4.9000015;225.0;2026-10-01T18:00;10.1;18.7;17.0;19.4;0.0;37.0;1.0;0.0;37.0;37.0;14.6;1000.9;0.0;3680.0;ICON
2026-09-29T06:15:00+02:00;2026-09-29T12:42:44+02:00;lyon;ARPEGE;45.800003;4.9000015;225.0;2026-10-01T19:00;9.5;18.4;29.0;18.3;0.0;44.0;0.0;0.0;44.0;44.0;14.4;1001.0;0.0;3540.0;ICON
2026-09-29T06:15:00+02:00;2026-09-29T12:42:44+02:00;lyon;ARPEGE;45.800003;4.9000015;225.0;2026-10-01T20:00;6.4;14.8;27.0;16.8;0.0;61.0;0.0;0.0;61.0;61.0;14.1;1001.4;0.0;3560.0;ICON
2026-09-29T06:15:00+02:00;2026-09-29T12:42:44+02:00;lyon;ARPEGE;45.800003;4.9000015;225.0;2026-10-01T21:00;5.2;9.0;12.0;16.0;0.0;66.0;0.0;0.0;66.0;66.0;14.0;1001.4;0.0;3560.0;ICON
2026-09-29T06:15:00+02:00;2026-09-29T12:42:44+02:00;lyon;ARPEGE;45.800003;4.9000015;225.0;2026-10-01T22:00;6.9;7.9;321.0;15.3;0.0;55.0;0.0;0.0;55.0;55.0;13.6;1001.7;0.0;3590.0;ICON
2026-09-29T06:15:00+02:00;2026-09-29T12:42:44+02:00;lyon;ARPEGE;45.800003;4.9000015;225.0;2026-10-01T23:00;8.4;12.2;317.0;14.8;0.0;47.0;0.0;0.0;47.0;47.0;13.3;1001.9;0.0;3710.0;ICON
2026-09-29T06:15:00+02:00;2026-09-29T12:42:44+02:00;lyon;ARPEGE;45.800003;4.9000015;225.0;2026-10-02T00:00;10.4;15.8;326.0;14.8;0.0;59.0;1.0;0.0;59.0;59.0;13.0;1002.0;0.0;3790.0;ICON
2026-09-29T06:15:00+02:00;2026-09-29T12:42:44+02:00;lyon;ARPEGE;45.800003;4.9000015;225.0;2026-10-02T01:00;10.4;16.2;326.0;14.7;0.0;52.0;0.0;0.0;52.0;52.0;13.0;1001.9;0.0;4020.0;ICON
2026-09-29T06:15:00+02:00;2026-09-29T12:42:44+02:00;lyon;ARPEGE;45.800003;4.9000015;225.0;2026-10-02T02:00;11.6;18.0;324.0;14.6;0.0;46.0;0.0;0.0;46.0;46.0;12.9;1001.7;0.0;4100.0;ICON
2026-09-29T06:15:00+02:00;2026-09-29T12:42:44+02:00;lyon;ARPEGE;45.800003;4.9000015;225.0;2026-10-02T03:00;13.6;21.2;328.0;14.5;0.0;53.0;0.0;0.0;53.0;53.0;12.5;1001.8;0.0;4160.0;ICON
2026-09-29T06:15:00+02:00;2026-09-29T12:42:44+02:00;lyon;ARPEGE;45.800003;4.9000015;225.0;2026-10-02T04:00;15.1;24.5;332.0;14.5;0.0;66.0;0.0;0.0;66.0;66.0;12.8;1001.6;0.0;4160.0;ICON
2026-09-29T06:15:00+02:00;2026-09-29T12:42:44+02:00;lyon;ARPEGE;45.800003;4.9000015;225.0;2026-10-02T05:00;14.7;24.8;335.0;14.3;0.0;88.0;0.0;0.0;88.0;88.0;12.8;1001.5;0.0;4160.0;ICON
2026-09-29T06:15:00+02:00;2026-09-29T12:42:44+02:00;lyon;ARPEGE;45.800003;4.9000015;225.0;2026-10-02T06:00;14.1;24.5;341.0;14.1;0.0;89.0;0.0;0.0;89.0;89.0;12.7;1001.4;0.0;4160.0;ICON
2026-09-29T06:15:00+02:00;2026-09-29T12:42:44+02:00;lyon;ARPEGE;45.800003;4.9000015;225.0;2026-10-02T07:00;11.4;23.4;347.0;13.8;0.0;83.0;0.0;0.0;83.0;83.0;12.8;1001.6;0.0;4130.0;ICON
2026-09-29T06:15:00+02:00;2026-09-29T12:42:44+02:00;lyon;ARPEGE;45.800003;4.9000015;225.0;2026-10-02T08:00;8.8;19.4;348.0;13.4;0.0;83.0;0.0;0.0;83.0;83.0;12.7;1002.1;0.0;4100.0;ICON
2026-09-29T06:15:00+02:00;2026-09-29T12:42:44+02:00;lyon;ARPEGE;45.800003;4.9000015;225.0;2026-10-02T09:00;7.0;14.8;348.0;13.9;0.0;93.0;2.0;0.0;93.0;93.0;13.1;1002.5;0.0;4100.0;ICON
2026-09-29T06:15:00+02:00;2026-09-29T12:42:44+02:00;lyon;ARPEGE;45.800003;4.9000015;225.0;2026-10-02T10:00;6.8;15.1;357.0;15.2;0.0;97.0;34.0;0.0;94.0;97.0;13.5;1002.8;0.0;4110.0;ICON
2026-09-29T06:15:00+02:00;2026-09-29T12:42:44+02:00;lyon;ARPEGE;45.800003;4.9000015;225.0;2026-10-02T11:00;6.5;16.9;6.0;16.3;0.0;96.0;45.0;0.0;93.0;96.0;13.9;1002.9;0.0;4110.0;ICON
2026-09-29T06:15:00+02:00;2026-09-29T12:42:44+02:00;lyon;ARPEGE;45.800003;4.9000015;225.0;2026-10-02T12:00;4.2;15.8;20.0;17.3;0.0;91.0;21.0;0.0;89.0;91.0;14.1;1002.7;0.0;4060.0;ICON
2026-09-29T06:15:00+02:00;2026-09-29T12:42:44+02:00;lyon;ARPEGE;45.800003;4.9000015;225.0;2026-10-02T13:00;2.4;13.0;27.0;18.4;0.0;89.0;1.0;0.0;89.0;89.0;14.2;1002.3;0.0;4020.0;ICON
2026-09-29T06:15:00+02:00;2026-09-29T12:42:44+02:00;lyon;ARPEGE;45.800003;4.9000015;225.0;2026-10-02T14:00;2.0;11.2;45.0;19.4;0.0;95.0;0.0;0.0;95.0;95.0;14.6;1001.9;0.0;3960.0;ICON
2026-09-29T06:15:00+02:00;2026-09-29T12:42:44+02:00;lyon;ARPEGE;45.800003;4.9000015;225.0;2026-10-02T15:00;1.3;10.1;56.0;20.1;0.0;97.0;0.0;0.0;97.0;97.0;14.6;1001.2;0.0;3910.0;ICON
2026-09-29T06:15:00+02:00;2026-09-29T12:42:44+02:00;lyon;ARPEGE;45.800003;4.9000015;225.0;2026-10-02T16:00;1.8;5.8;143.0;20.5;0.0;99.0;0.0;0.0;99.0;99.0;14.6;1000.6;0.0;3850.0;ICON
2026-09-29T06:15:00+02:00;2026-09-29T12:42:44+02:00;lyon;ARPEGE;45.800003;4.9000015;225.0;2026-10-02T17:00;3.1;9.7;159.0;20.5;0.0;99.0;0.0;0.0;99.0;99.0;14.6;1000.2;0.0;3800.0;ICON
2026-09-29T06:15:00+02:00;2026-09-29T12:42:44+02:00;lyon;ARPEGE;45.800003;4.9000015;225.0;2026-10-02T18:00;4.1;9.0;165.0;20.1;0.0;99.0;0.0;0.0;99.0;99.0;15.1;1000.1;0.0;3780.0;ICON
2026-09-29T06:15:00+02:00;2026-09-29T12:42:44+02:00;lyon;ARPEGE;45.800003;4.9000015;225.0;2026-10-02T19:00;3.4;7.2;198.0;18.8;0.0;98.0;0.0;0.0;98.0;98.0;16.2;1000.0;0.0;3760.0;ICON
2026-09-29T06:15:00+02:00;2026-09-29T12:42:44+02:00;lyon;ARPEGE;45.800003;4.9000015;225.0;2026-10-02T20:00;3.7;3.2;281.0;17.4;0.0;91.0;0.0;0.0;91.0;91.0;15.6;1000.1;0.0;3740.0;ICON
2026-09-29T06:15:00+02:00;2026-09-29T12:42:44+02:00;lyon;ARPEGE;45.800003;4.9000015;225.0;2026-10-02T21:00;3.9;4.7;304.0;16.5;0.0;85.0;0.0;0.0;85.0;85.0;15.1;1000.0;0.0;3730.0;ICON
2026-09-29T06:15:00+02:00;2026-09-29T12:42:44+02:00;lyon;ARPEGE;45.800003;4.9000015;225.0;2026-10-02T22:00;2.8;4.7;310.0;15.9;0.0;81.0;0.0;0.0;81.0;81.0;14.6;1000.2;0.0;3720.0;ICON
2026-09-29T06:15:00+02:00;2026-09-29T12:42:44+02:00;lyon;ARPEGE;45.800003;4.9000015;225.0;2026-10-02T23:00;1.5;2.9;315.0;15.4;0.0;71.0;0.0;1.0;71.0;71.0;14.1;1000.2;0.0;3710.0;ICON
2026-09-29T06:15:00+02:00;2026-09-29T12:42:44+02:00;hyeres;ARPEGE;43.1;6.1000023;33.0;2026-09-29T00:00;9.7;12.2;15.0;20.1;0.0;52.0;0.0;0.0;52.0;52.0;16.9;1017.1;0.0;4060.0;ICON
2026-09-29T06:15:00+02:00;2026-09-29T12:42:44+02:00;hyeres;ARPEGE;43.1;6.1000023;33.0;2026-09-29T01:00;10.4;12.2;358.0;19.5;0.0;57.0;0.0;0.0;57.0;57.0;16.1;1017.4;0.0;4030.0;ICON
2026-09-29T06:15:00+02:00;2026-09-29T12:42:44+02:00;hyeres;ARPEGE;43.1;6.1000023;33.0;2026-09-29T02:00;11.2;12.2;358.0;18.2;0.0;52.0;0.0;0.0;52.0;52.0;15.3;1017.8;0.0;4040.0;ICON
2026-09-29T06:15:00+02:00;2026-09-29T12:42:44+02:00;hyeres;ARPEGE;43.1;6.1000023;33.0;2026-09-29T03:00;12.0;15.5;353.0;17.7;0.0;77.0;0.0;0.0;77.0;77.0;15.1;1017.8;0.0;4030.0;ICON
2026-09-29T06:15:00+02:00;2026-09-29T12:42:44+02:00;hyeres;ARPEGE;43.1;6.1000023;33.0;2026-09-29T04:00;11.9;12.6;358.0;17.3;0.0;96.0;0.0;0.0;96.0;96.0;14.9;1017.5;0.0;4020.0;ICON
2026-09-29T06:15:00+02:00;2026-09-29T12:42:44+02:00;hyeres;ARPEGE;43.1;6.1000023;33.0;2026-09-29T05:00;12.3;14.0;357.0;17.1;0.0;100.0;0.0;0.0;100.0;100.0;14.7;1017.3;0.0;3980.0;ICON
2026-09-29T06:15:00+02:00;2026-09-29T12:42:44+02:00;hyeres;ARPEGE;43.1;6.1000023;33.0;2026-09-29T06:00;11.6;15.5;355.0;17.5;0.0;91.0;0.0;0.0;91.0;91.0;14.7;1017.2;0.0;3930.0;ICON
2026-09-29T06:15:00+02:00;2026-09-29T12:42:44+02:00;hyeres;ARPEGE;43.1;6.1000023;33.0;2026-09-29T07:00;12.6;17.3;357.0;17.9;0.0;74.0;0.0;0.0;74.0;74.0;14.7;1017.3;0.0;3910.0;ICON
2026-09-29T06:15:00+02:00;2026-09-29T12:42:44+02:00;hyeres;ARPEGE;43.1;6.1000023;33.0;2026-09-29T08:00;13.0;18.4;2.0;17.5;0.0;98.0;0.0;0.0;98.0;98.0;15.1;1017.6;0.0;3880.0;ICON
2026-09-29T06:15:00+02:00;2026-09-29T12:42:44+02:00;hyeres;ARPEGE;43.1;6.1000023;33.0;2026-09-29T09:00;13.3;19.8;357.0;18.5;0.0;100.0;0.0;0.0;100.0;100.0;15.0;1017.9;0.0;3910.0;ICON
2026-09-29T06:15:00+02:00;2026-09-29T12:42:44+02:00;hyeres;ARPEGE;43.1;6.1000023;33.0;2026-09-29T10:00;12.3;20.9;7.0;20.4;0.0;95.0;0.0;0.0;95.0;95.0;14.9;1018.0;0.0;3910.0;ICON
2026-09-29T06:15:00+02:00;2026-09-29T12:42:44+02:00;hyeres;ARPEGE;43.1;6.1000023;33.0;2026-09-29T11:00;11.8;20.5;59.0;23.2;0.0;89.0;0.0;0.0;89.0;89.0;15.3;1018.2;0.0;3940.0;ICON
2026-09-29T06:15:00+02:00;2026-09-29T12:42:44+02:00;hyeres;ARPEGE;43.1;6.1000023;33.0;2026-09-29T12:00;20.3;34.6;96.0;25.3;0.0;83.0;0.0;0.0;83.0;83.0;15.6;1018.2;0.0;3950.0;ICON
2026-09-29T06:15:00+02:00;2026-09-29T12:42:44+02:00;hyeres;ARPEGE;43.1;6.1000023;33.0;2026-09-29T13:00;25.9;42.1;104.0;25.8;0.0;73.0;0.0;0.0;73.0;73.0;16.6;1018.2;0.0;3960.0;ICON
2026-09-29T06:15:00+02:00;2026-09-29T12:42:44+02:00;hyeres;ARPEGE;43.1;6.1000023;33.0;2026-09-29T14:00;26.4;43.6;107.0;26.0;0.0;85.0;0.0;0.0;85.0;85.0;16.8;1018.3;0.0;3960.0;ICON
2026-09-29T06:15:00+02:00;2026-09-29T12:42:44+02:00;hyeres;ARPEGE;43.1;6.1000023;33.0;2026-09-29T15:00;26.6;43.6;103.0;25.9;0.0;95.0;0.0;0.0;95.0;95.0;17.2;1017.8;0.0;3930.0;ICON
2026-09-29T06:15:00+02:00;2026-09-29T12:42:44+02:00;hyeres;ARPEGE;43.1;6.1000023;33.0;2026-09-29T16:00;26.1;43.2;97.0;25.8;0.0;99.0;34.0;0.0;99.0;99.0;17.1;1017.6;0.0;3970.0;ICON
2026-09-29T06:15:00+02:00;2026-09-29T12:42:44+02:00;hyeres;ARPEGE;43.1;6.1000023;33.0;2026-09-29T17:00;24.3;42.1;97.0;25.5;0.0;99.0;38.0;0.0;99.0;99.0;16.9;1017.5;0.0;4070.0;ICON
2026-09-29T06:15:00+02:00;2026-09-29T12:42:44+02:00;hyeres;ARPEGE;43.1;6.1000023;33.0;2026-09-29T18:00;20.0;38.5;98.0;24.9;0.0;100.0;17.0;1.0;100.0;100.0;17.3;1017.7;0.0;4030.0;ICON
2026-09-29T06:15:00+02:00;2026-09-29T12:42:44+02:00;hyeres;ARPEGE;43.1;6.1000023;33.0;2026-09-29T19:00;17.4;31.7;97.0;24.0;0.0;100.0;0.0;31.0;100.0;100.0;18.1;1018.0;0.0;4000.0;ICON
2026-09-29T06:15:00+02:00;2026-09-29T12:42:44+02:00;hyeres;ARPEGE;43.1;6.1000023;33.0;2026-09-29T20:00;15.5;27.0;89.0;23.2;0.0;100.0;0.0;39.0;100.0;100.0;18.3;1018.4;0.0;4010.0;ICON
2026-09-29T06:15:00+02:00;2026-09-29T12:42:44+02:00;hyeres;ARPEGE;43.1;6.1000023;33.0;2026-09-29T21:00;15.2;23.4;76.0;22.8;0.0;94.0;0.0;23.0;93.0;94.0;18.7;1018.5;0.0;3970.0;ICON
2026-09-29T06:15:00+02:00;2026-09-29T12:42:44+02:00;hyeres;ARPEGE;43.1;6.1000023;33.0;2026-09-29T22:00;14.4;23.0;68.0;22.3;0.0;87.0;0.0;27.0;85.0;87.0;19.4;1018.3;0.0;4020.0;ICON
2026-09-29T06:15:00+02:00;2026-09-29T12:42:44+02:00;hyeres;ARPEGE;43.1;6.1000023;33.0;2026-09-29T23:00;14.7;22.3;62.0;22.0;0.0;83.0;0.0;45.0;79.0;83.0;19.5;1018.3;0.0;4010.0;ICON
2026-09-29T06:15:00+02:00;2026-09-29T12:42:44+02:00;hyeres;ARPEGE;43.1;6.1000023;33.0;2026-09-30T00:00;14.7;22.3;59.0;21.8;0.0;83.0;0.0;55.0;76.0;83.0;19.3;1018.3;0.0;3990.0;ICON
2026-09-29T06:15:00+02:00;2026-09-29T12:42:44+02:00;hyeres;ARPEGE;43.1;6.1000023;33.0;2026-09-30T01:00;13.9;22.0;59.0;21.7;0.0;79.0;0.0;46.0;71.0;79.0;19.0;1018.3;0.0;4000.0;ICON
2026-09-29T06:15:00+02:00;2026-09-29T12:42:44+02:00;hyeres;ARPEGE;43.1;6.1000023;33.0;2026-09-30T02:00;13.5;20.9;61.0;21.6;0.0;77.0;0.0;45.0;68.0;77.0;18.7;1018.2;0.0;4000.0;ICON
2026-09-29T06:15:00+02:00;2026-09-29T12:42:44+02:00;hyeres;ARPEGE;43.1;6.1000023;33.0;2026-09-30T03:00;14.1;21.6;71.0;21.6;0.0;92.0;0.0;50.0;90.0;92.0;18.6;1018.2;0.0;3980.0;ICON
2026-09-29T06:15:00+02:00;2026-09-29T12:42:44+02:00;hyeres;ARPEGE;43.1;6.1000023;33.0;2026-09-30T04:00;15.3;23.4;75.0;21.8;0.0;100.0;0.0;53.0;100.0;100.0;19.1;1017.9;0.0;4000.0;ICON
2026-09-29T06:15:00+02:00;2026-09-29T12:42:44+02:00;hyeres;ARPEGE;43.1;6.1000023;33.0;2026-09-30T05:00;17.1;25.9;83.0;22.1;0.0;98.0;0.0;59.0;97.0;98.0;19.1;1017.6;0.0;3920.0;ICON
2026-09-29T06:15:00+02:00;2026-09-29T12:42:44+02:00;hyeres;ARPEGE;43.1;6.1000023;33.0;2026-09-30T06:00;19.1;29.2;87.0;22.4;0.0;89.0;0.0;51.0;87.0;89.0;18.5;1017.4;0.0;3920.0;ICON
2026-09-29T06:15:00+02:00;2026-09-29T12:42:44+02:00;hyeres;ARPEGE;43.1;6.1000023;33.0;2026-09-30T07:00;17.6;29.2;90.0;22.6;0.0;85.0;0.0;44.0;80.0;85.0;18.5;1017.6;0.0;3860.0;ICON
2026-09-29T06:15:00+02:00;2026-09-29T12:42:44+02:00;hyeres;ARPEGE;43.1;6.1000023;33.0;2026-09-30T08:00;19.1;29.5;88.0;22.7;0.0;85.0;0.0;35.0;85.0;85.0;18.6;1018.1;0.0;3950.0;ICON
2026-09-29T06:15:00+02:00;2026-09-29T12:42:44+02:00;hyeres;ARPEGE;43.1;6.1000023;33.0;2026-09-30T09:00;22.1;34.9;84.0;23.1;0.0;95.0;0.0;33.0;94.0;95.0;19.1;1018.6;0.0;3940.0;ICON
2026-09-29T06:15:00+02:00;2026-09-29T12:42:44+02:00;hyeres;ARPEGE;43.1;6.1000023;33.0;2026-09-30T10:00;25.2;40.0;88.0;23.8;0.0;89.0;0.0;39.0;86.0;89.0;19.3;1018.9;0.0;3890.0;ICON
2026-09-29T06:15:00+02:00;2026-09-29T12:42:44+02:00;hyeres;ARPEGE;43.1;6.1000023;33.0;2026-09-30T11:00;26.3;42.5;92.0;24.4;0.0;81.0;0.0;42.0;77.0;81.0;19.2;1019.1;0.0;3840.0;ICON
2026-09-29T06:15:00+02:00;2026-09-29T12:42:44+02:00;hyeres;ARPEGE;43.1;6.1000023;33.0;2026-09-30T12:00;26.0;42.1;96.0;24.9;0.0;86.0;0.0;55.0;79.0;86.0;19.2;1019.2;0.0;3920.0;ICON
2026-09-29T06:15:00+02:00;2026-09-29T12:42:44+02:00;hyeres;ARPEGE;43.1;6.1000023;33.0;2026-09-30T13:00;26.8;42.8;97.0;25.1;0.0;83.0;0.0;54.0;78.0;83.0;19.2;1018.8;0.0;3930.0;ICON
2026-09-29T06:15:00+02:00;2026-09-29T12:42:44+02:00;hyeres;ARPEGE;43.1;6.1000023;33.0;2026-09-30T14:00;27.0;43.6;100.0;25.3;0.0;85.0;0.0;49.0;82.0;85.0;19.2;1018.6;0.0;3960.0;ICON
2026-09-29T06:15:00+02:00;2026-09-29T12:42:44+02:00;hyeres;ARPEGE;43.1;6.1000023;33.0;2026-09-30T15:00;27.3;43.6;99.0;25.4;0.0;93.0;0.0;74.0;83.0;93.0;19.1;1018.1;0.0;3990.0;ICON
2026-09-29T06:15:00+02:00;2026-09-29T12:42:44+02:00;hyeres;ARPEGE;43.1;6.1000023;33.0;2026-09-30T16:00;26.4;43.6;96.0;24.8;0.0;95.0;0.0;80.0;83.0;95.0;18.7;1017.8;0.0;3960.0;ICON
2026-09-29T06:15:00+02:00;2026-09-29T12:42:44+02:00;hyeres;ARPEGE;43.1;6.1000023;33.0;2026-09-30T17:00;25.9;41.8;92.0;24.5;0.0;89.0;1.0;46.0;86.0;89.0;18.7;1017.4;0.0;3960.0;ICON
2026-09-29T06:15:00+02:00;2026-09-29T12:42:44+02:00;hyeres;ARPEGE;43.1;6.1000023;33.0;2026-09-30T18:00;24.8;41.0;91.0;24.4;0.0;96.0;29.0;57.0;90.0;96.0;18.5;1017.3;0.0;3950.0;ICON
2026-09-29T06:15:00+02:00;2026-09-29T12:42:44+02:00;hyeres;ARPEGE;43.1;6.1000023;33.0;2026-09-30T19:00;23.8;39.6;89.0;23.9;0.0;97.0;61.0;37.0;92.0;97.0;18.9;1017.5;0.0;3940.0;ICON
2026-09-29T06:15:00+02:00;2026-09-29T12:42:44+02:00;hyeres;ARPEGE;43.1;6.1000023;33.0;2026-09-30T20:00;22.3;37.4;87.0;23.5;0.0;97.0;62.0;39.0;92.0;97.0;19.2;1017.9;0.0;3970.0;ICON
2026-09-29T06:15:00+02:00;2026-09-29T12:42:44+02:00;hyeres;ARPEGE;43.1;6.1000023;33.0;2026-09-30T21:00;21.0;34.6;84.0;23.3;0.0;99.0;22.0;37.0;98.0;99.0;19.6;1018.1;0.0;3950.0;ICON
2026-09-29T06:15:00+02:00;2026-09-29T12:42:44+02:00;hyeres;ARPEGE;43.1;6.1000023;33.0;2026-09-30T22:00;18.8;32.8;86.0;23.1;0.1;100.0;16.0;18.0;99.0;100.0;19.8;1018.3;0.0;3930.0;ICON
2026-09-29T06:15:00+02:00;2026-09-29T12:42:44+02:00;hyeres;ARPEGE;43.1;6.1000023;33.0;2026-09-30T23:00;17.4;28.8;84.0;22.8;0.1;98.0;19.0;25.0;97.0;98.0;20.0;1018.2;0.0;3870.0;ICON
2026-09-29T06:15:00+02:00;2026-09-29T12:42:44+02:00;hyeres;ARPEGE;43.1;6.1000023;33.0;2026-10-01T00:00;15.7;26.6;79.0;22.7;0.1;96.0;19.0;49.0;93.0;96.0;19.9;1018.1;0.0;3830.0;ICON
2026-09-29T06:15:00+02:00;2026-09-29T12:42:44+02:00;hyeres;ARPEGE;43.1;6.1000023;33.0;2026-10-01T01:00;14.1;23.8;75.0;22.6;0.4;100.0;15.0;61.0;100.0;100.0;19.6;1018.0;0.0;3790.0;ICON
2026-09-29T06:15:00+02:00;2026-09-29T12:42:44+02:00;hyeres;ARPEGE;43.1;6.1000023;33.0;2026-10-01T02:00;12.9;21.6;72.0;22.6;0.5;100.0;10.0;67.0;100.0;100.0;19.1;1018.1;0.0;3810.0;ICON
2026-09-29T06:15:00+02:00;2026-09-29T12:42:44+02:00;hyeres;ARPEGE;43.1;6.1000023;33.0;2026-10-01T03:00;13.2;20.5;73.0;22.6;0.2;100.0;10.0;69.0;100.0;100.0;18.9;1018.0;0.0;3810.0;ICON
2026-09-29T06:15:00+02:00;2026-09-29T12:42:44+02:00;hyeres;ARPEGE;43.1;6.1000023;33.0;2026-10-01T04:00;14.8;23.0;76.0;22.5;0.1;100.0;16.0;65.0;100.0;100.0;19.0;1017.7;0.0;3790.0;ICON
2026-09-29T06:15:00+02:00;2026-09-29T12:42:44+02:00;hyeres;ARPEGE;43.1;6.1000023;33.0;2026-10-01T05:00;15.3;24.1;71.0;22.4;0.0;100.0;40.0;53.0;100.0;100.0;18.6;1017.6;0.0;3790.0;ICON
2026-09-29T06:15:00+02:00;2026-09-29T12:42:44+02:00;hyeres;ARPEGE;43.1;6.1000023;33.0;2026-10-01T06:00;15.8;25.2;73.0;22.1;0.4;100.0;31.0;55.0;100.0;100.0;18.2;1017.9;0.0;3810.0;ICON
2026-09-29T06:15:00+02:00;2026-09-29T12:42:44+02:00;hyeres;ARPEGE;43.1;6.1000023;33.0;2026-10-01T07:00;15.5;24.8;62.0;21.6;0.6;100.0;26.0;61.0;100.0;100.0;18.3;1018.1;0.0;3830.0;ICON
2026-09-29T06:15:00+02:00;2026-09-29T12:42:44+02:00;hyeres;ARPEGE;43.1;6.1000023;33.0;2026-10-01T08:00;17.3;26.3;67.0;21.3;0.4;100.0;38.0;68.0;100.0;100.0;18.6;1018.6;0.0;3880.0;ICON
2026-09-29T06:15:00+02:00;2026-09-29T12:42:44+02:00;hyeres;ARPEGE;43.1;6.1000023;33.0;2026-10-01T09:00;20.0;31.0;72.0;21.2;0.4;100.0;9.0;77.0;100.0;100.0;18.8;1018.8;0.0;3840.0;ICON
2026-09-29T06:15:00+02:00;2026-09-29T12:42:44+02:00;hyeres;ARPEGE;43.1;6.1000023;33.0;2026-10-01T10:00;18.4;30.6;67.0;21.4;0.2;100.0;7.0;75.0;100.0;100.0;18.8;1019.1;0.0;3630.0;ICON
2026-09-29T06:15:00+02:00;2026-09-29T12:42:44+02:00;hyeres;ARPEGE;43.1;6.1000023;33.0;2026-10-01T11:00;11.7;31.7;72.0;22.0;1.0;100.0;37.0;100.0;100.0;100.0;19.3;1020.1;0.0;3930.0;ICON
2026-09-29T06:15:00+02:00;2026-09-29T12:42:44+02:00;hyeres;ARPEGE;43.1;6.1000023;33.0;2026-10-01T12:00;14.1;21.6;58.0;21.4;1.3;100.0;9.0;71.0;100.0;100.0;19.1;1020.0;0.0;3920.0;ICON
2026-09-29T06:15:00+02:00;2026-09-29T12:42:44+02:00;hyeres;ARPEGE;43.1;6.1000023;33.0;2026-10-01T13:00;15.6;23.8;19.0;21.5;0.0;100.0;10.0;95.0;100.0;100.0;18.5;1020.2;0.0;3920.0;ICON
2026-09-29T06:15:00+02:00;2026-09-29T12:42:44+02:00;hyeres;ARPEGE;43.1;6.1000023;33.0;2026-10-01T14:00;12.7;26.6;35.0;21.2;0.0;100.0;0.0;100.0;100.0;100.0;18.0;1019.8;0.0;3960.0;ICON
2026-09-29T06:15:00+02:00;2026-09-29T12:42:44+02:00;hyeres;ARPEGE;43.1;6.1000023;33.0;2026-10-01T15:00;16.8;26.3;9.0;19.7;0.8;100.0;0.0;100.0;100.0;100.0;18.2;1019.7;0.0;3820.0;ICON
2026-09-29T06:15:00+02:00;2026-09-29T12:42:44+02:00;hyeres;ARPEGE;43.1;6.1000023;33.0;2026-10-01T16:00;14.1;25.9;3.0;19.6;2.4;100.0;0.0;81.0;100.0;100.0;17.7;1019.7;0.0;3850.0;ICON
2026-09-29T06:15:00+02:00;2026-09-29T12:42:44+02:00;hyeres;ARPEGE;43.1;6.1000023;33.0;2026-10-01T17:00;13.3;20.9;358.0;20.1;0.0;100.0;0.0;10.0;100.0;100.0;17.7;1019.6;0.0;3920.0;ICON
2026-09-29T06:15:00+02:00;2026-09-29T12:42:44+02:00;hyeres;ARPEGE;43.1;6.1000023;33.0;2026-10-01T18:00;13.4;20.9;354.0;20.8;0.0;100.0;1.0;10.0;100.0;100.0;17.2;1019.8;0.0;4000.0;ICON
2026-09-29T06:15:00+02:00;2026-09-29T12:42:44+02:00;hyeres;ARPEGE;43.1;6.1000023;33.0;2026-10-01T19:00;11.6;19.8;355.0;20.6;0.0;100.0;1.0;11.0;100.0;100.0;16.6;1020.1;0.0;4000.0;ICON
2026-09-29T06:15:00+02:00;2026-09-29T12:42:44+02:00;hyeres;ARPEGE;43.1;6.1000023;33.0;2026-10-01T20:00;9.8;15.8;352.0;20.0;0.0;100.0;0.0;3.0;100.0;100.0;16.0;1020.3;0.0;3900.0;ICON
2026-09-29T06:15:00+02:00;2026-09-29T12:42:44+02:00;hyeres;ARPEGE;43.1;6.1000023;33.0;2026-10-01T21:00;8.6;13.3;345.0;19.4;0.0;100.0;0.0;4.0;100.0;100.0;15.9;1020.5;0.0;3930.0;ICON
2026-09-29T06:15:00+02:00;2026-09-29T12:42:44+02:00;hyeres;ARPEGE;43.1;6.1000023;33.0;2026-10-01T22:00;8.2;9.4;345.0;18.7;0.0;100.0;0.0;1.0;100.0;100.0;15.9;1020.7;0.0;3870.0;ICON
2026-09-29T06:15:00+02:00;2026-09-29T12:42:44+02:00;hyeres;ARPEGE;43.1;6.1000023;33.0;2026-10-01T23:00;9.0;9.0;344.0;18.3;0.0;100.0;0.0;0.0;100.0;100.0;15.5;1020.7;0.0;3850.0;ICON
2026-09-29T06:15:00+02:00;2026-09-29T12:42:44+02:00;hyeres;ARPEGE;43.1;6.1000023;33.0;2026-10-02T00:00;9.3;9.4;344.0;18.0;0.0;100.0;0.0;0.0;100.0;100.0;15.2;1020.7;0.0;3870.0;ICON
2026-09-29T06:15:00+02:00;2026-09-29T12:42:44+02:00;hyeres;ARPEGE;43.1;6.1000023;33.0;2026-10-02T01:00;10.6;10.4;342.0;17.8;0.0;100.0;0.0;1.0;100.0;100.0;15.0;1020.6;0.0;3690.0;ICON
2026-09-29T06:15:00+02:00;2026-09-29T12:42:44+02:00;hyeres;ARPEGE;43.1;6.1000023;33.0;2026-10-02T02:00;10.9;11.5;343.0;17.6;0.0;100.0;0.0;6.0;100.0;100.0;15.0;1020.5;0.0;3680.0;ICON
2026-09-29T06:15:00+02:00;2026-09-29T12:42:44+02:00;hyeres;ARPEGE;43.1;6.1000023;33.0;2026-10-02T03:00;10.9;13.0;351.0;17.5;0.0;100.0;0.0;10.0;100.0;100.0;15.3;1020.6;0.0;3700.0;ICON
2026-09-29T06:15:00+02:00;2026-09-29T12:42:44+02:00;hyeres;ARPEGE;43.1;6.1000023;33.0;2026-10-02T04:00;12.3;14.0;355.0;17.6;0.0;100.0;0.0;15.0;100.0;100.0;15.4;1020.5;0.0;3760.0;ICON
2026-09-29T06:15:00+02:00;2026-09-29T12:42:44+02:00;hyeres;ARPEGE;43.1;6.1000023;33.0;2026-10-02T05:00;12.3;14.4;353.0;17.6;0.0;100.0;0.0;21.0;100.0;100.0;15.4;1020.5;0.0;3830.0;ICON
2026-09-29T06:15:00+02:00;2026-09-29T12:42:44+02:00;hyeres;ARPEGE;43.1;6.1000023;33.0;2026-10-02T06:00;12.0;14.8;353.0;17.8;0.0;100.0;0.0;20.0;100.0;100.0;15.4;1020.7;0.0;3870.0;ICON
2026-09-29T06:15:00+02:00;2026-09-29T12:42:44+02:00;hyeres;ARPEGE;43.1;6.1000023;33.0;2026-10-02T07:00;12.3;14.8;353.0;17.8;0.0;93.0;0.0;19.0;91.0;93.0;15.2;1020.8;0.0;3680.0;ICON
2026-09-29T06:15:00+02:00;2026-09-29T12:42:44+02:00;hyeres;ARPEGE;43.1;6.1000023;33.0;2026-10-02T08:00;13.4;16.9;354.0;17.9;0.0;91.0;0.0;23.0;88.0;91.0;15.0;1021.3;0.0;3580.0;ICON
2026-09-29T06:15:00+02:00;2026-09-29T12:42:44+02:00;hyeres;ARPEGE;43.1;6.1000023;33.0;2026-10-02T09:00;13.0;16.6;355.0;18.5;0.0;96.0;1.0;22.0;95.0;96.0;15.1;1021.9;0.0;3660.0;ICON
2026-09-29T06:15:00+02:00;2026-09-29T12:42:44+02:00;hyeres;ARPEGE;43.1;6.1000023;33.0;2026-10-02T10:00;11.9;17.6;360.0;19.9;0.0;87.0;1.0;28.0;82.0;87.0;16.3;1022.4;0.0;3670.0;ICON
2026-09-29T06:15:00+02:00;2026-09-29T12:42:44+02:00;hyeres;ARPEGE;43.1;6.1000023;33.0;2026-10-02T11:00;11.2;19.4;6.0;22.0;0.0;94.0;0.0;31.0;91.0;94.0;16.5;1022.6;0.0;3710.0;ICON
2026-09-29T06:15:00+02:00;2026-09-29T12:42:44+02:00;hyeres;ARPEGE;43.1;6.1000023;33.0;2026-10-02T12:00;9.4;16.2;40.0;23.7;0.0;100.0;0.0;27.0;100.0;100.0;16.9;1022.5;0.0;3750.0;ICON
2026-09-29T06:15:00+02:00;2026-09-29T12:42:44+02:00;hyeres;ARPEGE;43.1;6.1000023;33.0;2026-10-02T13:00;14.6;25.2;80.0;24.8;0.0;100.0;0.0;27.0;100.0;100.0;17.0;1022.3;0.0;3840.0;ICON
2026-09-29T06:15:00+02:00;2026-09-29T12:42:44+02:00;hyeres;ARPEGE;43.1;6.1000023;33.0;2026-10-02T14:00;19.1;31.0;88.0;24.8;0.0;99.0;0.0;28.0;98.0;99.0;17.0;1022.1;0.0;3780.0;ICON
2026-09-29T06:15:00+02:00;2026-09-29T12:42:44+02:00;hyeres;ARPEGE;43.1;6.1000023;33.0;2026-10-02T15:00;20.5;32.8;93.0;24.7;0.0;99.0;0.0;25.0;99.0;99.0;17.2;1021.7;0.0;3770.0;ICON
2026-09-29T06:15:00+02:00;2026-09-29T12:42:44+02:00;hyeres;ARPEGE;43.1;6.1000023;33.0;2026-10-02T16:00;20.2;32.8;94.0;24.8;0.0;99.0;0.0;27.0;98.0;99.0;16.2;1021.4;0.0;3760.0;ICON
2026-09-29T06:15:00+02:00;2026-09-29T12:42:44+02:00;hyeres;ARPEGE;43.1;6.1000023;33.0;2026-10-02T17:00;19.8;31.7;92.0;24.9;0.0;99.0;0.0;27.0;98.0;99.0;15.2;1021.3;0.0;3750.0;ICON
2026-09-29T06:15:00+02:00;2026-09-29T12:42:44+02:00;hyeres;ARPEGE;43.1;6.1000023;33.0;2026-10-02T18:00;19.5;31.7;87.0;24.6;0.0;99.0;0.0;34.0;97.0;99.0;15.0;1021.3;0.0;3740.0;ICON
2026-09-29T06:15:00+02:00;2026-09-29T12:42:44+02:00;hyeres;ARPEGE;43.1;6.1000023;33.0;2026-10-02T19:00;18.3;31.0;80.0;24.1;0.0;98.0;0.0;36.0;97.0;98.0;14.5;1021.4;0.0;3730.0;ICON
2026-09-29T06:15:00+02:00;2026-09-29T12:42:44+02:00;hyeres;ARPEGE;43.1;6.1000023;33.0;2026-10-02T20:00;16.9;28.1;70.0;23.3;0.0;97.0;0.0;37.0;96.0;97.0;14.3;1021.5;0.0;3720.0;ICON
2026-09-29T06:15:00+02:00;2026-09-29T12:42:44+02:00;hyeres;ARPEGE;43.1;6.1000023;33.0;2026-10-02T21:00;15.3;25.2;63.0;22.9;0.0;98.0;0.0;34.0;97.0;98.0;14.7;1021.6;0.0;3720.0;ICON
2026-09-29T06:15:00+02:00;2026-09-29T12:42:44+02:00;hyeres;ARPEGE;43.1;6.1000023;33.0;2026-10-02T22:00;14.3;22.7;62.0;22.5;0.0;99.0;0.0;30.0;99.0;99.0;14.9;1021.9;0.0;3710.0;ICON
2026-09-29T06:15:00+02:00;2026-09-29T12:42:44+02:00;hyeres;ARPEGE;43.1;6.1000023;33.0;2026-10-02T23:00;12.7;21.6;55.0;22.1;0.0;97.0;0.0;27.0;96.0;97.0;14.7;1021.9;0.0;3710.0;ICON
2026-09-29T06:15:00+02:00;2026-09-29T12:42:44+02:00;meribel;ARPEGE;45.4;6.6000023;1815.0;2026-09-29T00:00;3.9;5.4;124.0;8.8;0.0;86.0;0.0;45.0;84.0;86.0;3.0;824.8;0.0;3990.0;ICON
2026-09-29T06:15:00+02:00;2026-09-29T12:42:44+02:00;meribel;ARPEGE;45.4;6.6000023;1815.0;2026-09-29T01:00;3.3;5.4;131.0;8.7;0.0;96.0;0.0;35.0;96.0;96.0;2.2;824.8;0.0;3980.0;ICON
2026-09-29T06:15:00+02:00;2026-09-29T12:42:44+02:00;meribel;ARPEGE;45.4;6.6000023;1815.0;2026-09-29T02:00;3.6;5.0;127.0;9.3;0.0;100.0;0.0;42.0;100.0;100.0;1.6;825.2;0.0;3970.0;ICON
2026-09-29T06:15:00+02:00;2026-09-29T12:42:44+02:00;meribel;ARPEGE;45.4;6.6000023;1815.0;2026-09-29T03:00;3.6;5.0;127.0;9.2;0.0;100.0;0.0;44.0;100.0;100.0;0.8;825.1;0.0;3950.0;ICON
2026-09-29T06:15:00+02:00;2026-09-29T12:42:44+02:00;meribel;ARPEGE;45.4;6.6000023;1815.0;2026-09-29T04:00;3.6;5.0;127.0;9.0;0.0;100.0;0.0;35.0;100.0;100.0;-0.1;824.9;0.0;3960.0;ICON
2026-09-29T06:15:00+02:00;2026-09-29T12:42:44+02:00;meribel;ARPEGE;45.4;6.6000023;1815.0;2026-09-29T05:00;4.1;5.8;128.0;9.0;0.0;100.0;0.0;16.0;100.0;100.0;-0.3;824.7;0.0;3980.0;ICON
2026-09-29T06:15:00+02:00;2026-09-29T12:42:44+02:00;meribel;ARPEGE;45.4;6.6000023;1815.0;2026-09-29T06:00;3.6;5.8;127.0;8.9;0.0;100.0;0.0;12.0;100.0;100.0;-0.4;824.5;0.0;3970.0;ICON
2026-09-29T06:15:00+02:00;2026-09-29T12:42:44+02:00;meribel;ARPEGE;45.4;6.6000023;1815.0;2026-09-29T07:00;3.6;5.8;127.0;8.7;0.0;100.0;0.0;12.0;100.0;100.0;-0.4;824.3;0.0;3950.0;ICON
2026-09-29T06:15:00+02:00;2026-09-29T12:42:44+02:00;meribel;ARPEGE;45.4;6.6000023;1815.0;2026-09-29T08:00;3.6;5.8;135.0;8.7;0.0;100.0;0.0;25.0;100.0;100.0;-0.6;824.3;0.0;3950.0;ICON
2026-09-29T06:15:00+02:00;2026-09-29T12:42:44+02:00;meribel;ARPEGE;45.4;6.6000023;1815.0;2026-09-29T09:00;3.3;5.4;131.0;9.6;0.0;93.0;0.0;24.0;93.0;93.0;0.4;825.0;0.0;3960.0;ICON
2026-09-29T06:15:00+02:00;2026-09-29T12:42:44+02:00;meribel;ARPEGE;45.4;6.6000023;1815.0;2026-09-29T10:00;1.8;5.0;127.0;12.1;0.0;99.0;0.0;31.0;99.0;99.0;2.5;826.7;0.0;3970.0;ICON
2026-09-29T06:15:00+02:00;2026-09-29T12:42:44+02:00;meribel;ARPEGE;45.4;6.6000023;1815.0;2026-09-29T11:00;0.8;3.2;297.0;14.1;0.0;98.0;0.0;43.0;98.0;98.0;5.1;828.2;0.0;3900.0;ICON
2026-09-29T06:15:00+02:00;2026-09-29T12:42:44+02:00;meribel;ARPEGE;45.4;6.6000023;1815.0;2026-09-29T12:00;3.4;6.5;328.0;15.6;0.0;97.0;0.0;34.0;97.0;97.0;4.9;828.8;0.0;3880.0;ICON
2026-09-29T06:15:00+02:00;2026-09-29T12:42:44+02:00;meribel;ARPEGE;45.4;6.6000023;1815.0;2026-09-29T13:00;3.6;9.0;323.0;16.8;0.0;100.0;0.0;16.0;100.0;100.0;6.3;829.4;0.0;3890.0;ICON
2026-09-29T06:15:00+02:00;2026-09-29T12:42:44+02:00;meribel;ARPEGE;45.4;6.6000023;1815.0;2026-09-29T14:00;3.4;15.5;302.0;18.0;0.0;100.0;0.0;23.0;100.0;100.0;5.2;829.6;0.0;3890.0;ICON
2026-09-29T06:15:00+02:00;2026-09-29T12:42:44+02:00;meribel;ARPEGE;45.4;6.6000023;1815.0;2026-09-29T15:00;1.9;18.4;248.0;18.5;0.0;100.0;0.0;42.0;100.0;100.0;1.4;829.5;0.0;3840.0;ICON
2026-09-29T06:15:00+02:00;2026-09-29T12:42:44+02:00;meribel;ARPEGE;45.4;6.6000023;1815.0;2026-09-29T16:00;2.9;19.8;187.0;18.3;0.0;100.0;0.0;27.0;100.0;100.0;-0.6;829.3;0.0;3810.0;ICON
2026-09-29T06:15:00+02:00;2026-09-29T12:42:44+02:00;meribel;ARPEGE;45.4;6.6000023;1815.0;2026-09-29T17:00;3.0;19.8;166.0;18.1;0.0;100.0;0.0;13.0;100.0;100.0;-0.2;829.0;0.0;3810.0;ICON
2026-09-29T06:15:00+02:00;2026-09-29T12:42:44+02:00;meribel;ARPEGE;45.4;6.6000023;1815.0;2026-09-29T18:00;2.4;19.4;207.0;17.5;0.0;83.0;0.0;38.0;83.0;83.0;1.4;828.9;0.0;3890.0;ICON
2026-09-29T06:15:00+02:00;2026-09-29T12:42:44+02:00;meribel;ARPEGE;45.4;6.6000023;1815.0;2026-09-29T19:00;1.8;14.8;270.0;15.6;0.0;85.0;0.0;25.0;85.0;85.0;2.3;828.3;0.0;3930.0;ICON
2026-09-29T06:15:00+02:00;2026-09-29T12:42:44+02:00;meribel;ARPEGE;45.4;6.6000023;1815.0;2026-09-29T20:00;1.1;8.6;360.0;13.3;0.0;98.0;0.0;24.0;98.0;98.0;2.2;827.6;0.0;3960.0;ICON
2026-09-29T06:15:00+02:00;2026-09-29T12:42:44+02:00;meribel;ARPEGE;45.4;6.6000023;1815.0;2026-09-29T21:00;1.8;3.6;101.0;11.8;0.0;72.0;0.0;39.0;72.0;72.0;2.0;827.1;0.0;3950.0;ICON
2026-09-29T06:15:00+02:00;2026-09-29T12:42:44+02:00;meribel;ARPEGE;45.4;6.6000023;1815.0;2026-09-29T22:00;2.5;5.4;98.0;11.1;0.0;48.0;0.0;42.0;44.0;48.0;1.8;826.6;0.0;3970.0;ICON
2026-09-29T06:15:00+02:00;2026-09-29T12:42:44+02:00;meribel;ARPEGE;45.4;6.6000023;1815.0;2026-09-29T23:00;1.8;5.4;90.0;10.5;0.0;57.0;0.0;57.0;9.0;57.0;1.8;826.3;0.0;3870.0;ICON
2026-09-29T06:15:00+02:00;2026-09-29T12:42:44+02:00;meribel;ARPEGE;45.4;6.6000023;1815.0;2026-09-30T00:00;1.8;4.7;90.0;10.3;0.0;79.0;0.0;78.0;5.0;79.0;1.6;826.5;0.0;3940.0;ICON
2026-09-29T06:15:00+02:00;2026-09-29T12:42:44+02:00;meribel;ARPEGE;45.4;6.6000023;1815.0;2026-09-30T01:00;2.5;8.6;90.0;10.7;0.0;83.0;1.0;80.0;16.0;83.0;1.5;826.7;0.0;3910.0;ICON
2026-09-29T06:15:00+02:00;2026-09-29T12:42:44+02:00;meribel;ARPEGE;45.4;6.6000023;1815.0;2026-09-30T02:00;0.8;12.2;153.0;10.9;0.0;73.0;1.0;69.0;20.0;73.0;1.1;826.6;0.0;3840.0;ICON
2026-09-29T06:15:00+02:00;2026-09-29T12:42:44+02:00;meribel;ARPEGE;45.4;6.6000023;1815.0;2026-09-30T03:00;0.4;8.6;90.0;10.5;0.0;53.0;1.0;45.0;19.0;53.0;1.3;826.5;0.0;3850.0;ICON
2026-09-29T06:15:00+02:00;2026-09-29T12:42:44+02:00;meribel;ARPEGE;45.4;6.6000023;1815.0;2026-09-30T04:00;1.9;5.0;112.0;10.2;0.0;72.0;1.0;41.0;54.0;72.0;0.7;826.0;0.0;3820.0;ICON
2026-09-29T06:15:00+02:00;2026-09-29T12:42:44+02:00;meribel;ARPEGE;45.4;6.6000023;1815.0;2026-09-30T05:00;1.4;6.5;90.0;10.0;0.0;77.0;5.0;39.0;63.0;77.0;-0.2;825.6;0.0;3780.0;ICON
2026-09-29T06:15:00+02:00;2026-09-29T12:42:44+02:00;meribel;ARPEGE;45.4;6.6000023;1815.0;2026-09-30T06:00;2.0;5.8;135.0;9.5;0.0;84.0;22.0;53.0;67.0;84.0;-0.1;825.4;0.0;3820.0;ICON
2026-09-29T06:15:00+02:00;2026-09-29T12:42:44+02:00;meribel;ARPEGE;45.4;6.6000023;1815.0;2026-09-30T07:00;1.8;6.1;127.0;9.8;0.0;74.0;22.0;48.0;49.0;74.0;0.1;825.5;0.0;3890.0;ICON
2026-09-29T06:15:00+02:00;2026-09-29T12:42:44+02:00;meribel;ARPEGE;45.4;6.6000023;1815.0;2026-09-30T08:00;2.3;6.5;129.0;10.0;0.0;88.0;16.0;68.0;69.0;88.0;0.8;826.0;0.0;3850.0;ICON
2026-09-29T06:15:00+02:00;2026-09-29T12:42:44+02:00;meribel;ARPEGE;45.4;6.6000023;1815.0;2026-09-30T09:00;1.0;6.8;135.0;10.9;0.0;75.0;25.0;21.0;66.0;75.0;2.5;826.9;0.0;3810.0;ICON
2026-09-29T06:15:00+02:00;2026-09-29T12:42:44+02:00;meribel;ARPEGE;45.4;6.6000023;1815.0;2026-09-30T10:00;1.3;4.0;146.0;12.8;0.0;87.0;13.0;46.0;74.0;87.0;3.7;828.1;0.0;3780.0;ICON
2026-09-29T06:15:00+02:00;2026-09-29T12:42:44+02:00;meribel;ARPEGE;45.4;6.6000023;1815.0;2026-09-30T11:00;3.8;9.4;311.0;14.5;0.0;93.0;25.0;42.0;87.0;93.0;5.0;829.4;0.0;3790.0;ICON
2026-09-29T06:15:00+02:00;2026-09-29T12:42:44+02:00;meribel;ARPEGE;45.4;6.6000023;1815.0;2026-09-30T12:00;5.6;13.0;310.0;15.2;0.0;93.0;20.0;76.0;78.0;93.0;5.9;829.7;0.0;3820.0;ICON
2026-09-29T06:15:00+02:00;2026-09-29T12:42:44+02:00;meribel;ARPEGE;45.4;6.6000023;1815.0;2026-09-30T13:00;4.1;13.3;345.0;16.0;0.0;95.0;11.0;84.0;93.0;95.0;6.4;829.8;0.0;3770.0;ICON
2026-09-29T06:15:00+02:00;2026-09-29T12:42:44+02:00;meribel;ARPEGE;45.4;6.6000023;1815.0;2026-09-30T14:00;5.4;14.4;307.0;16.7;0.0;97.0;1.0;82.0;94.0;97.0;6.7;829.8;0.0;3800.0;ICON
2026-09-29T06:15:00+02:00;2026-09-29T12:42:44+02:00;meribel;ARPEGE;45.4;6.6000023;1815.0;2026-09-30T15:00;3.1;14.4;324.0;16.8;0.0;78.0;7.0;55.0;75.0;78.0;6.6;829.5;0.0;3790.0;ICON
2026-09-29T06:15:00+02:00;2026-09-29T12:42:44+02:00;meribel;ARPEGE;45.4;6.6000023;1815.0;2026-09-30T16:00;5.2;14.4;326.0;17.5;0.0;89.0;15.0;45.0;87.0;89.0;6.6;829.5;0.0;3810.0;ICON
2026-09-29T06:15:00+02:00;2026-09-29T12:42:44+02:00;meribel;ARPEGE;45.4;6.6000023;1815.0;2026-09-30T17:00;5.9;15.5;313.0;16.6;0.0;93.0;45.0;53.0;86.0;93.0;7.3;829.0;0.0;3790.0;ICON
2026-09-29T06:15:00+02:00;2026-09-29T12:42:44+02:00;meribel;ARPEGE;45.4;6.6000023;1815.0;2026-09-30T18:00;4.1;16.2;308.0;15.1;0.0;94.0;61.0;70.0;83.0;94.0;7.1;828.8;0.0;3820.0;ICON
2026-09-29T06:15:00+02:00;2026-09-29T12:42:44+02:00;meribel;ARPEGE;45.4;6.6000023;1815.0;2026-09-30T19:00;2.4;11.2;333.0;14.3;0.0;89.0;55.0;56.0;75.0;89.0;6.1;828.8;0.0;3760.0;ICON
2026-09-29T06:15:00+02:00;2026-09-29T12:42:44+02:00;meribel;ARPEGE;45.4;6.6000023;1815.0;2026-09-30T20:00;1.1;7.6;342.0;13.4;0.0;92.0;43.0;52.0;86.0;92.0;5.7;828.5;0.0;3830.0;ICON
2026-09-29T06:15:00+02:00;2026-09-29T12:42:44+02:00;meribel;ARPEGE;45.4;6.6000023;1815.0;2026-09-30T21:00;1.5;2.9;104.0;12.4;0.0;93.0;4.0;45.0;92.0;93.0;6.2;827.8;0.0;3830.0;ICON
2026-09-29T06:15:00+02:00;2026-09-29T12:42:44+02:00;meribel;ARPEGE;45.4;6.6000023;1815.0;2026-09-30T22:00;1.9;2.2;112.0;11.8;0.0;86.0;0.0;39.0;82.0;86.0;6.7;827.4;0.0;3830.0;ICON
2026-09-29T06:15:00+02:00;2026-09-29T12:42:44+02:00;meribel;ARPEGE;45.4;6.6000023;1815.0;2026-09-30T23:00;1.9;2.2;112.0;11.4;0.0;89.0;1.0;48.0;82.0;89.0;6.5;827.1;0.0;3800.0;ICON
2026-09-29T06:15:00+02:00;2026-09-29T12:42:44+02:00;meribel;ARPEGE;45.4;6.6000023;1815.0;2026-10-01T00:00;1.5;2.2;135.0;11.1;0.0;90.0;2.0;32.0;89.0;90.0;6.4;827.0;0.0;3740.0;ICON
2026-09-29T06:15:00+02:00;2026-09-29T12:42:44+02:00;meribel;ARPEGE;45.4;6.6000023;1815.0;2026-10-01T01:00;2.1;2.5;121.0;10.7;0.0;92.0;53.0;59.0;81.0;92.0;6.1;827.0;0.0;3750.0;ICON
2026-09-29T06:15:00+02:00;2026-09-29T12:42:44+02:00;meribel;ARPEGE;45.4;6.6000023;1815.0;2026-10-01T02:00;2.4;4.7;117.0;10.8;0.0;92.0;10.0;48.0;90.0;92.0;6.2;826.7;0.0;3720.0;ICON
2026-09-29T06:15:00+02:00;2026-09-29T12:42:44+02:00;meribel;ARPEGE;45.4;6.6000023;1815.0;2026-10-01T03:00;1.6;4.0;153.0;10.3;0.0;98.0;51.0;71.0;95.0;98.0;6.3;826.7;0.0;3720.0;ICON
2026-09-29T06:15:00+02:00;2026-09-29T12:42:44+02:00;meribel;ARPEGE;45.4;6.6000023;1815.0;2026-10-01T04:00;1.5;5.4;104.0;10.7;0.0;100.0;13.0;69.0;100.0;100.0;6.3;826.4;0.0;3720.0;ICON
2026-09-29T06:15:00+02:00;2026-09-29T12:42:44+02:00;meribel;ARPEGE;45.4;6.6000023;1815.0;2026-10-01T05:00;1.1;2.9;162.0;10.4;0.0;100.0;13.0;94.0;100.0;100.0;6.3;826.3;0.0;3690.0;ICON
2026-09-29T06:15:00+02:00;2026-09-29T12:42:44+02:00;meribel;ARPEGE;45.4;6.6000023;1815.0;2026-10-01T06:00;2.1;1.4;121.0;10.1;0.1;100.0;18.0;100.0;100.0;100.0;6.9;826.5;0.0;3680.0;ICON
2026-09-29T06:15:00+02:00;2026-09-29T12:42:44+02:00;meribel;ARPEGE;45.4;6.6000023;1815.0;2026-10-01T07:00;2.1;2.5;121.0;9.9;0.1;99.0;41.0;66.0;99.0;99.0;7.8;826.7;0.0;3670.0;ICON
2026-09-29T06:15:00+02:00;2026-09-29T12:42:44+02:00;meribel;ARPEGE;45.4;6.6000023;1815.0;2026-10-01T08:00;1.9;2.5;112.0;9.7;0.2;99.0;35.0;88.0;99.0;99.0;8.4;827.2;0.0;3680.0;ICON
2026-09-29T06:15:00+02:00;2026-09-29T12:42:44+02:00;meribel;ARPEGE;45.4;6.6000023;1815.0;2026-10-01T09:00;1.9;2.2;112.0;9.7;0.5;97.0;46.0;89.0;97.0;97.0;9.1;827.9;0.0;3662.5;ICON
2026-09-29T06:15:00+02:00;2026-09-29T12:42:44+02:00;meribel;ARPEGE;45.4;6.6000023;1815.0;2026-10-01T10:00;0.7;5.0;90.0;10.1;0.4;95.0;40.0;69.0;91.0;95.0;9.5;828.5;0.0;3610.0;ICON
2026-09-29T06:15:00+02:00;2026-09-29T12:42:44+02:00;meribel;ARPEGE;45.4;6.6000023;1815.0;2026-10-01T11:00;1.8;7.2;323.0;11.0;0.1;100.0;67.0;83.0;100.0;100.0;9.9;829.6;0.0;3567.5;ICON
2026-09-29T06:15:00+02:00;2026-09-29T12:42:44+02:00;meribel;ARPEGE;45.4;6.6000023;1815.0;2026-10-01T12:00;3.0;9.0;346.0;11.2;0.1;100.0;87.0;65.0;100.0;100.0;10.3;829.8;0.0;3580.0;ICON
2026-09-29T06:15:00+02:00;2026-09-29T12:42:44+02:00;meribel;ARPEGE;45.4;6.6000023;1815.0;2026-10-01T13:00;3.0;10.4;346.0;11.3;0.0;100.0;100.0;89.0;100.0;100.0;10.0;830.1;0.0;3620.0;ICON
2026-09-29T06:15:00+02:00;2026-09-29T12:42:44+02:00;meribel;ARPEGE;45.4;6.6000023;1815.0;2026-10-01T14:00;3.4;10.8;342.0;10.9;0.2;100.0;100.0;85.0;100.0;100.0;9.8;830.0;0.0;3600.0;ICON
2026-09-29T06:15:00+02:00;2026-09-29T12:42:44+02:00;meribel;ARPEGE;45.4;6.6000023;1815.0;2026-10-01T15:00;2.4;10.8;333.0;10.4;0.3;100.0;100.0;81.0;100.0;100.0;9.9;829.7;0.0;3640.0;ICON
2026-09-29T06:15:00+02:00;2026-09-29T12:42:44+02:00;meribel;ARPEGE;45.4;6.6000023;1815.0;2026-10-01T16:00;1.9;8.6;22.0;10.1;0.4;100.0;100.0;95.0;100.0;100.0;9.9;829.6;0.0;3580.0;ICON
2026-09-29T06:15:00+02:00;2026-09-29T12:42:44+02:00;meribel;ARPEGE;45.4;6.6000023;1815.0;2026-10-01T17:00;2.0;9.4;45.0;10.0;0.4;100.0;100.0;94.0;100.0;100.0;9.6;829.6;0.0;3600.0;ICON
2026-09-29T06:15:00+02:00;2026-09-29T12:42:44+02:00;meribel;ARPEGE;45.4;6.6000023;1815.0;2026-10-01T18:00;1.8;9.4;37.0;9.9;0.4;100.0;100.0;76.0;65.0;100.0;9.6;829.9;0.0;3630.0;ICON
2026-09-29T06:15:00+02:00;2026-09-29T12:42:44+02:00;meribel;ARPEGE;45.4;6.6000023;1815.0;2026-10-01T19:00;1.1;8.3;18.0;9.8;0.0;100.0;100.0;33.0;89.0;100.0;9.4;830.2;0.0;3630.0;ICON
2026-09-29T06:15:00+02:00;2026-09-29T12:42:44+02:00;meribel;ARPEGE;45.4;6.6000023;1815.0;2026-10-01T20:00;0.4;5.4;90.0;9.7;0.0;99.0;82.0;0.0;96.0;99.0;9.2;830.6;0.0;3630.0;ICON
2026-09-29T06:15:00+02:00;2026-09-29T12:42:44+02:00;meribel;ARPEGE;45.4;6.6000023;1815.0;2026-10-01T21:00;0.4;4.3;360.0;9.6;0.0;100.0;100.0;0.0;94.0;100.0;9.1;830.5;0.0;3700.0;ICON
2026-09-29T06:15:00+02:00;2026-09-29T12:42:44+02:00;meribel;ARPEGE;45.4;6.6000023;1815.0;2026-10-01T22:00;0.5;2.2;45.0;9.6;0.0;92.0;29.0;0.0;89.0;92.0;9.1;830.5;0.0;3780.0;ICON
2026-09-29T06:15:00+02:00;2026-09-29T12:42:44+02:00;meribel;ARPEGE;45.4;6.6000023;1815.0;2026-10-01T23:00;1.0;2.5;225.0;8.5;0.0;88.0;24.0;0.0;84.0;88.0;8.4;829.9;0.0;3770.0;ICON
2026-09-29T06:15:00+02:00;2026-09-29T12:42:44+02:00;meribel;ARPEGE;45.4;6.6000023;1815.0;2026-10-02T00:00;2.6;2.5;124.0;7.6;0.0;97.0;76.0;0.0;86.0;97.0;7.5;829.4;0.0;3790.0;ICON
2026-09-29T06:15:00+02:00;2026-09-29T12:42:44+02:00;meribel;ARPEGE;45.4;6.6000023;1815.0;2026-10-02T01:00;3.2;3.6;117.0;7.5;0.0;91.0;42.0;0.0;84.0;91.0;7.2;829.2;0.0;3800.0;ICON
2026-09-29T06:15:00+02:00;2026-09-29T12:42:44+02:00;meribel;ARPEGE;45.4;6.6000023;1815.0;2026-10-02T02:00;2.3;3.2;108.0;7.3;0.0;85.0;5.0;0.0;84.0;85.0;6.7;828.8;0.0;3840.0;ICON
2026-09-29T06:15:00+02:00;2026-09-29T12:42:44+02:00;meribel;ARPEGE;45.4;6.6000023;1815.0;2026-10-02T03:00;2.1;2.5;121.0;6.9;0.0;70.0;0.0;0.0;70.0;70.0;6.2;828.4;0.0;3850.0;ICON
2026-09-29T06:15:00+02:00;2026-09-29T12:42:44+02:00;meribel;ARPEGE;45.4;6.6000023;1815.0;2026-10-02T04:00;2.0;2.5;135.0;6.7;0.0;73.0;0.0;0.0;73.0;73.0;5.6;828.1;0.0;3820.0;ICON
2026-09-29T06:15:00+02:00;2026-09-29T12:42:44+02:00;meribel;ARPEGE;45.4;6.6000023;1815.0;2026-10-02T05:00;2.8;2.9;140.0;6.5;0.0;81.0;0.0;0.0;81.0;81.0;5.1;827.9;0.0;3780.0;ICON
2026-09-29T06:15:00+02:00;2026-09-29T12:42:44+02:00;meribel;ARPEGE;45.4;6.6000023;1815.0;2026-10-02T06:00;2.8;3.6;140.0;6.5;0.0;83.0;0.0;0.0;83.0;83.0;4.9;827.8;0.0;3750.0;ICON
2026-09-29T06:15:00+02:00;2026-09-29T12:42:44+02:00;meribel;ARPEGE;45.4;6.6000023;1815.0;2026-10-02T07:00;3.1;4.0;144.0;6.4;0.0;85.0;0.0;0.0;85.0;85.0;4.7;827.8;0.0;3720.0;ICON
2026-09-29T06:15:00+02:00;2026-09-29T12:42:44+02:00;meribel;ARPEGE;45.4;6.6000023;1815.0;2026-10-02T08:00;3.1;4.3;144.0;6.5;0.0;84.0;0.0;0.0;84.0;84.0;4.8;828.3;0.0;3700.0;ICON
2026-09-29T06:15:00+02:00;2026-09-29T12:42:44+02:00;meribel;ARPEGE;45.4;6.6000023;1815.0;2026-10-02T09:00;2.8;4.7;140.0;7.7;0.0;88.0;0.0;0.0;88.0;88.0;5.8;829.3;0.0;3680.0;ICON
2026-09-29T06:15:00+02:00;2026-09-29T12:42:44+02:00;meribel;ARPEGE;45.4;6.6000023;1815.0;2026-10-02T10:00;1.6;4.3;153.0;10.5;0.0;87.0;0.0;0.0;87.0;87.0;7.7;831.3;0.0;3680.0;ICON
2026-09-29T06:15:00+02:00;2026-09-29T12:42:44+02:00;meribel;ARPEGE;45.4;6.6000023;1815.0;2026-10-02T11:00;2.6;7.2;304.0;12.3;0.0;85.0;0.0;0.0;85.0;85.0;9.4;832.5;0.0;3680.0;ICON
2026-09-29T06:15:00+02:00;2026-09-29T12:42:44+02:00;meribel;ARPEGE;45.4;6.6000023;1815.0;2026-10-02T12:00;4.8;12.6;312.0;13.6;0.0;87.0;0.0;0.0;87.0;87.0;10.4;833.0;0.0;3660.0;ICON
2026-09-29T06:15:00+02:00;2026-09-29T12:42:44+02:00;meribel;ARPEGE;45.4;6.6000023;1815.0;2026-10-02T13:00;6.1;15.1;310.0;14.7;0.0;94.0;0.0;0.0;94.0;94.0;10.1;833.4;0.0;3680.0;ICON
2026-09-29T06:15:00+02:00;2026-09-29T12:42:44+02:00;meribel;ARPEGE;45.4;6.6000023;1815.0;2026-10-02T14:00;6.4;16.6;313.0;15.5;0.0;92.0;1.0;1.0;92.0;92.0;9.6;833.4;0.0;3680.0;ICON
2026-09-29T06:15:00+02:00;2026-09-29T12:42:44+02:00;meribel;ARPEGE;45.4;6.6000023;1815.0;2026-10-02T15:00;6.4;16.9;313.0;15.9;0.0;100.0;2.0;8.0;100.0;100.0;8.9;833.2;0.0;3680.0;ICON
2026-09-29T06:15:00+02:00;2026-09-29T12:42:44+02:00;meribel;ARPEGE;45.4;6.6000023;1815.0;2026-10-02T16:00;6.4;18.0;317.0;15.5;0.0;100.0;7.0;15.0;100.0;100.0;8.9;833.0;0.0;3680.0;ICON
2026-09-29T06:15:00+02:00;2026-09-29T12:42:44+02:00;meribel;ARPEGE;45.4;6.6000023;1815.0;2026-10-02T17:00;5.6;18.0;320.0;14.4;0.0;100.0;10.0;23.0;100.0;100.0;9.6;832.8;0.0;3680.0;ICON
2026-09-29T06:15:00+02:00;2026-09-29T12:42:44+02:00;meribel;ARPEGE;45.4;6.6000023;1815.0;2026-10-02T18:00;3.8;15.8;319.0;13.3;0.0;100.0;25.0;14.0;100.0;100.0;9.2;832.5;0.0;3670.0;ICON
2026-09-29T06:15:00+02:00;2026-09-29T12:42:44+02:00;meribel;ARPEGE;45.4;6.6000023;1815.0;2026-10-02T19:00;2.1;11.2;329.0;12.3;0.1;100.0;72.0;31.0;100.0;100.0;9.1;832.1;0.0;3660.0;ICON
2026-09-29T06:15:00+02:00;2026-09-29T12:42:44+02:00;meribel;ARPEGE;45.4;6.6000023;1815.0;2026-10-02T20:00;1.1;6.1;342.0;11.4;0.0;100.0;42.0;35.0;100.0;100.0;9.3;831.9;0.0;3650.0;ICON
2026-09-29T06:15:00+02:00;2026-09-29T12:42:44+02:00;meribel;ARPEGE;45.4;6.6000023;1815.0;2026-10-02T21:00;1.1;2.5;108.0;10.7;0.0;100.0;51.0;11.0;100.0;100.0;9.3;831.5;0.0;3630.0;ICON
2026-09-29T06:15:00+02:00;2026-09-29T12:42:44+02:00;meribel;ARPEGE;45.4;6.6000023;1815.0;2026-10-02T22:00;1.3;2.5;124.0;10.4;0.0;97.0;17.0;4.0;97.0;97.0;8.8;831.5;0.0;3610.0;ICON
2026-09-29T06:15:00+02:00;2026-09-29T12:42:44+02:00;meribel;ARPEGE;45.4;6.6000023;1815.0;2026-10-02T23:00;1.5;2.9;135.0;9.7;0.0;99.0;0.0;1.0;99.0;99.0;7.9;831.1;0.0;3590.0;ICON
2026-09-29T06:15:00+02:00;2026-09-29T12:42:44+02:00;ferme_de_sauze;IFS;45.09666;4.7589426;359.0;2026-09-29T00:00;11.3;22.7;181.0;19.4;0.0;100.0;0.0;0.0;100.0;100.0;13.7;978.4;0.0;3950.0;ICON
2026-09-29T06:15:00+02:00;2026-09-29T12:42:44+02:00;ferme_de_sauze;IFS;45.09666;4.7589426;359.0;2026-09-29T01:00;13.3;26.3;179.0;18.7;0.0;94.0;1.0;0.0;94.0;94.0;14.3;978.5;0.0;3940.0;ICON
2026-09-29T06:15:00+02:00;2026-09-29T12:42:44+02:00;ferme_de_sauze;IFS;45.09666;4.7589426;359.0;2026-09-29T02:00;16.3;30.2;187.0;18.1;0.0;41.0;0.0;0.0;41.0;41.0;15.2;978.6;0.0;3930.0;ICON
2026-09-29T06:15:00+02:00;2026-09-29T12:42:44+02:00;ferme_de_sauze;IFS;45.09666;4.7589426;359.0;2026-09-29T03:00;16.5;33.1;191.0;17.7;0.0;66.0;0.0;5.0;66.0;66.0;14.9;978.6;0.0;3940.0;ICON
2026-09-29T06:15:00+02:00;2026-09-29T12:42:44+02:00;ferme_de_sauze;IFS;45.09666;4.7589426;359.0;2026-09-29T04:00;17.0;34.2;193.0;17.5;0.0;78.0;0.0;6.0;78.0;78.0;14.5;978.4;0.0;3930.0;ICON
2026-09-29T06:15:00+02:00;2026-09-29T12:42:44+02:00;ferme_de_sauze;IFS;45.09666;4.7589426;359.0;2026-09-29T05:00;17.2;35.3;194.0;17.3;0.0;99.0;0.0;2.0;99.0;99.0;14.1;978.3;0.0;3930.0;ICON
2026-09-29T06:15:00+02:00;2026-09-29T12:42:44+02:00;ferme_de_sauze;IFS;45.09666;4.7589426;359.0;2026-09-29T06:00;17.6;35.3;194.0;17.5;0.0;74.0;0.0;0.0;74.0;74.0;13.5;977.8;0.0;3920.0;ICON
2026-09-29T06:15:00+02:00;2026-09-29T12:42:44+02:00;ferme_de_sauze;IFS;45.09666;4.7589426;359.0;2026-09-29T07:00;17.0;35.3;198.0;17.5;0.0;50.0;0.0;2.0;49.0;50.0;12.5;977.9;0.0;3920.0;ICON
2026-09-29T06:15:00+02:00;2026-09-29T12:42:44+02:00;ferme_de_sauze;IFS;45.09666;4.7589426;359.0;2026-09-29T08:00;17.0;34.2;198.0;17.5;0.0;67.0;0.0;0.0;67.0;67.0;11.9;978.2;0.0;3930.0;ICON
2026-09-29T06:15:00+02:00;2026-09-29T12:42:44+02:00;ferme_de_sauze;IFS;45.09666;4.7589426;359.0;2026-09-29T09:00;16.0;36.0;194.0;19.0;0.0;67.0;0.0;0.0;67.0;67.0;11.8;978.7;0.0;3980.0;ICON
2026-09-29T06:15:00+02:00;2026-09-29T12:42:44+02:00;ferme_de_sauze;IFS;45.09666;4.7589426;359.0;2026-09-29T10:00;17.0;35.6;189.0;20.8;0.0;60.0;0.0;0.0;60.0;60.0;12.1;979.2;0.0;4020.0;ICON
2026-09-29T06:15:00+02:00;2026-09-29T12:42:44+02:00;ferme_de_sauze;IFS;45.09666;4.7589426;359.0;2026-09-29T11:00;22.2;45.7;188.0;22.6;0.0;73.0;0.0;0.0;73.0;73.0;11.1;979.3;0.0;3990.0;ICON
2026-09-29T06:15:00+02:00;2026-09-29T12:42:44+02:00;ferme_de_sauze;IFS;45.09666;4.7589426;359.0;2026-09-29T12:00;25.2;52.6;187.0;24.0;0.0;80.0;0.0;0.0;80.0;80.0;9.9;979.2;0.0;4020.0;ICON
2026-09-29T06:15:00+02:00;2026-09-29T12:42:44+02:00;ferme_de_sauze;IFS;45.09666;4.7589426;359.0;2026-09-29T13:00;27.0;55.8;187.0;25.0;0.0;80.0;0.0;0.0;80.0;80.0;9.5;979.0;0.0;4020.0;ICON
2026-09-29T06:15:00+02:00;2026-09-29T12:42:44+02:00;ferme_de_sauze;IFS;45.09666;4.7589426;359.0;2026-09-29T14:00;29.1;60.1;189.0;25.9;0.0;83.0;0.0;0.0;83.0;83.0;9.3;978.8;0.0;4100.0;ICON
2026-09-29T06:15:00+02:00;2026-09-29T12:42:44+02:00;ferme_de_sauze;IFS;45.09666;4.7589426;359.0;2026-09-29T15:00;27.7;60.1;186.0;26.0;0.0;72.0;0.0;2.0;72.0;72.0;10.7;978.4;0.0;4100.0;ICON
2026-09-29T06:15:00+02:00;2026-09-29T12:42:44+02:00;ferme_de_sauze;IFS;45.09666;4.7589426;359.0;2026-09-29T16:00;27.9;57.2;187.0;26.2;0.0;68.0;0.0;0.0;68.0;68.0;10.2;978.3;0.0;4060.0;ICON
2026-09-29T06:15:00+02:00;2026-09-29T12:42:44+02:00;ferme_de_sauze;IFS;45.09666;4.7589426;359.0;2026-09-29T17:00;26.5;57.2;191.0;26.1;0.0;43.0;0.0;5.0;41.0;43.0;9.9;978.0;0.0;4100.0;ICON
2026-09-29T06:15:00+02:00;2026-09-29T12:42:44+02:00;ferme_de_sauze;IFS;45.09666;4.7589426;359.0;2026-09-29T18:00;24.5;53.3;192.0;25.5;0.0;60.0;0.0;57.0;8.0;60.0;10.3;977.9;0.0;4090.0;ICON
2026-09-29T06:15:00+02:00;2026-09-29T12:42:44+02:00;ferme_de_sauze;IFS;45.09666;4.7589426;359.0;2026-09-29T19:00;20.8;48.6;195.0;24.5;0.0;96.0;2.0;90.0;91.0;96.0;11.0;977.9;0.0;4020.0;ICON
2026-09-29T06:15:00+02:00;2026-09-29T12:42:44+02:00;ferme_de_sauze;IFS;45.09666;4.7589426;359.0;2026-09-29T20:00;20.7;40.7;198.0;23.8;0.0;99.0;1.0;92.0;98.0;99.0;11.6;978.4;0.0;3860.0;ICON
2026-09-29T06:15:00+02:00;2026-09-29T12:42:44+02:00;ferme_de_sauze;IFS;45.09666;4.7589426;359.0;2026-09-29T21:00;21.9;44.3;205.0;22.2;0.0;100.0;0.0;98.0;100.0;100.0;13.2;978.9;0.0;3930.0;ICON
2026-09-29T06:15:00+02:00;2026-09-29T12:42:44+02:00;ferme_de_sauze;IFS;45.09666;4.7589426;359.0;2026-09-29T22:00;22.3;43.9;196.0;21.4;0.0;66.0;0.0;33.0;49.0;66.0;14.6;979.0;0.0;3940.0;ICON
2026-09-29T06:15:00+02:00;2026-09-29T12:42:44+02:00;ferme_de_sauze;IFS;45.09666;4.7589426;359.0;2026-09-29T23:00;21.4;44.6;195.0;20.5;0.0;48.0;0.0;29.0;27.0;48.0;14.6;978.9;0.0;3850.0;ICON
2026-09-29T06:15:00+02:00;2026-09-29T12:42:44+02:00;ferme_de_sauze;IFS;45.09666;4.7589426;359.0;2026-09-30T00:00;23.7;46.4;189.0;20.4;0.0;47.0;0.0;19.0;34.0;47.0;13.7;979.0;0.0;3930.0;ICON
2026-09-29T06:15:00+02:00;2026-09-29T12:42:44+02:00;ferme_de_sauze;IFS;45.09666;4.7589426;359.0;2026-09-30T01:00;22.3;46.4;193.0;20.1;0.0;30.0;2.0;20.0;12.0;30.0;12.6;978.7;0.0;3930.0;ICON
2026-09-29T06:15:00+02:00;2026-09-29T12:42:44+02:00;ferme_de_sauze;IFS;45.09666;4.7589426;359.0;2026-09-30T02:00;22.6;45.4;195.0;20.0;0.0;90.0;0.0;82.0;45.0;90.0;12.1;978.6;0.0;3870.0;ICON
2026-09-29T06:15:00+02:00;2026-09-29T12:42:44+02:00;ferme_de_sauze;IFS;45.09666;4.7589426;359.0;2026-09-30T03:00;21.9;44.6;196.0;20.1;0.0;99.0;0.0;71.0;97.0;99.0;11.9;978.4;0.0;3970.0;ICON
2026-09-29T06:15:00+02:00;2026-09-29T12:42:44+02:00;ferme_de_sauze;IFS;45.09666;4.7589426;359.0;2026-09-30T04:00;21.8;43.2;201.0;19.5;0.0;93.0;20.0;39.0;87.0;93.0;12.0;978.4;0.0;3980.0;ICON
2026-09-29T06:15:00+02:00;2026-09-29T12:42:44+02:00;ferme_de_sauze;IFS;45.09666;4.7589426;359.0;2026-09-30T05:00;23.0;45.4;194.0;19.4;0.0;94.0;1.0;76.0;83.0;94.0;11.1;977.9;0.0;3890.0;ICON
2026-09-29T06:15:00+02:00;2026-09-29T12:42:44+02:00;ferme_de_sauze;IFS;45.09666;4.7589426;359.0;2026-09-30T06:00;23.1;46.8;201.0;17.8;0.4;95.0;9.0;91.0;50.0;95.0;12.9;978.1;0.0;3930.0;ICON
2026-09-29T06:15:00+02:00;2026-09-29T12:42:44+02:00;ferme_de_sauze;IFS;45.09666;4.7589426;359.0;2026-09-30T07:00;18.5;44.6;201.0;17.0;0.5;46.0;1.0;29.0;31.0;46.0;13.6;978.3;0.0;3820.0;ICON
2026-09-29T06:15:00+02:00;2026-09-29T12:42:44+02:00;ferme_de_sauze;IFS;45.09666;4.7589426;359.0;2026-09-30T08:00;19.0;36.4;202.0;17.4;0.1;98.0;22.0;95.0;85.0;98.0;13.5;978.7;0.0;3930.0;ICON
2026-09-29T06:15:00+02:00;2026-09-29T12:42:44+02:00;ferme_de_sauze;IFS;45.09666;4.7589426;359.0;2026-09-30T09:00;19.2;37.4;202.0;18.1;0.2;99.0;18.0;98.0;89.0;99.0;13.6;979.2;0.0;3920.0;ICON
2026-09-29T06:15:00+02:00;2026-09-29T12:42:44+02:00;ferme_de_sauze;IFS;45.09666;4.7589426;359.0;2026-09-30T10:00;19.7;43.6;207.0;17.1;0.9;100.0;0.0;99.0;99.0;100.0;15.0;979.5;0.0;3840.0;ICON
2026-09-29T06:15:00+02:00;2026-09-29T12:42:44+02:00;ferme_de_sauze;IFS;45.09666;4.7589426;359.0;2026-09-30T11:00;19.8;37.4;210.0;16.6;1.6;100.0;46.0;99.0;95.0;100.0;14.9;979.7;0.0;3850.0;ICON
2026-09-29T06:15:00+02:00;2026-09-29T12:42:44+02:00;ferme_de_sauze;IFS;45.09666;4.7589426;359.0;2026-09-30T12:00;22.8;44.3;212.0;17.6;0.8;100.0;88.0;100.0;95.0;100.0;15.5;980.4;0.0;3860.0;ICON
2026-09-29T06:15:00+02:00;2026-09-29T12:42:44+02:00;ferme_de_sauze;IFS;45.09666;4.7589426;359.0;2026-09-30T13:00;19.9;43.6;205.0;18.1;1.6;100.0;9.0;100.0;100.0;100.0;16.4;980.4;0.0;3880.0;ICON
2026-09-29T06:15:00+02:00;2026-09-29T12:42:44+02:00;ferme_de_sauze;IFS;45.09666;4.7589426;359.0;2026-09-30T14:00;14.2;39.2;206.0;17.4;1.4;100.0;49.0;94.0;98.0;100.0;16.2;980.6;0.0;3840.0;ICON
2026-09-29T06:15:00+02:00;2026-09-29T12:42:44+02:00;ferme_de_sauze;IFS;45.09666;4.7589426;359.0;2026-09-30T15:00;7.6;27.4;198.0;18.1;0.4;100.0;92.0;98.0;97.0;100.0;16.9;980.3;0.0;3780.0;ICON
2026-09-29T06:15:00+02:00;2026-09-29T12:42:44+02:00;ferme_de_sauze;IFS;45.09666;4.7589426;359.0;2026-09-30T16:00;9.0;25.9;203.0;18.1;2.2;100.0;100.0;100.0;99.0;100.0;17.2;980.2;0.0;3780.0;ICON
2026-09-29T06:15:00+02:00;2026-09-29T12:42:44+02:00;ferme_de_sauze;IFS;45.09666;4.7589426;359.0;2026-09-30T17:00;10.7;27.7;194.0;18.0;5.4;100.0;99.0;100.0;100.0;100.0;16.9;979.7;0.0;3800.0;ICON
2026-09-29T06:15:00+02:00;2026-09-29T12:42:44+02:00;ferme_de_sauze;IFS;45.09666;4.7589426;359.0;2026-09-30T18:00;11.9;28.4;190.0;17.9;5.3;100.0;14.0;100.0;99.0;100.0;17.0;979.6;0.0;3860.0;ICON
2026-09-29T06:15:00+02:00;2026-09-29T12:42:44+02:00;ferme_de_sauze;IFS;45.09666;4.7589426;359.0;2026-09-30T19:00;14.1;27.4;183.0;17.6;4.0;100.0;27.0;100.0;99.0;100.0;16.6;979.5;0.0;3970.0;ICON
2026-09-29T06:15:00+02:00;2026-09-29T12:42:44+02:00;ferme_de_sauze;IFS;45.09666;4.7589426;359.0;2026-09-30T20:00;11.4;28.1;196.0;17.6;2.8;100.0;16.0;95.0;100.0;100.0;16.9;979.8;0.0;3920.0;ICON
2026-09-29T06:15:00+02:00;2026-09-29T12:42:44+02:00;ferme_de_sauze;IFS;45.09666;4.7589426;359.0;2026-09-30T21:00;10.6;24.8;184.0;17.7;3.3;100.0;100.0;98.0;92.0;100.0;16.7;980.1;0.0;3770.0;ICON
2026-09-29T06:15:00+02:00;2026-09-29T12:42:44+02:00;ferme_de_sauze;IFS;45.09666;4.7589426;359.0;2026-09-30T22:00;9.6;21.6;201.0;17.7;0.5;100.0;2.0;81.0;100.0;100.0;16.9;980.2;0.0;3710.0;ICON
2026-09-29T06:15:00+02:00;2026-09-29T12:42:44+02:00;ferme_de_sauze;IFS;45.09666;4.7589426;359.0;2026-09-30T23:00;8.0;19.1;194.0;17.5;0.0;100.0;9.0;48.0;100.0;100.0;16.6;980.2;0.0;3810.0;ICON
2026-09-29T06:15:00+02:00;2026-09-29T12:42:44+02:00;ferme_de_sauze;IFS;45.09666;4.7589426;359.0;2026-10-01T00:00;10.5;20.2;200.0;17.4;0.0;100.0;2.0;94.0;98.0;100.0;16.3;980.1;0.0;3850.0;ICON
2026-09-29T06:15:00+02:00;2026-09-29T12:42:44+02:00;ferme_de_sauze;IFS;45.09666;4.7589426;359.0;2026-10-01T01:00;12.9;23.8;201.0;17.6;0.0;100.0;2.0;11.0;100.0;100.0;16.0;980.0;0.0;3820.0;ICON
2026-09-29T06:15:00+02:00;2026-09-29T12:42:44+02:00;ferme_de_sauze;IFS;45.09666;4.7589426;359.0;2026-10-01T02:00;15.6;31.7;203.0;17.5;0.0;99.0;7.0;22.0;98.0;99.0;15.4;979.8;0.0;3830.0;ICON
2026-09-29T06:15:00+02:00;2026-09-29T12:42:44+02:00;ferme_de_sauze;IFS;45.09666;4.7589426;359.0;2026-10-01T03:00;13.5;31.0;201.0;16.8;1.1;100.0;83.0;84.0;99.0;100.0;15.5;980.0;0.0;3740.0;ICON
2026-09-29T06:15:00+02:00;2026-09-29T12:42:44+02:00;ferme_de_sauze;IFS;45.09666;4.7589426;359.0;2026-10-01T04:00;13.5;26.6;196.0;16.8;1.3;100.0;88.0;100.0;100.0;100.0;15.7;979.8;0.0;3680.0;ICON
2026-09-29T06:15:00+02:00;2026-09-29T12:42:44+02:00;ferme_de_sauze;IFS;45.09666;4.7589426;359.0;2026-10-01T05:00;13.3;29.2;205.0;16.8;1.8;100.0;77.0;79.0;99.0;100.0;15.6;979.6;0.0;3720.0;ICON
2026-09-29T06:15:00+02:00;2026-09-29T12:42:44+02:00;ferme_de_sauze;IFS;45.09666;4.7589426;359.0;2026-10-01T06:00;12.6;25.9;197.0;16.9;0.1;100.0;64.0;45.0;99.0;100.0;15.7;980.0;0.0;3730.0;ICON
2026-09-29T06:15:00+02:00;2026-09-29T12:42:44+02:00;ferme_de_sauze;IFS;45.09666;4.7589426;359.0;2026-10-01T07:00;13.0;25.9;204.0;16.8;0.1;100.0;36.0;34.0;99.0;100.0;15.6;980.3;0.0;3750.0;ICON
2026-09-29T06:15:00+02:00;2026-09-29T12:42:44+02:00;ferme_de_sauze;IFS;45.09666;4.7589426;359.0;2026-10-01T08:00;8.6;24.1;206.0;16.5;0.5;100.0;16.0;69.0;100.0;100.0;15.6;980.9;0.0;3620.0;ICON
2026-09-29T06:15:00+02:00;2026-09-29T12:42:44+02:00;ferme_de_sauze;IFS;45.09666;4.7589426;359.0;2026-10-01T09:00;7.2;17.3;199.0;17.0;0.3;100.0;98.0;73.0;100.0;100.0;16.2;981.6;0.0;3727.5;ICON
2026-09-29T06:15:00+02:00;2026-09-29T12:42:44+02:00;ferme_de_sauze;IFS;45.09666;4.7589426;359.0;2026-10-01T10:00;9.2;19.1;196.0;17.6;0.5;100.0;100.0;99.0;98.0;100.0;16.7;982.3;0.0;3765.0;ICON
2026-09-29T06:15:00+02:00;2026-09-29T12:42:44+02:00;ferme_de_sauze;IFS;45.09666;4.7589426;359.0;2026-10-01T11:00;8.4;18.7;191.0;17.8;0.8;100.0;98.0;100.0;100.0;100.0;17.0;982.6;0.0;3800.0;ICON
2026-09-29T06:15:00+02:00;2026-09-29T12:42:44+02:00;ferme_de_sauze;IFS;45.09666;4.7589426;359.0;2026-10-01T12:00;5.1;16.6;122.0;17.9;1.6;100.0;100.0;100.0;98.0;100.0;17.4;983.0;0.0;3730.0;ICON
2026-09-29T06:15:00+02:00;2026-09-29T12:42:44+02:00;ferme_de_sauze;IFS;45.09666;4.7589426;359.0;2026-10-01T13:00;5.5;14.4;144.0;18.1;0.6;100.0;100.0;100.0;97.0;100.0;18.0;983.1;0.0;3760.0;ICON
2026-09-29T06:15:00+02:00;2026-09-29T12:42:44+02:00;ferme_de_sauze;IFS;45.09666;4.7589426;359.0;2026-10-01T14:00;9.1;21.2;153.0;19.4;0.2;98.0;15.0;66.0;95.0;98.0;17.7;983.0;0.0;3640.0;ICON
2026-09-29T06:15:00+02:00;2026-09-29T12:42:44+02:00;ferme_de_sauze;IFS;45.09666;4.7589426;359.0;2026-10-01T15:00;11.0;24.8;140.0;20.0;0.1;98.0;53.0;49.0;94.0;98.0;17.1;982.8;0.0;3630.0;ICON
2026-09-29T06:15:00+02:00;2026-09-29T12:42:44+02:00;ferme_de_sauze;IFS;45.09666;4.7589426;359.0;2026-10-01T16:00;8.7;24.5;122.0;19.0;1.6;100.0;100.0;99.0;93.0;100.0;17.0;982.9;0.0;3570.0;ICON
2026-09-29T06:15:00+02:00;2026-09-29T12:42:44+02:00;ferme_de_sauze;IFS;45.09666;4.7589426;359.0;2026-10-01T17:00;4.8;19.8;65.0;18.5;2.8;100.0;96.0;86.0;97.0;100.0;17.2;983.3;0.0;3660.0;ICON
2026-09-29T06:15:00+02:00;2026-09-29T12:42:44+02:00;ferme_de_sauze;IFS;45.09666;4.7589426;359.0;2026-10-01T18:00;6.7;16.9;8.0;17.8;1.5;88.0;54.0;33.0;72.0;88.0;17.2;983.6;0.0;3690.0;ICON
2026-09-29T06:15:00+02:00;2026-09-29T12:42:44+02:00;ferme_de_sauze;IFS;45.09666;4.7589426;359.0;2026-10-01T19:00;3.6;13.7;351.0;17.7;0.2;99.0;93.0;71.0;83.0;99.0;17.3;983.9;0.0;3700.0;ICON
2026-09-29T06:15:00+02:00;2026-09-29T12:42:44+02:00;ferme_de_sauze;IFS;45.09666;4.7589426;359.0;2026-10-01T20:00;3.7;9.0;331.0;17.1;0.5;100.0;100.0;91.0;55.0;100.0;16.6;984.3;0.0;3650.0;ICON
2026-09-29T06:15:00+02:00;2026-09-29T12:42:44+02:00;ferme_de_sauze;IFS;45.09666;4.7589426;359.0;2026-10-01T21:00;6.3;13.3;358.0;16.9;0.6;98.0;91.0;76.0;63.0;98.0;16.5;984.7;0.0;3660.0;ICON
2026-09-29T06:15:00+02:00;2026-09-29T12:42:44+02:00;ferme_de_sauze;IFS;45.09666;4.7589426;359.0;2026-10-01T22:00;7.7;15.1;336.0;17.0;0.5;100.0;100.0;100.0;65.0;100.0;16.5;985.0;0.0;3860.0;ICON
2026-09-29T06:15:00+02:00;2026-09-29T12:42:44+02:00;ferme_de_sauze;IFS;45.09666;4.7589426;359.0;2026-10-01T23:00;10.4;19.8;346.0;17.1;0.1;100.0;100.0;96.0;67.0;100.0;16.5;985.2;0.0;4020.0;ICON
2026-09-29T06:15:00+02:00;2026-09-29T12:42:44+02:00;ferme_de_sauze;IFS;45.09666;4.7589426;359.0;2026-10-02T00:00;10.7;20.5;337.0;17.1;0.0;98.0;81.0;41.0;88.0;98.0;16.3;985.1;0.0;4090.0;ICON
2026-09-29T06:15:00+02:00;2026-09-29T12:42:44+02:00;ferme_de_sauze;IFS;45.09666;4.7589426;359.0;2026-10-02T01:00;9.3;20.5;341.0;16.6;0.0;96.0;26.0;9.0;95.0;96.0;15.7;985.2;0.0;4090.0;ICON
2026-09-29T06:15:00+02:00;2026-09-29T12:42:44+02:00;ferme_de_sauze;IFS;45.09666;4.7589426;359.0;2026-10-02T02:00;7.8;18.4;337.0;16.2;0.0;95.0;24.0;10.0;92.0;95.0;15.0;985.3;0.0;4070.0;ICON
2026-09-29T06:15:00+02:00;2026-09-29T12:42:44+02:00;ferme_de_sauze;IFS;45.09666;4.7589426;359.0;2026-10-02T03:00;8.9;17.3;346.0;15.9;0.0;91.0;17.0;9.0;88.0;91.0;14.4;985.2;0.0;4080.0;ICON
2026-09-29T06:15:00+02:00;2026-09-29T12:42:44+02:00;ferme_de_sauze;IFS;45.09666;4.7589426;359.0;2026-10-02T04:00;9.1;18.4;350.0;15.5;0.0;92.0;12.0;3.0;91.0;92.0;14.1;985.0;0.0;4100.0;ICON
2026-09-29T06:15:00+02:00;2026-09-29T12:42:44+02:00;ferme_de_sauze;IFS;45.09666;4.7589426;359.0;2026-10-02T05:00;8.1;18.4;348.0;15.2;0.0;86.0;16.0;9.0;82.0;86.0;13.9;985.0;0.0;4060.0;ICON
2026-09-29T06:15:00+02:00;2026-09-29T12:42:44+02:00;ferme_de_sauze;IFS;45.09666;4.7589426;359.0;2026-10-02T06:00;8.9;17.3;354.0;15.0;0.0;93.0;24.0;19.0;89.0;93.0;13.8;985.0;0.0;4040.0;ICON
2026-09-29T06:15:00+02:00;2026-09-29T12:42:44+02:00;ferme_de_sauze;IFS;45.09666;4.7589426;359.0;2026-10-02T07:00;10.1;20.2;356.0;14.9;0.0;95.0;16.0;26.0;92.0;95.0;13.7;985.2;0.0;4070.0;ICON
2026-09-29T06:15:00+02:00;2026-09-29T12:42:44+02:00;ferme_de_sauze;IFS;45.09666;4.7589426;359.0;2026-10-02T08:00;9.4;20.2;353.0;14.7;0.0;93.0;16.0;20.0;90.0;93.0;13.7;985.5;0.0;4080.0;ICON
2026-09-29T06:15:00+02:00;2026-09-29T12:42:44+02:00;ferme_de_sauze;IFS;45.09666;4.7589426;359.0;2026-10-02T09:00;10.6;21.2;1.0;15.4;0.0;90.0;31.0;6.0;84.0;90.0;14.1;985.9;0.0;4050.0;ICON
2026-09-29T06:15:00+02:00;2026-09-29T12:42:44+02:00;ferme_de_sauze;IFS;45.09666;4.7589426;359.0;2026-10-02T10:00;10.1;22.7;4.0;16.3;0.0;98.0;41.0;9.0;95.0;98.0;14.4;986.1;0.0;4030.0;ICON
2026-09-29T06:15:00+02:00;2026-09-29T12:42:44+02:00;ferme_de_sauze;IFS;45.09666;4.7589426;359.0;2026-10-02T11:00;12.1;27.4;6.0;17.2;0.0;97.0;50.0;14.0;94.0;97.0;14.3;986.5;0.0;4000.0;ICON
2026-09-29T06:15:00+02:00;2026-09-29T12:42:44+02:00;ferme_de_sauze;IFS;45.09666;4.7589426;359.0;2026-10-02T12:00;10.8;27.4;10.0;18.2;0.0;93.0;52.0;9.0;85.0;93.0;14.4;986.6;0.0;3970.0;ICON
2026-09-29T06:15:00+02:00;2026-09-29T12:42:44+02:00;ferme_de_sauze;IFS;45.09666;4.7589426;359.0;2026-10-02T13:00;9.1;25.6;10.0;19.0;0.0;86.0;76.0;0.0;41.0;86.0;14.7;986.3;0.0;3890.0;ICON
2026-09-29T06:15:00+02:00;2026-09-29T12:42:44+02:00;ferme_de_sauze;IFS;45.09666;4.7589426;359.0;2026-10-02T14:00;8.1;23.4;6.0;19.7;0.0;50.0;42.0;2.0;12.0;50.0;14.9;986.0;0.0;3880.0;ICON
2026-09-29T06:15:00+02:00;2026-09-29T12:42:44+02:00;ferme_de_sauze;IFS;45.09666;4.7589426;359.0;2026-10-02T15:00;7.7;20.9;1.0;19.9;0.0;45.0;27.0;0.0;25.0;45.0;15.0;985.4;0.0;3860.0;ICON
2026-09-29T06:15:00+02:00;2026-09-29T12:42:44+02:00;ferme_de_sauze;IFS;45.09666;4.7589426;359.0;2026-10-02T16:00;7.7;20.5;357.0;20.4;0.0;20.0;7.0;1.0;14.0;20.0;15.2;984.9;0.0;3830.0;ICON
2026-09-29T06:15:00+02:00;2026-09-29T12:42:44+02:00;ferme_de_sauze;IFS;45.09666;4.7589426;359.0;2026-10-02T17:00;8.1;20.2;355.0;20.4;0.0;31.0;7.0;7.0;21.0;31.0;15.1;984.7;0.0;3810.0;ICON
2026-09-29T06:15:00+02:00;2026-09-29T12:42:44+02:00;ferme_de_sauze;IFS;45.09666;4.7589426;359.0;2026-10-02T18:00;8.7;19.8;343.0;19.6;0.0;36.0;8.0;11.0;23.0;36.0;15.0;984.4;0.0;3790.0;ICON
2026-09-29T06:15:00+02:00;2026-09-29T12:42:44+02:00;ferme_de_sauze;IFS;45.09666;4.7589426;359.0;2026-10-02T19:00;6.2;18.4;308.0;18.2;0.0;70.0;8.0;10.0;66.0;70.0;15.2;984.3;0.0;3760.0;ICON
2026-09-29T06:15:00+02:00;2026-09-29T12:42:44+02:00;ferme_de_sauze;IFS;45.09666;4.7589426;359.0;2026-10-02T20:00;4.3;11.2;275.0;16.4;0.0;98.0;12.0;15.0;98.0;98.0;14.9;984.4;0.0;3740.0;ICON
2026-09-29T06:15:00+02:00;2026-09-29T12:42:44+02:00;ferme_de_sauze;IFS;45.09666;4.7589426;359.0;2026-10-02T21:00;4.5;10.1;265.0;15.9;0.0;100.0;9.0;12.0;100.0;100.0;14.6;984.4;0.0;3700.0;ICON
2026-09-29T06:15:00+02:00;2026-09-29T12:42:44+02:00;ferme_de_sauze;IFS;45.09666;4.7589426;359.0;2026-10-02T22:00;4.0;9.7;267.0;15.7;0.0;97.0;4.0;6.0;97.0;97.0;14.2;984.4;0.0;3670.0;ICON
2026-09-29T06:15:00+02:00;2026-09-29T12:42:44+02:00;ferme_de_sauze;IFS;45.09666;4.7589426;359.0;2026-10-02T23:00;3.6;9.4;270.0;15.5;0.0;92.0;0.0;2.0;92.0;92.0;13.8;984.4;0.0;3630.0;ICON
2026-09-29T06:15:00+02:00;2026-09-29T12:42:44+02:00;ferme_de_sauze;IFS;45.09666;4.7589426;359.0;2026-10-03T00:00;3.2;9.0;270.0;15.3;0.0;89.0;0.0;1.0;90.0;90.0;13.5;984.3;0.0;3590.0;ICON
2026-09-29T06:15:00+02:00;2026-09-29T12:42:44+02:00;ferme_de_sauze;IFS;45.09666;4.7589426;359.0;2026-10-03T01:00;2.9;9.0;270.0;15.0;0.0;86.0;0.0;1.0;87.0;87.0;13.2;984.2;0.0;3560.0;ICON
2026-09-29T06:15:00+02:00;2026-09-29T12:42:44+02:00;ferme_de_sauze;IFS;45.09666;4.7589426;359.0;2026-10-03T02:00;2.5;8.6;270.0;14.8;0.0;82.0;0.0;2.0;82.0;82.0;12.9;984.1;0.0;3520.0;ICON
2026-09-29T06:15:00+02:00;2026-09-29T12:42:44+02:00;ferme_de_sauze;IFS;45.09666;4.7589426;359.0;2026-10-03T03:00;2.2;8.3;270.0;14.7;0.0;76.0;0.0;5.0;75.0;76.0;12.8;983.9;0.0;3510.0;ICON
2026-09-29T06:15:00+02:00;2026-09-29T12:42:44+02:00;ferme_de_sauze;IFS;45.09666;4.7589426;359.0;2026-10-03T04:00;1.6;7.6;270.0;14.7;0.0;69.0;0.0;9.0;66.0;69.0;12.7;983.6;0.0;3500.0;ICON
2026-09-29T06:15:00+02:00;2026-09-29T12:42:44+02:00;ferme_de_sauze;IFS;45.09666;4.7589426;359.0;2026-10-03T05:00;1.4;6.8;270.0;14.6;0.0;60.0;0.0;12.0;55.0;60.0;12.6;983.4;0.0;3490.0;ICON
2026-09-29T06:15:00+02:00;2026-09-29T12:42:44+02:00;ferme_de_sauze;IFS;45.09666;4.7589426;359.0;2026-10-03T06:00;1.8;5.8;276.0;14.2;0.0;45.0;0.0;13.0;38.0;45.0;12.3;983.2;0.0;3470.0;ICON
2026-09-29T06:15:00+02:00;2026-09-29T12:42:44+02:00;ferme_de_sauze;IFS;45.09666;4.7589426;359.0;2026-10-03T07:00;2.5;4.7;278.0;13.8;0.0;28.0;0.0;13.0;17.0;28.0;11.9;983.0;0.0;3450.0;ICON
2026-09-29T06:15:00+02:00;2026-09-29T12:42:44+02:00;ferme_de_sauze;IFS;45.09666;4.7589426;359.0;2026-10-03T08:00;2.4;5.0;279.0;14.0;0.0;16.0;0.0;13.0;4.0;16.0;12.0;983.1;0.0;3430.0;ICON
2026-09-29T06:15:00+02:00;2026-09-29T12:42:44+02:00;ferme_de_sauze;IFS;45.09666;4.7589426;359.0;2026-10-03T09:00;0.6;7.2;304.0;15.5;0.0;12.0;1.0;12.0;0.0;12.0;13.0;983.6;0.0;3430.0;ICON
2026-09-29T06:15:00+02:00;2026-09-29T12:42:44+02:00;ferme_de_sauze;IFS;45.09666;4.7589426;359.0;2026-10-03T10:00;2.2;10.4;90.0;17.5;0.0;13.0;1.0;10.0;3.0;13.0;14.4;984.3;0.0;3430.0;ICON
2026-09-29T06:15:00+02:00;2026-09-29T12:42:44+02:00;ferme_de_sauze;IFS;45.09666;4.7589426;359.0;2026-10-03T11:00;4.2;14.0;108.0;19.4;0.0;21.0;2.0;8.0;13.0;21.0;15.4;984.6;0.0;3430.0;ICON
2026-09-29T06:15:00+02:00;2026-09-29T12:42:44+02:00;ferme_de_sauze;IFS;45.09666;4.7589426;359.0;2026-10-03T12:00;6.0;18.7;141.0;20.8;0.0;40.0;2.0;5.0;35.0;40.0;15.4;984.4;0.0;3430.0;ICON
2026-09-29T06:15:00+02:00;2026-09-29T12:42:44+02:00;ferme_de_sauze;IFS;45.09666;4.7589426;359.0;2026-10-03T13:00;9.6;23.8;163.0;22.1;0.0;66.0;1.0;2.0;64.0;66.0;14.9;984.0;0.0;3430.0;ICON
2026-09-29T06:15:00+02:00;2026-09-29T12:42:44+02:00;ferme_de_sauze;IFS;45.09666;4.7589426;359.0;2026-10-03T14:00;12.5;27.7;172.0;22.9;0.0;86.0;1.0;0.0;86.0;86.0;14.4;983.6;0.0;3430.0;ICON
2026-09-29T06:15:00+02:00;2026-09-29T12:42:44+02:00;ferme_de_sauze;IFS;45.09666;4.7589426;359.0;2026-10-03T15:00;13.4;29.9;175.0;23.3;0.0;96.0;1.0;0.0;97.0;97.0;14.2;983.0;0.0;3440.0;ICON
2026-09-29T06:15:00+02:00;2026-09-29T12:42:44+02:00;ferme_de_sauze;IFS;45.09666;4.7589426;359.0;2026-10-03T16:00;12.8;30.6;178.0;23.3;0.0;100.0;1.0;1.0;100.0;100.0;13.9;982.4;0.0;3450.0;ICON
2026-09-29T06:15:00+02:00;2026-09-29T12:42:44+02:00;ferme_de_sauze;IFS;45.09666;4.7589426;359.0;2026-10-03T17:00;12.1;30.2;180.0;22.8;0.0;100.0;1.0;2.0;100.0;100.0;13.9;982.0;0.0;3460.0;ICON
2026-09-29T06:15:00+02:00;2026-09-29T12:42:44+02:00;ferme_de_sauze;IFS;45.09666;4.7589426;359.0;2026-10-03T18:00;11.2;28.8;183.0;21.6;0.0;95.0;3.0;3.0;94.0;95.0;14.3;982.0;0.0;3450.0;ICON
2026-09-29T06:15:00+02:00;2026-09-29T12:42:44+02:00;ferme_de_sauze;IFS;45.09666;4.7589426;359.0;2026-10-03T19:00;10.1;26.3;186.0;20.0;0.0;84.0;6.0;3.0;83.0;84.0;14.9;982.2;0.0;3440.0;ICON
2026-09-29T06:15:00+02:00;2026-09-29T12:42:44+02:00;ferme_de_sauze;IFS;45.09666;4.7589426;359.0;2026-10-03T20:00;9.0;24.1;190.0;18.5;0.0;73.0;7.0;3.0;71.0;73.0;15.3;982.4;0.0;3430.0;ICON
2026-09-29T06:15:00+02:00;2026-09-29T12:42:44+02:00;ferme_de_sauze;IFS;45.09666;4.7589426;359.0;2026-10-03T21:00;7.9;22.7;196.0;17.5;0.0;59.0;5.0;2.0;57.0;59.0;15.4;982.5;0.0;3450.0;ICON
2026-09-29T06:15:00+02:00;2026-09-29T12:42:44+02:00;ferme_de_sauze;IFS;45.09666;4.7589426;359.0;2026-10-03T22:00;6.7;21.2;204.0;16.7;0.0;43.0;2.0;1.0;42.0;43.0;15.4;982.7;0.0;3460.0;ICON
2026-09-29T06:15:00+02:00;2026-09-29T12:42:44+02:00;ferme_de_sauze;IFS;45.09666;4.7589426;359.0;2026-10-03T23:00;6.1;19.8;208.0;16.2;0.0;33.0;0.0;1.0;32.0;33.0;15.4;982.7;0.0;3480.0;ICON
2026-09-29T06:15:00+02:00;2026-09-29T12:42:44+02:00;ferme_de_sauze;IFS;45.09666;4.7589426;359.0;2026-10-04T00:00;6.1;18.0;203.0;16.1;0.0;34.0;0.0;2.0;33.0;34.0;15.4;982.6;0.0;3480.0;ICON
2026-09-29T06:15:00+02:00;2026-09-29T12:42:44+02:00;ferme_de_sauze;IFS;45.09666;4.7589426;359.0;2026-10-04T01:00;6.4;16.2;191.0;16.2;0.0;41.0;0.0;3.0;39.0;41.0;15.5;982.4;0.0;3490.0;ICON
2026-09-29T06:15:00+02:00;2026-09-29T12:42:44+02:00;ferme_de_sauze;IFS;45.09666;4.7589426;359.0;2026-10-04T02:00;6.9;14.8;185.0;16.2;0.0;44.0;1.0;5.0;41.0;44.0;15.5;982.2;0.0;3490.0;ICON
2026-09-29T06:15:00+02:00;2026-09-29T12:42:44+02:00;ferme_de_sauze;IFS;45.09666;4.7589426;359.0;2026-10-04T03:00;6.8;14.4;182.0;16.1;0.0;38.0;1.0;7.0;31.0;38.0;15.5;981.9;0.0;3480.0;ICON
2026-09-29T06:15:00+02:00;2026-09-29T12:42:44+02:00;ferme_de_sauze;IFS;45.09666;4.7589426;359.0;2026-10-04T04:00;6.7;14.4;180.0;16.0;0.0;28.0;1.0;10.0;15.0;28.0;15.4;981.6;0.0;3460.0;ICON
2026-09-29T06:15:00+02:00;2026-09-29T12:42:44+02:00;ferme_de_sauze;IFS;45.09666;4.7589426;359.0;2026-10-04T05:00;6.8;14.8;178.0;15.9;0.0;27.0;3.0;17.0;9.0;27.0;15.4;981.4;0.0;3450.0;ICON
2026-09-29T06:15:00+02:00;2026-09-29T12:42:44+02:00;ferme_de_sauze;IFS;45.09666;4.7589426;359.0;2026-10-04T06:00;7.4;15.5;179.0;15.8;0.0;43.0;11.0;31.0;19.0;43.0;15.4;981.4;0.0;3442.5;ICON
2026-09-29T06:15:00+02:00;2026-09-29T12:42:44+02:00;ferme_de_sauze;IFS;45.09666;4.7589426;359.0;2026-10-04T07:00;7.9;16.2;180.0;15.8;0.0;68.0;22.0;49.0;37.0;68.0;15.4;981.6;0.0;3435.0;ICON
2026-09-29T06:15:00+02:00;2026-09-29T12:42:44+02:00;ferme_de_sauze;IFS;45.09666;4.7589426;359.0;2026-10-04T08:00;8.8;17.6;180.0;16.1;0.0;87.0;27.0;59.0;54.0;87.0;15.5;981.8;0.0;3422.5;ICON
2026-09-29T06:15:00+02:00;2026-09-29T12:42:44+02:00;ferme_de_sauze;IFS;45.09666;4.7589426;359.0;2026-10-04T09:00;9.6;19.4;177.0;16.8;0.0;94.0;21.0;56.0;69.0;94.0;15.7;982.2;0.0;3290.0;ICON
2026-09-29T06:15:00+02:00;2026-09-29T12:42:44+02:00;ferme_de_sauze;IFS;45.09666;4.7589426;359.0;2026-10-04T10:00;10.7;21.6;173.0;17.8;0.0;95.0;9.0;46.0;83.0;95.0;16.0;982.7;0.0;3260.0;ICON
2026-09-29T06:15:00+02:00;2026-09-29T12:42:44+02:00;ferme_de_sauze;IFS;45.09666;4.7589426;359.0;2026-10-04T11:00;12.0;24.8;173.0;18.9;0.0;92.0;1.0;38.0;88.0;92.0;16.0;982.9;0.0;3240.0;ICON
2026-09-29T06:15:00+02:00;2026-09-29T12:42:44+02:00;ferme_de_sauze;IFS;45.09666;4.7589426;359.0;2026-10-04T12:00;14.2;29.5;176.0;20.1;0.0;81.0;1.0;35.0;74.0;81.0;15.7;982.9;0.0;3250.0;ICON
2026-09-29T06:15:00+02:00;2026-09-29T12:42:44+02:00;ferme_de_sauze;IFS;45.09666;4.7589426;359.0;2026-10-04T13:00;16.7;35.3;181.0;21.4;0.0;67.0;4.0;33.0;50.0;67.0;15.1;982.7;0.0;3250.0;ICON
2026-09-29T06:15:00+02:00;2026-09-29T12:42:44+02:00;ferme_de_sauze;IFS;45.09666;4.7589426;359.0;2026-10-04T14:00;18.6;39.2;183.0;22.3;0.0;59.0;7.0;32.0;38.0;59.0;14.7;982.3;0.0;3260.0;ICON
2026-09-29T06:15:00+02:00;2026-09-29T12:42:44+02:00;ferme_de_sauze;IFS;45.09666;4.7589426;359.0;2026-10-04T15:00;19.0;40.3;186.0;22.6;0.0;66.0;7.0;29.0;49.0;66.0;14.6;981.9;0.0;3300.0;ICON
2026-09-29T06:15:00+02:00;2026-09-29T12:42:44+02:00;ferme_de_sauze;IFS;45.09666;4.7589426;359.0;2026-10-04T16:00;18.4;40.0;188.0;22.6;0.0;81.0;6.0;26.0;72.0;81.0;14.6;981.3;0.0;3330.0;ICON
2026-09-29T06:15:00+02:00;2026-09-29T12:42:44+02:00;ferme_de_sauze;IFS;45.09666;4.7589426;359.0;2026-10-04T17:00;17.1;39.2;192.0;22.3;0.0;92.0;5.0;26.0;89.0;92.0;14.6;980.9;0.0;3370.0;ICON
2026-09-29T06:15:00+02:00;2026-09-29T12:42:44+02:00;ferme_de_sauze;IFS;45.09666;4.7589426;359.0;2026-10-04T18:00;14.8;38.5;198.0;21.4;0.0;96.0;3.0;31.0;94.0;96.0;14.8;980.9;0.0;3380.0;ICON
2026-09-29T06:15:00+02:00;2026-09-29T12:42:44+02:00;ferme_de_sauze;IFS;45.09666;4.7589426;359.0;2026-10-04T19:00;11.9;37.1;209.0;20.1;0.0;97.0;1.0;39.0;95.0;97.0;15.0;980.9;0.0;3390.0;ICON
2026-09-29T06:15:00+02:00;2026-09-29T12:42:44+02:00;ferme_de_sauze;IFS;45.09666;4.7589426;359.0;2026-10-04T20:00;9.8;34.6;218.0;19.0;0.0;97.0;0.0;43.0;95.0;97.0;15.2;981.0;0.0;3400.0;ICON
2026-09-29T06:15:00+02:00;2026-09-29T12:42:44+02:00;ferme_de_sauze;IFS;45.09666;4.7589426;359.0;2026-10-04T21:00;8.0;29.9;214.0;18.2;0.0;99.0;0.0;39.0;98.0;99.0;15.2;981.1;0.0;3410.0;ICON
2026-09-29T06:15:00+02:00;2026-09-29T12:42:44+02:00;ferme_de_sauze;IFS;45.09666;4.7589426;359.0;2026-10-04T22:00;6.9;24.1;200.0;17.6;0.0;100.0;1.0;30.0;100.0;100.0;15.2;981.1;0.0;3410.0;ICON
2026-09-29T06:15:00+02:00;2026-09-29T12:42:44+02:00;ferme_de_sauze;IFS;45.09666;4.7589426;359.0;2026-10-04T23:00;6.5;19.8;186.0;17.1;0.0;100.0;2.0;24.0;100.0;100.0;15.2;981.1;0.0;3420.0;ICON
2026-09-29T06:15:00+02:00;2026-09-29T12:42:44+02:00;ferme_de_sauze;IFS;45.09666;4.7589426;359.0;2026-10-05T00:00;7.2;22.0;198.0;17.2;0.0;80.0;8.0;34.0;69.0;80.0;15.4;980.8;0.0;3440.0;ICON
2026-09-29T06:15:00+02:00;2026-09-29T12:42:44+02:00;ferme_de_sauze;IFS;45.09666;4.7589426;359.0;2026-10-05T01:00;7.0;18.7;190.0;16.8;0.0;75.0;10.0;31.0;62.0;75.0;15.4;980.8;0.0;3470.0;ICON
2026-09-29T06:15:00+02:00;2026-09-29T12:42:44+02:00;ferme_de_sauze;IFS;45.09666;4.7589426;359.0;2026-10-05T02:00;6.7;16.6;186.0;16.4;0.0;73.0;11.0;27.0;59.0;73.0;15.3;980.7;0.0;3490.0;ICON
2026-09-29T06:15:00+02:00;2026-09-29T12:42:44+02:00;ferme_de_sauze;IFS;45.09666;4.7589426;359.0;2026-10-05T03:00;6.2;15.1;188.0;15.9;0.0;75.0;11.0;23.0;62.0;75.0;15.1;980.6;0.0;3510.0;ICON
2026-09-29T06:15:00+02:00;2026-09-29T12:42:44+02:00;ferme_de_sauze;IFS;45.09666;4.7589426;359.0;2026-10-05T04:00;5.4;14.0;195.0;15.3;0.0;79.0;11.0;18.0;68.0;79.0;14.8;980.4;0.0;3520.0;ICON
2026-09-29T06:15:00+02:00;2026-09-29T12:42:44+02:00;ferme_de_sauze;IFS;45.09666;4.7589426;359.0;2026-10-05T05:00;4.9;13.3;208.0;14.7;0.0;84.0;10.0;13.0;76.0;84.0;14.4;980.2;0.0;3540.0;ICON
2026-09-29T06:15:00+02:00;2026-09-29T12:42:44+02:00;ferme_de_sauze;IFS;45.09666;4.7589426;359.0;2026-10-05T06:00;4.8;13.3;222.0;14.3;0.0;90.0;9.0;8.0;85.0;90.0;14.0;980.1;0.0;3560.0;ICON
2026-09-29T06:15:00+02:00;2026-09-29T12:42:44+02:00;ferme_de_sauze;IFS;45.09666;4.7589426;359.0;2026-10-05T07:00;5.1;13.7;231.0;14.2;0.0;94.0;8.0;4.0;93.0;94.0;13.7;979.8;0.0;3590.0;ICON
2026-09-29T06:15:00+02:00;2026-09-29T12:42:44+02:00;ferme_de_sauze;IFS;45.09666;4.7589426;359.0;2026-10-05T08:00;5.4;14.4;230.0;14.5;0.0;97.0;7.0;2.0;97.0;97.0;13.6;979.8;0.0;3610.0;ICON
2026-09-29T06:15:00+02:00;2026-09-29T12:42:44+02:00;ferme_de_sauze;IFS;45.09666;4.7589426;359.0;2026-10-05T09:00;5.9;16.2;220.0;15.4;0.0;98.0;7.0;2.0;98.0;98.0;13.7;979.8;0.0;3630.0;ICON
2026-09-29T06:15:00+02:00;2026-09-29T12:42:44+02:00;ferme_de_sauze;IFS;45.09666;4.7589426;359.0;2026-10-05T10:00;6.9;18.7;205.0;16.9;0.0;97.0;6.0;4.0;98.0;98.0;13.9;979.9;0.0;3660.0;ICON
2026-09-29T06:15:00+02:00;2026-09-29T12:42:44+02:00;ferme_de_sauze;IFS;45.09666;4.7589426;359.0;2026-10-05T11:00;8.6;21.6;192.0;18.7;0.0;96.0;6.0;7.0;97.0;97.0;14.3;980.0;0.0;3680.0;ICON
2026-09-29T06:15:00+02:00;2026-09-29T12:42:44+02:00;ferme_de_sauze;IFS;45.09666;4.7589426;359.0;2026-10-05T12:00;10.5;24.8;184.0;20.5;0.0;94.0;6.0;11.0;94.0;94.0;14.6;980.2;0.0;3690.0;ICON
2026-09-29T06:15:00+02:00;2026-09-29T12:42:44+02:00;ferme_de_sauze;IFS;45.09666;4.7589426;359.0;2026-10-05T13:00;12.1;27.4;179.0;22.0;0.0;92.0;5.0;14.0;91.0;92.0;14.9;980.2;0.0;3710.0;ICON
2026-09-29T06:15:00+02:00;2026-09-29T12:42:44+02:00;ferme_de_sauze;IFS;45.09666;4.7589426;359.0;2026-10-05T14:00;13.0;29.2;177.0;22.7;0.0;89.0;5.0;16.0;88.0;89.0;15.1;980.2;0.0;3720.0;ICON
2026-09-29T06:15:00+02:00;2026-09-29T12:42:44+02:00;ferme_de_sauze;IFS;45.09666;4.7589426;359.0;2026-10-05T15:00;12.8;30.2;176.0;22.7;0.0;85.0;4.0;17.0;84.0;85.0;15.2;980.0;0.0;3730.0;ICON
2026-09-29T06:15:00+02:00;2026-09-29T12:42:44+02:00;ferme_de_sauze;IFS;45.09666;4.7589426;359.0;2026-10-05T16:00;11.9;31.0;175.0;22.2;0.0;81.0;4.0;17.0;78.0;81.0;15.3;979.7;0.0;3730.0;ICON
2026-09-29T06:15:00+02:00;2026-09-29T12:42:44+02:00;ferme_de_sauze;IFS;45.09666;4.7589426;359.0;2026-10-05T17:00;10.7;31.0;175.0;21.3;0.0;75.0;3.0;16.0;72.0;75.0;15.3;979.4;0.0;3740.0;ICON
2026-09-29T06:15:00+02:00;2026-09-29T12:42:44+02:00;ferme_de_sauze;IFS;45.09666;4.7589426;359.0;2026-10-05T18:00;9.0;31.0;175.0;20.3;0.0;70.0;2.0;16.0;66.0;70.0;15.3;979.2;0.0;3750.0;ICON
2026-09-29T06:15:00+02:00;2026-09-29T12:42:44+02:00;ferme_de_sauze;IFS;45.09666;4.7589426;359.0;2026-10-05T19:00;7.6;30.2;177.0;19.3;0.0;65.0;2.0;16.0;61.0;65.0;15.3;978.8;0.0;3750.0;ICON
2026-09-29T06:15:00+02:00;2026-09-29T12:42:44+02:00;ferme_de_sauze;IFS;45.09666;4.7589426;359.0;2026-10-05T20:00;6.5;29.2;180.0;18.5;0.0;62.0;1.0;17.0;57.0;62.0;15.1;978.6;0.0;3760.0;ICON
2026-09-29T06:15:00+02:00;2026-09-29T12:42:44+02:00;ferme_de_sauze;IFS;45.09666;4.7589426;359.0;2026-10-05T21:00;5.6;27.4;186.0;17.8;0.0;60.0;1.0;19.0;55.0;60.0;14.9;978.5;0.0;3760.0;ICON
2026-09-29T06:15:00+02:00;2026-09-29T12:42:44+02:00;ferme_de_sauze;IFS;45.09666;4.7589426;359.0;2026-10-05T22:00;5.1;24.8;197.0;17.1;0.0;60.0;0.0;23.0;54.0;60.0;14.5;978.4;0.0;3750.0;ICON
2026-09-29T06:15:00+02:00;2026-09-29T12:42:44+02:00;ferme_de_sauze;IFS;45.09666;4.7589426;359.0;2026-10-05T23:00;4.8;22.0;209.0;16.4;0.0;60.0;0.0;27.0;54.0;60.0;14.1;978.4;0.0;3750.0;ICON
2026-09-29T06:15:00+02:00;2026-09-29T12:42:44+02:00;ferme_de_sauze;IFS;45.09666;4.7589426;359.0;2026-10-06T00:00;4.6;19.1;222.0;15.8;0.0;60.0;0.0;31.0;53.0;60.0;13.7;978.5;0.0;3750.0;ICON
2026-09-29T06:15:00+02:00;2026-09-29T12:42:44+02:00;ferme_de_sauze;IFS;45.09666;4.7589426;359.0;2026-10-06T01:00;4.8;16.6;233.0;15.3;0.0;59.0;0.0;34.0;52.0;59.0;13.3;978.4;0.0;3740.0;ICON
2026-09-29T06:15:00+02:00;2026-09-29T12:42:44+02:00;ferme_de_sauze;IFS;45.09666;4.7589426;359.0;2026-10-06T02:00;4.8;14.4;241.0;14.8;0.0;57.0;0.0;35.0;49.0;57.0;13.1;978.3;0.0;3740.0;ICON
2026-09-29T06:15:00+02:00;2026-09-29T12:42:44+02:00;ferme_de_sauze;IFS;45.09666;4.7589426;359.0;2026-10-06T03:00;4.5;13.0;247.0;14.4;0.0;53.0;1.0;34.0;43.0;53.0;12.9;978.2;0.0;3720.0;ICON
2026-09-29T06:15:00+02:00;2026-09-29T12:42:44+02:00;ferme_de_sauze;IFS;45.09666;4.7589426;359.0;2026-10-06T04:00;3.8;11.2;253.0;14.0;0.0;46.0;2.0;31.0;35.0;46.0;12.8;978.0;0.0;3690.0;ICON
2026-09-29T06:15:00+02:00;2026-09-29T12:42:44+02:00;ferme_de_sauze;IFS;45.09666;4.7589426;359.0;2026-10-06T05:00;3.1;10.1;260.0;13.7;0.0;39.0;3.0;27.0;26.0;39.0;12.7;977.9;0.0;3670.0;ICON
2026-09-29T06:15:00+02:00;2026-09-29T12:42:44+02:00;ferme_de_sauze;IFS;45.09666;4.7589426;359.0;2026-10-06T06:00;2.4;9.4;261.0;13.6;0.0;32.0;4.0;22.0;18.0;32.0;12.7;977.7;0.0;3670.0;ICON
2026-09-29T06:15:00+02:00;2026-09-29T12:42:44+02:00;ferme_de_sauze;IFS;45.09666;4.7589426;359.0;2026-10-06T07:00;1.9;9.4;253.0;13.7;0.0;27.0;5.0;18.0;11.0;27.0;12.7;977.6;0.0;3670.0;ICON
2026-09-29T06:15:00+02:00;2026-09-29T12:42:44+02:00;ferme_de_sauze;IFS;45.09666;4.7589426;359.0;2026-10-06T08:00;2.0;10.8;225.0;14.1;0.0;23.0;5.0;15.0;7.0;23.0;12.7;977.5;0.0;3670.0;ICON
2026-09-29T06:15:00+02:00;2026-09-29T12:42:44+02:00;ferme_de_sauze;IFS;45.09666;4.7589426;359.0;2026-10-06T09:00;3.6;13.7;200.0;15.2;0.0;21.0;5.0;12.0;6.0;21.0;12.8;977.6;0.0;3680.0;ICON
2026-09-29T06:15:00+02:00;2026-09-29T12:42:44+02:00;ferme_de_sauze;IFS;45.09666;4.7589426;359.0;2026-10-06T10:00;6.4;18.4;191.0;16.7;0.0;20.0;4.0;8.0;7.0;20.0;13.0;977.6;0.0;3680.0;ICON
2026-09-29T06:15:00+02:00;2026-09-29T12:42:44+02:00;ferme_de_sauze;IFS;45.09666;4.7589426;359.0;2026-10-06T11:00;10.0;23.8;187.0;18.6;0.0;20.0;3.0;5.0;9.0;20.0;13.3;977.7;0.0;3690.0;ICON
2026-09-29T06:15:00+02:00;2026-09-29T12:42:44+02:00;ferme_de_sauze;IFS;45.09666;4.7589426;359.0;2026-10-06T12:00;13.4;29.2;186.0;20.4;0.0;21.0;2.0;3.0;13.0;21.0;13.5;977.8;0.0;3700.0;ICON
2026-09-29T06:15:00+02:00;2026-09-29T12:42:44+02:00;ferme_de_sauze;IFS;45.09666;4.7589426;359.0;2026-10-06T13:00;16.1;34.2;186.0;21.9;0.0;25.0;1.0;3.0;18.0;25.0;13.8;977.9;0.0;3720.0;ICON
2026-09-29T06:15:00+02:00;2026-09-29T12:42:44+02:00;ferme_de_sauze;IFS;45.09666;4.7589426;359.0;2026-10-06T14:00;17.7;37.4;186.0;22.7;0.0;30.0;1.0;8.0;24.0;30.0;14.1;977.9;0.0;3730.0;ICON
2026-09-29T06:15:00+02:00;2026-09-29T12:42:44+02:00;ferme_de_sauze;IFS;45.09666;4.7589426;359.0;2026-10-06T15:00;18.0;39.2;187.0;22.7;0.0;39.0;0.0;19.0;32.0;39.0;14.4;977.8;0.0;;
2026-09-29T06:15:00+02:00;2026-09-29T12:42:44+02:00;ferme_de_sauze;IFS;45.09666;4.7589426;359.0;2026-10-06T16:00;17.3;40.0;190.0;22.3;0.0;51.0;0.0;35.0;41.0;51.0;14.7;977.5;0.0;;
2026-09-29T06:15:00+02:00;2026-09-29T12:42:44+02:00;ferme_de_sauze;IFS;45.09666;4.7589426;359.0;2026-10-06T17:00;16.1;40.3;193.0;21.5;0.0;65.0;0.0;54.0;52.0;65.0;15.0;977.3;0.0;;
2026-09-29T06:15:00+02:00;2026-09-29T12:42:44+02:00;ferme_de_sauze;IFS;45.09666;4.7589426;359.0;2026-10-06T18:00;14.6;40.0;196.0;20.5;0.0;80.0;0.0;72.0;63.0;80.0;15.3;977.1;0.0;;
2026-09-29T06:15:00+02:00;2026-09-29T12:42:44+02:00;ferme_de_sauze;IFS;45.09666;4.7589426;359.0;2026-10-06T19:00;13.4;39.6;200.0;19.6;0.0;92.0;1.0;89.0;73.0;92.0;15.5;976.9;0.0;;
2026-09-29T06:15:00+02:00;2026-09-29T12:42:44+02:00;ferme_de_sauze;IFS;45.09666;4.7589426;359.0;2026-10-06T20:00;12.9;39.2;203.0;18.9;0.0;100.0;7.0;100.0;81.0;100.0;15.7;976.8;0.0;;
2026-09-29T06:15:00+02:00;2026-09-29T12:42:44+02:00;ferme_de_sauze;IFS;45.09666;4.7589426;359.0;2026-10-06T21:00;12.9;38.9;203.0;18.4;2.3;100.0;19.0;100.0;87.0;100.0;15.8;976.7;0.0;;
2026-09-29T06:15:00+02:00;2026-09-29T12:42:44+02:00;ferme_de_sauze;IFS;45.09666;4.7589426;359.0;2026-10-06T22:00;13.2;37.8;202.0;17.9;2.3;100.0;35.0;100.0;91.0;100.0;15.9;976.7;0.0;;
2026-09-29T06:15:00+02:00;2026-09-29T12:42:44+02:00;ferme_de_sauze;IFS;45.09666;4.7589426;359.0;2026-10-06T23:00;13.5;37.1;199.0;17.4;2.3;100.0;54.0;100.0;95.0;100.0;15.9;976.9;0.0;;
2026-09-29T06:15:00+02:00;2026-09-29T12:42:44+02:00;ferme_de_sauze;IFS;45.09666;4.7589426;359.0;2026-10-07T00:00;14.1;36.0;197.0;17.0;2.3;100.0;73.0;100.0;97.0;100.0;15.9;976.9;0.0;;
2026-09-29T06:15:00+02:00;2026-09-29T12:42:44+02:00;ferme_de_sauze;IFS;45.09666;4.7589426;359.0;2026-10-07T01:00;14.6;35.3;196.0;16.7;2.3;100.0;89.0;100.0;99.0;100.0;15.8;976.8;0.0;;
2026-09-29T06:15:00+02:00;2026-09-29T12:42:44+02:00;ferme_de_sauze;IFS;45.09666;4.7589426;359.0;2026-10-07T02:00;14.9;34.9;195.0;16.4;2.3;100.0;100.0;100.0;100.0;100.0;15.8;976.8;0.0;;
2026-09-29T06:15:00+02:00;2026-09-29T12:42:44+02:00;ferme_de_sauze;IFS;45.09666;4.7589426;359.0;2026-10-07T03:00;15.0;34.9;196.0;16.2;1.6;100.0;100.0;94.0;100.0;100.0;15.7;976.6;0.0;;
2026-09-29T06:15:00+02:00;2026-09-29T12:42:44+02:00;ferme_de_sauze;IFS;45.09666;4.7589426;359.0;2026-10-07T04:00;15.0;35.6;198.0;16.0;1.6;100.0;100.0;86.0;98.0;100.0;15.6;976.4;0.0;;
2026-09-29T06:15:00+02:00;2026-09-29T12:42:44+02:00;ferme_de_sauze;IFS;45.09666;4.7589426;359.0;2026-10-07T05:00;15.0;36.4;200.0;15.9;1.6;100.0;100.0;77.0;96.0;100.0;15.5;976.1;0.0;;
2026-09-29T06:15:00+02:00;2026-09-29T12:42:44+02:00;ferme_de_sauze;IFS;45.09666;4.7589426;359.0;2026-10-07T06:00;14.8;37.1;203.0;15.9;1.6;100.0;100.0;67.0;93.0;100.0;15.4;975.7;0.0;;
2026-09-29T06:15:00+02:00;2026-09-29T12:42:44+02:00;ferme_de_sauze;IFS;45.09666;4.7589426;359.0;2026-10-07T07:00;14.8;37.8;204.0;16.1;1.6;100.0;100.0;57.0;91.0;100.0;15.3;975.5;0.0;;
2026-09-29T06:15:00+02:00;2026-09-29T12:42:44+02:00;ferme_de_sauze;IFS;45.09666;4.7589426;359.0;2026-10-07T08:00;15.0;38.2;206.0;16.4;1.6;100.0;95.0;49.0;90.0;100.0;15.2;975.4;0.0;;
2026-09-29T06:15:00+02:00;2026-09-29T12:42:44+02:00;ferme_de_sauze;IFS;45.09666;4.7589426;359.0;2026-10-07T09:00;15.4;38.2;206.0;17.1;0.1;100.0;83.0;41.0;91.0;100.0;15.1;975.4;0.0;;
2026-09-29T06:15:00+02:00;2026-09-29T12:42:44+02:00;ferme_de_sauze;IFS;45.09666;4.7589426;359.0;2026-10-07T10:00;15.9;37.8;205.0;18.2;0.1;100.0;66.0;34.0;92.0;100.0;15.1;975.5;0.0;;
2026-09-29T06:15:00+02:00;2026-09-29T12:42:44+02:00;ferme_de_sauze;IFS;45.09666;4.7589426;359.0;2026-10-07T11:00;16.6;37.1;204.0;19.3;0.1;100.0;47.0;27.0;94.0;100.0;15.0;975.8;0.0;;
2026-09-29T06:15:00+02:00;2026-09-29T12:42:44+02:00;ferme_de_sauze;IFS;45.09666;4.7589426;359.0;2026-10-07T12:00;17.1;36.4;204.0;20.5;0.1;99.0;28.0;20.0;96.0;99.0;14.9;976.0;0.0;;
2026-09-29T06:15:00+02:00;2026-09-29T12:42:44+02:00;ferme_de_sauze;IFS;45.09666;4.7589426;359.0;2026-10-07T13:00;17.3;36.0;203.0;21.3;0.1;99.0;11.0;15.0;98.0;99.0;14.9;976.2;0.0;;
2026-09-29T06:15:00+02:00;2026-09-29T12:42:44+02:00;ferme_de_sauze;IFS;45.09666;4.7589426;359.0;2026-10-07T14:00;16.9;35.6;202.0;21.7;0.1;99.0;0.0;11.0;99.0;99.0;14.9;976.3;0.0;;
2026-09-29T06:15:00+02:00;2026-09-29T12:42:44+02:00;ferme_de_sauze;IFS;45.09666;4.7589426;359.0;2026-10-07T15:00;15.6;35.6;201.0;21.5;0.0;99.0;0.0;9.0;100.0;100.0;15.0;976.3;0.0;;
2026-09-29T06:15:00+02:00;2026-09-29T12:42:44+02:00;ferme_de_sauze;IFS;45.09666;4.7589426;359.0;2026-10-07T16:00;13.9;36.4;200.0;20.9;0.0;100.0;0.0;8.0;100.0;100.0;15.1;976.1;0.0;;
2026-09-29T06:15:00+02:00;2026-09-29T12:42:44+02:00;ferme_de_sauze;IFS;45.09666;4.7589426;359.0;2026-10-07T17:00;11.7;36.7;198.0;20.0;0.0;100.0;0.0;9.0;100.0;100.0;15.3;976.0;0.0;;
2026-09-29T06:15:00+02:00;2026-09-29T12:42:44+02:00;ferme_de_sauze;IFS;45.09666;4.7589426;359.0;2026-10-07T18:00;9.5;37.1;195.0;19.0;0.0;100.0;0.0;10.0;100.0;100.0;15.4;975.8;0.0;;
2026-09-29T06:15:00+02:00;2026-09-29T12:42:44+02:00;ferme_de_sauze;IFS;45.09666;4.7589426;359.0;2026-10-07T19:00;7.5;36.7;191.0;18.1;0.0;100.0;2.0;11.0;100.0;100.0;15.6;975.7;0.0;;
2026-09-29T06:15:00+02:00;2026-09-29T12:42:44+02:00;ferme_de_sauze;IFS;45.09666;4.7589426;359.0;2026-10-07T20:00;5.8;35.3;189.0;17.4;0.0;97.0;5.0;12.0;96.0;97.0;15.6;975.7;0.0;;
2026-09-29T06:15:00+02:00;2026-09-29T12:42:44+02:00;ferme_de_sauze;IFS;45.09666;4.7589426;359.0;2026-10-07T21:00;4.7;32.0;189.0;16.9;0.4;92.0;8.0;12.0;88.0;92.0;15.5;975.8;0.0;;
2026-09-29T06:15:00+02:00;2026-09-29T12:42:44+02:00;ferme_de_sauze;IFS;45.09666;4.7589426;359.0;2026-10-07T22:00;3.9;27.4;193.0;16.6;0.4;85.0;13.0;13.0;77.0;85.0;15.4;976.1;0.0;;
2026-09-29T06:15:00+02:00;2026-09-29T12:42:44+02:00;ferme_de_sauze;IFS;45.09666;4.7589426;359.0;2026-10-07T23:00;3.2;22.0;199.0;16.3;0.4;77.0;18.0;13.0;65.0;77.0;15.3;976.4;0.0;;
2026-09-29T06:15:00+02:00;2026-09-29T12:42:44+02:00;ferme_de_sauze;IFS;45.09666;4.7589426;359.0;2026-10-08T00:00;2.6;16.6;214.0;16.0;0.4;68.0;23.0;13.0;52.0;68.0;15.1;976.7;0.0;;
2026-09-29T06:15:00+02:00;2026-09-29T12:42:44+02:00;ferme_de_sauze;IFS;45.09666;4.7589426;359.0;2026-10-08T01:00;1.9;13.0;236.0;15.7;0.4;59.0;27.0;13.0;40.0;59.0;14.8;977.0;0.0;;
2026-09-29T06:15:00+02:00;2026-09-29T12:42:44+02:00;ferme_de_sauze;IFS;45.09666;4.7589426;359.0;2026-10-08T02:00;1.5;11.5;284.0;15.4;0.4;52.0;29.0;13.0;30.0;52.0;14.5;977.2;0.0;;
2026-09-29T06:15:00+02:00;2026-09-29T12:42:44+02:00;ferme_de_sauze;IFS;45.09666;4.7589426;359.0;2026-10-08T03:00;2.7;13.0;340.0;14.9;0.1;44.0;29.0;12.0;22.0;44.0;14.2;977.5;0.0;;
2026-09-29T06:15:00+02:00;2026-09-29T12:42:44+02:00;ferme_de_sauze;IFS;45.09666;4.7589426;359.0;2026-10-08T04:00;5.2;16.9;358.0;14.3;0.1;36.0;26.0;11.0;14.0;36.0;13.7;977.6;0.0;;
2026-09-29T06:15:00+02:00;2026-09-29T12:42:44+02:00;ferme_de_sauze;IFS;45.09666;4.7589426;359.0;2026-10-08T05:00;8.1;22.0;5.0;13.7;0.1;28.0;23.0;9.0;7.0;28.0;13.2;977.8;0.0;;
2026-09-29T06:15:00+02:00;2026-09-29T12:42:44+02:00;ferme_de_sauze;IFS;45.09666;4.7589426;359.0;2026-10-08T06:00;11.1;27.4;9.0;13.2;0.1;21.0;19.0;8.0;2.0;21.0;12.7;978.0;0.0;;
2026-09-29T06:15:00+02:00;2026-09-29T12:42:44+02:00;ferme_de_sauze;IFS;45.09666;4.7589426;359.0;2026-10-08T07:00;13.7;32.4;11.0;12.9;0.1;17.0;15.0;6.0;0.0;17.0;12.2;978.1;0.0;;
2026-09-29T06:15:00+02:00;2026-09-29T12:42:44+02:00;ferme_de_sauze;IFS;45.09666;4.7589426;359.0;2026-10-08T08:00;16.0;36.4;12.0;12.9;0.1;16.0;13.0;5.0;0.0;16.0;11.7;978.3;0.0;;
2026-09-29T06:15:00+02:00;2026-09-29T12:42:44+02:00;ferme_de_sauze;IFS;45.09666;4.7589426;359.0;2026-10-08T09:00;17.7;38.9;12.0;13.3;0.0;20.0;12.0;4.0;6.0;20.0;11.3;978.6;0.0;;
2026-09-29T06:15:00+02:00;2026-09-29T12:42:44+02:00;ferme_de_sauze;IFS;45.09666;4.7589426;359.0;2026-10-08T10:00;19.0;40.7;13.0;14.1;0.0;28.0;10.0;3.0;16.0;28.0;10.9;978.9;0.0;;
2026-09-29T06:15:00+02:00;2026-09-29T12:42:44+02:00;ferme_de_sauze;IFS;45.09666;4.7589426;359.0;2026-10-08T11:00;20.1;42.5;13.0;15.2;0.0;38.0;10.0;2.0;29.0;38.0;10.5;979.2;0.0;;
2026-09-29T06:15:00+02:00;2026-09-29T12:42:44+02:00;ferme_de_sauze;IFS;45.09666;4.7589426;359.0;2026-10-08T12:00;20.9;43.6;13.0;16.2;0.0;49.0;9.0;1.0;43.0;49.0;10.1;979.6;0.0;;
2026-09-29T06:15:00+02:00;2026-09-29T12:42:44+02:00;ferme_de_sauze;IFS;45.09666;4.7589426;359.0;2026-10-08T13:00;21.6;45.0;13.0;17.0;0.0;59.0;9.0;1.0;55.0;59.0;9.8;979.8;0.0;;
2026-09-29T06:15:00+02:00;2026-09-29T12:42:44+02:00;ferme_de_sauze;IFS;45.09666;4.7589426;359.0;2026-10-08T14:00;21.9;46.1;12.0;17.4;0.0;67.0;8.0;0.0;65.0;67.0;9.7;979.9;0.0;;
2026-09-29T06:15:00+02:00;2026-09-29T12:42:44+02:00;ferme_de_sauze;IFS;45.09666;4.7589426;359.0;2026-10-08T15:00;22.0;47.5;11.0;17.4;0.0;73.0;7.0;0.0;72.0;73.0;9.7;979.9;0.0;;
2026-09-29T06:15:00+02:00;2026-09-29T12:42:44+02:00;ferme_de_sauze;IFS;45.09666;4.7589426;359.0;2026-10-08T16:00;21.9;49.0;9.0;17.1;0.0;78.0;7.0;0.0;78.0;78.0;9.8;979.9;0.0;;
2026-09-29T06:15:00+02:00;2026-09-29T12:42:44+02:00;ferme_de_sauze;IFS;45.09666;4.7589426;359.0;2026-10-08T17:00;21.4;50.4;6.0;16.5;0.0;82.0;6.0;0.0;82.0;82.0;10.1;979.8;0.0;;
2026-09-29T06:15:00+02:00;2026-09-29T12:42:44+02:00;ferme_de_sauze;IFS;45.09666;4.7589426;359.0;2026-10-08T18:00;20.9;51.5;4.0;15.9;0.0;86.0;6.0;0.0;86.0;86.0;10.3;979.7;0.0;;
2026-09-29T06:15:00+02:00;2026-09-29T12:42:44+02:00;ferme_de_sauze;IFS;45.09666;4.7589426;359.0;2026-10-08T19:00;20.5;52.2;1.0;15.3;0.0;89.0;5.0;0.0;89.0;89.0;10.4;979.6;0.0;;
2026-09-29T06:15:00+02:00;2026-09-29T12:42:44+02:00;ferme_de_sauze;IFS;45.09666;4.7589426;359.0;2026-10-08T20:00;20.2;52.2;359.0;14.7;0.0;91.0;5.0;0.0;91.0;91.0;10.4;979.5;0.0;;
2026-09-29T06:15:00+02:00;2026-09-29T12:42:44+02:00;ferme_de_sauze;IFS;45.09666;4.7589426;359.0;2026-10-08T21:00;19.8;51.5;357.0;14.2;0.0;92.0;4.0;0.0;92.0;92.0;10.1;979.6;0.0;;
2026-09-29T06:15:00+02:00;2026-09-29T12:42:44+02:00;ferme_de_sauze;IFS;45.09666;4.7589426;359.0;2026-10-08T22:00;19.5;50.0;356.0;13.7;0.0;93.0;4.0;0.0;93.0;93.0;9.7;979.7;0.0;;
2026-09-29T06:15:00+02:00;2026-09-29T12:42:44+02:00;ferme_de_sauze;IFS;45.09666;4.7589426;359.0;2026-10-08T23:00;19.2;47.9;354.0;13.2;0.0;93.0;3.0;0.0;93.0;93.0;9.3;979.8;0.0;;
2026-09-29T06:15:00+02:00;2026-09-29T12:42:44+02:00;lyon;IFS;45.79965;4.8341236;233.0;2026-09-29T00:00;9.5;18.7;159.0;20.5;0.0;84.0;0.0;1.0;84.0;84.0;9.7;992.1;0.0;3910.0;ICON
2026-09-29T06:15:00+02:00;2026-09-29T12:42:44+02:00;lyon;IFS;45.79965;4.8341236;233.0;2026-09-29T01:00;11.7;23.8;159.0;20.1;0.0;84.0;0.0;1.0;84.0;84.0;10.9;992.3;0.0;3900.0;ICON
2026-09-29T06:15:00+02:00;2026-09-29T12:42:44+02:00;lyon;IFS;45.79965;4.8341236;233.0;2026-09-29T02:00;13.2;25.2;158.0;19.1;0.0;56.0;0.0;0.0;56.0;56.0;13.2;992.4;0.0;3910.0;ICON
2026-09-29T06:15:00+02:00;2026-09-29T12:42:44+02:00;lyon;IFS;45.79965;4.8341236;233.0;2026-09-29T03:00;13.3;27.7;161.0;18.6;0.0;92.0;0.0;6.0;91.0;92.0;14.3;992.7;0.0;3890.0;ICON
2026-09-29T06:15:00+02:00;2026-09-29T12:42:44+02:00;lyon;IFS;45.79965;4.8341236;233.0;2026-09-29T04:00;13.4;27.4;154.0;18.0;0.0;92.0;0.0;21.0;90.0;92.0;14.7;992.5;0.0;3850.0;ICON
2026-09-29T06:15:00+02:00;2026-09-29T12:42:44+02:00;lyon;IFS;45.79965;4.8341236;233.0;2026-09-29T05:00;12.4;27.7;154.0;17.5;0.0;91.0;0.0;2.0;91.0;91.0;14.7;992.3;0.0;3860.0;ICON
2026-09-29T06:15:00+02:00;2026-09-29T12:42:44+02:00;lyon;IFS;45.79965;4.8341236;233.0;2026-09-29T06:00;11.1;25.6;153.0;17.0;0.0;96.0;0.0;11.0;96.0;96.0;14.4;992.0;0.0;3850.0;ICON
2026-09-29T06:15:00+02:00;2026-09-29T12:42:44+02:00;lyon;IFS;45.79965;4.8341236;233.0;2026-09-29T07:00;10.5;23.0;158.0;16.8;0.0;91.0;0.0;5.0;91.0;91.0;14.0;992.2;0.0;3830.0;ICON
2026-09-29T06:15:00+02:00;2026-09-29T12:42:44+02:00;lyon;IFS;45.79965;4.8341236;233.0;2026-09-29T08:00;8.4;21.6;164.0;16.4;0.0;92.0;0.0;0.0;92.0;92.0;13.6;992.5;0.0;3830.0;ICON
2026-09-29T06:15:00+02:00;2026-09-29T12:42:44+02:00;lyon;IFS;45.79965;4.8341236;233.0;2026-09-29T09:00;6.9;17.6;157.0;17.3;0.0;94.0;0.0;1.0;94.0;94.0;13.5;993.0;0.0;3870.0;ICON
2026-09-29T06:15:00+02:00;2026-09-29T12:42:44+02:00;lyon;IFS;45.79965;4.8341236;233.0;2026-09-29T10:00;6.6;18.7;145.0;19.2;0.0;83.0;0.0;0.0;83.0;83.0;12.8;993.5;0.0;3890.0;ICON
2026-09-29T06:15:00+02:00;2026-09-29T12:42:44+02:00;lyon;IFS;45.79965;4.8341236;233.0;2026-09-29T11:00;8.6;23.4;139.0;21.3;0.0;45.0;0.0;0.0;45.0;45.0;11.8;993.3;0.0;3910.0;ICON
2026-09-29T06:15:00+02:00;2026-09-29T12:42:44+02:00;lyon;IFS;45.79965;4.8341236;233.0;2026-09-29T12:00;14.8;35.6;157.0;24.2;0.0;94.0;0.0;0.0;94.0;94.0;10.8;992.8;0.0;3920.0;ICON
2026-09-29T06:15:00+02:00;2026-09-29T12:42:44+02:00;lyon;IFS;45.79965;4.8341236;233.0;2026-09-29T13:00;20.1;46.1;173.0;26.0;0.0;97.0;0.0;0.0;97.0;97.0;9.0;992.6;0.0;3870.0;ICON
2026-09-29T06:15:00+02:00;2026-09-29T12:42:44+02:00;lyon;IFS;45.79965;4.8341236;233.0;2026-09-29T14:00;22.3;51.1;178.0;26.7;0.0;87.0;0.0;2.0;87.0;87.0;8.2;992.4;0.0;3790.0;ICON
2026-09-29T06:15:00+02:00;2026-09-29T12:42:44+02:00;lyon;IFS;45.79965;4.8341236;233.0;2026-09-29T15:00;22.5;51.5;182.0;27.7;0.0;92.0;0.0;14.0;91.0;92.0;8.0;991.9;0.0;3760.0;ICON
2026-09-29T06:15:00+02:00;2026-09-29T12:42:44+02:00;lyon;IFS;45.79965;4.8341236;233.0;2026-09-29T16:00;22.7;51.8;183.0;27.7;0.0;83.0;0.0;41.0;74.0;83.0;8.3;991.7;0.0;3800.0;ICON
2026-09-29T06:15:00+02:00;2026-09-29T12:42:44+02:00;lyon;IFS;45.79965;4.8341236;233.0;2026-09-29T17:00;22.3;51.5;181.0;27.7;0.0;81.0;0.0;9.0;80.0;81.0;8.3;991.4;0.0;3760.0;ICON
2026-09-29T06:15:00+02:00;2026-09-29T12:42:44+02:00;lyon;IFS;45.79965;4.8341236;233.0;2026-09-29T18:00;20.0;49.7;184.0;27.3;0.0;89.0;0.0;10.0;89.0;89.0;7.8;991.3;0.0;3760.0;ICON
2026-09-29T06:15:00+02:00;2026-09-29T12:42:44+02:00;lyon;IFS;45.79965;4.8341236;233.0;2026-09-29T19:00;18.4;43.6;185.0;26.2;0.0;89.0;0.0;62.0;83.0;89.0;8.7;991.3;0.0;3520.0;ICON
2026-09-29T06:15:00+02:00;2026-09-29T12:42:44+02:00;lyon;IFS;45.79965;4.8341236;233.0;2026-09-29T20:00;16.8;39.2;184.0;25.2;0.0;93.0;0.0;84.0;81.0;93.0;10.1;991.6;0.0;3540.0;ICON
2026-09-29T06:15:00+02:00;2026-09-29T12:42:44+02:00;lyon;IFS;45.79965;4.8341236;233.0;2026-09-29T21:00;15.5;35.6;177.0;24.9;0.0;99.0;1.0;92.0;93.0;99.0;11.0;991.8;0.0;3650.0;ICON
2026-09-29T06:15:00+02:00;2026-09-29T12:42:44+02:00;lyon;IFS;45.79965;4.8341236;233.0;2026-09-29T22:00;17.3;37.4;176.0;24.3;0.0;100.0;0.0;100.0;88.0;100.0;11.9;992.3;0.0;3650.0;ICON
2026-09-29T06:15:00+02:00;2026-09-29T12:42:44+02:00;lyon;IFS;45.79965;4.8341236;233.0;2026-09-29T23:00;16.8;38.2;170.0;23.2;0.0;100.0;0.0;100.0;52.0;100.0;12.9;992.3;0.0;4010.0;ICON
2026-09-29T06:15:00+02:00;2026-09-29T12:42:44+02:00;lyon;IFS;45.79965;4.8341236;233.0;2026-09-30T00:00;16.8;36.4;170.0;22.6;0.0;98.0;0.0;97.0;47.0;98.0;12.9;992.5;0.0;3970.0;ICON
2026-09-29T06:15:00+02:00;2026-09-29T12:42:44+02:00;lyon;IFS;45.79965;4.8341236;233.0;2026-09-30T01:00;16.5;37.4;172.0;22.1;0.0;45.0;0.0;30.0;21.0;45.0;12.4;992.3;0.0;3960.0;ICON
2026-09-29T06:15:00+02:00;2026-09-29T12:42:44+02:00;lyon;IFS;45.79965;4.8341236;233.0;2026-09-30T02:00;15.8;36.0;173.0;21.6;0.0;88.0;0.0;25.0;83.0;88.0;11.5;992.3;0.0;3910.0;ICON
2026-09-29T06:15:00+02:00;2026-09-29T12:42:44+02:00;lyon;IFS;45.79965;4.8341236;233.0;2026-09-30T03:00;15.4;33.5;164.0;21.1;0.0;96.0;0.0;41.0;94.0;96.0;10.9;992.4;0.0;3920.0;ICON
2026-09-29T06:15:00+02:00;2026-09-29T12:42:44+02:00;lyon;IFS;45.79965;4.8341236;233.0;2026-09-30T04:00;16.8;34.9;168.0;20.1;0.3;73.0;0.0;20.0;67.0;73.0;11.6;992.2;0.0;3890.0;ICON
2026-09-29T06:15:00+02:00;2026-09-29T12:42:44+02:00;lyon;IFS;45.79965;4.8341236;233.0;2026-09-30T05:00;18.0;36.4;172.0;18.2;0.8;98.0;0.0;67.0;96.0;98.0;14.0;992.1;0.0;3840.0;ICON
2026-09-29T06:15:00+02:00;2026-09-29T12:42:44+02:00;lyon;IFS;45.79965;4.8341236;233.0;2026-09-30T06:00;13.5;37.4;172.0;17.0;2.9;69.0;0.0;52.0;42.0;69.0;14.7;991.9;0.0;3820.0;ICON
2026-09-29T06:15:00+02:00;2026-09-29T12:42:44+02:00;lyon;IFS;45.79965;4.8341236;233.0;2026-09-30T07:00;14.7;28.1;174.0;16.8;0.9;92.0;0.0;90.0;73.0;92.0;14.8;992.3;0.0;3790.0;ICON
2026-09-29T06:15:00+02:00;2026-09-29T12:42:44+02:00;lyon;IFS;45.79965;4.8341236;233.0;2026-09-30T08:00;16.8;33.5;174.0;16.6;6.8;100.0;5.0;96.0;98.0;100.0;14.7;992.7;0.0;3840.0;ICON
2026-09-29T06:15:00+02:00;2026-09-29T12:42:44+02:00;lyon;IFS;45.79965;4.8341236;233.0;2026-09-30T09:00;14.5;34.6;155.0;16.7;5.6;98.0;4.0;94.0;66.0;98.0;15.0;993.2;0.0;3860.0;ICON
2026-09-29T06:15:00+02:00;2026-09-29T12:42:44+02:00;lyon;IFS;45.79965;4.8341236;233.0;2026-09-30T10:00;14.8;31.7;150.0;17.8;0.6;78.0;0.0;56.0;52.0;78.0;15.4;993.5;0.0;3780.0;ICON
2026-09-29T06:15:00+02:00;2026-09-29T12:42:44+02:00;lyon;IFS;45.79965;4.8341236;233.0;2026-09-30T11:00;17.1;37.1;177.0;20.5;0.4;95.0;2.0;73.0;80.0;95.0;14.7;993.9;0.0;3790.0;ICON
2026-09-29T06:15:00+02:00;2026-09-29T12:42:44+02:00;lyon;IFS;45.79965;4.8341236;233.0;2026-09-30T12:00;18.0;47.2;162.0;18.7;4.8;100.0;22.0;100.0;92.0;100.0;16.6;994.5;0.0;3810.0;ICON
2026-09-29T06:15:00+02:00;2026-09-29T12:42:44+02:00;lyon;IFS;45.79965;4.8341236;233.0;2026-09-30T13:00;21.8;44.3;165.0;18.0;1.9;99.0;1.0;93.0;93.0;99.0;16.0;994.0;0.0;3780.0;ICON
2026-09-29T06:15:00+02:00;2026-09-29T12:42:44+02:00;lyon;IFS;45.79965;4.8341236;233.0;2026-09-30T14:00;19.5;45.4;164.0;18.5;1.8;99.0;0.0;73.0;99.0;99.0;16.7;994.0;0.0;3820.0;ICON
2026-09-29T06:15:00+02:00;2026-09-29T12:42:44+02:00;lyon;IFS;45.79965;4.8341236;233.0;2026-09-30T15:00;16.0;40.3;153.0;20.1;0.2;95.0;2.0;42.0;91.0;95.0;16.5;993.7;0.0;3800.0;ICON
2026-09-29T06:15:00+02:00;2026-09-29T12:42:44+02:00;lyon;IFS;45.79965;4.8341236;233.0;2026-09-30T16:00;16.9;39.2;158.0;21.0;0.0;94.0;1.0;31.0;91.0;94.0;15.8;993.4;0.0;3840.0;ICON
2026-09-29T06:15:00+02:00;2026-09-29T12:42:44+02:00;lyon;IFS;45.79965;4.8341236;233.0;2026-09-30T17:00;15.5;39.6;162.0;20.3;0.0;98.0;5.0;71.0;97.0;98.0;16.3;993.5;0.0;3910.0;ICON
2026-09-29T06:15:00+02:00;2026-09-29T12:42:44+02:00;lyon;IFS;45.79965;4.8341236;233.0;2026-09-30T18:00;12.6;34.6;139.0;18.9;0.2;100.0;3.0;91.0;100.0;100.0;16.7;993.3;0.0;3680.0;ICON
2026-09-29T06:15:00+02:00;2026-09-29T12:42:44+02:00;lyon;IFS;45.79965;4.8341236;233.0;2026-09-30T19:00;14.7;31.0;140.0;18.6;0.0;100.0;2.0;83.0;100.0;100.0;16.2;993.3;0.0;3750.0;ICON
2026-09-29T06:15:00+02:00;2026-09-29T12:42:44+02:00;lyon;IFS;45.79965;4.8341236;233.0;2026-09-30T20:00;14.1;31.3;143.0;18.4;0.0;100.0;0.0;9.0;100.0;100.0;16.3;993.6;0.0;3790.0;ICON
2026-09-29T06:15:00+02:00;2026-09-29T12:42:44+02:00;lyon;IFS;45.79965;4.8341236;233.0;2026-09-30T21:00;14.7;31.7;144.0;18.0;0.0;100.0;1.0;47.0;100.0;100.0;16.2;993.7;0.0;3790.0;ICON
2026-09-29T06:15:00+02:00;2026-09-29T12:42:44+02:00;lyon;IFS;45.79965;4.8341236;233.0;2026-09-30T22:00;14.1;31.7;146.0;18.1;0.0;100.0;0.0;86.0;100.0;100.0;16.2;994.0;0.0;3830.0;ICON
2026-09-29T06:15:00+02:00;2026-09-29T12:42:44+02:00;lyon;IFS;45.79965;4.8341236;233.0;2026-09-30T23:00;12.0;30.6;147.0;18.0;0.0;100.0;3.0;90.0;100.0;100.0;16.5;993.9;0.0;3850.0;ICON
2026-09-29T06:15:00+02:00;2026-09-29T12:42:44+02:00;lyon;IFS;45.79965;4.8341236;233.0;2026-10-01T00:00;10.7;25.6;144.0;18.3;0.0;99.0;4.0;95.0;92.0;99.0;16.5;993.9;0.0;3780.0;ICON
2026-09-29T06:15:00+02:00;2026-09-29T12:42:44+02:00;lyon;IFS;45.79965;4.8341236;233.0;2026-10-01T01:00;9.9;22.3;136.0;18.2;0.0;94.0;10.0;35.0;90.0;94.0;16.4;994.0;0.0;3760.0;ICON
2026-09-29T06:15:00+02:00;2026-09-29T12:42:44+02:00;lyon;IFS;45.79965;4.8341236;233.0;2026-10-01T02:00;9.6;20.9;131.0;18.0;0.0;96.0;9.0;30.0;95.0;96.0;16.4;993.9;0.0;3690.0;ICON
2026-09-29T06:15:00+02:00;2026-09-29T12:42:44+02:00;lyon;IFS;45.79965;4.8341236;233.0;2026-10-01T03:00;9.9;20.9;145.0;18.0;0.0;95.0;8.0;29.0;92.0;95.0;16.1;993.9;0.0;3720.0;ICON
2026-09-29T06:15:00+02:00;2026-09-29T12:42:44+02:00;lyon;IFS;45.79965;4.8341236;233.0;2026-10-01T04:00;11.2;22.7;154.0;17.9;0.0;96.0;24.0;25.0;94.0;96.0;15.5;993.8;0.0;3760.0;ICON
2026-09-29T06:15:00+02:00;2026-09-29T12:42:44+02:00;lyon;IFS;45.79965;4.8341236;233.0;2026-10-01T05:00;10.0;24.5;159.0;17.7;0.0;98.0;13.0;48.0;97.0;98.0;15.0;993.8;0.0;3730.0;ICON
2026-09-29T06:15:00+02:00;2026-09-29T12:42:44+02:00;lyon;IFS;45.79965;4.8341236;233.0;2026-10-01T06:00;10.6;20.9;129.0;17.2;0.3;100.0;31.0;53.0;99.0;100.0;15.5;994.0;0.0;3670.0;ICON
2026-09-29T06:15:00+02:00;2026-09-29T12:42:44+02:00;lyon;IFS;45.79965;4.8341236;233.0;2026-10-01T07:00;9.0;21.2;137.0;17.0;0.2;99.0;19.0;50.0;98.0;99.0;15.8;994.4;0.0;3620.0;ICON
2026-09-29T06:15:00+02:00;2026-09-29T12:42:44+02:00;lyon;IFS;45.79965;4.8341236;233.0;2026-10-01T08:00;6.0;18.0;129.0;16.9;0.0;100.0;100.0;84.0;98.0;100.0;15.9;995.2;0.0;3610.0;ICON
2026-09-29T06:15:00+02:00;2026-09-29T12:42:44+02:00;lyon;IFS;45.79965;4.8341236;233.0;2026-10-01T09:00;7.3;15.8;136.0;17.4;0.0;99.0;25.0;27.0;98.0;99.0;16.3;995.7;0.0;3642.5;ICON
2026-09-29T06:15:00+02:00;2026-09-29T12:42:44+02:00;lyon;IFS;45.79965;4.8341236;233.0;2026-10-01T10:00;4.4;15.8;148.0;18.2;0.0;99.0;21.0;70.0;97.0;99.0;16.7;996.5;0.0;3700.0;ICON
2026-09-29T06:15:00+02:00;2026-09-29T12:42:44+02:00;lyon;IFS;45.79965;4.8341236;233.0;2026-10-01T11:00;3.3;12.6;186.0;18.7;0.2;100.0;99.0;100.0;98.0;100.0;17.0;997.1;0.0;3687.5;ICON
2026-09-29T06:15:00+02:00;2026-09-29T12:42:44+02:00;lyon;IFS;45.79965;4.8341236;233.0;2026-10-01T12:00;2.9;13.3;169.0;19.1;0.3;98.0;54.0;70.0;94.0;98.0;17.4;997.3;0.0;3660.0;ICON
2026-09-29T06:15:00+02:00;2026-09-29T12:42:44+02:00;lyon;IFS;45.79965;4.8341236;233.0;2026-10-01T13:00;1.9;13.0;202.0;19.6;0.1;100.0;98.0;34.0;92.0;100.0;17.2;997.6;0.0;3690.0;ICON
2026-09-29T06:15:00+02:00;2026-09-29T12:42:44+02:00;lyon;IFS;45.79965;4.8341236;233.0;2026-10-01T14:00;1.8;9.4;24.0;20.3;0.1;100.0;100.0;90.0;89.0;100.0;17.2;997.7;0.0;3650.0;ICON
2026-09-29T06:15:00+02:00;2026-09-29T12:42:44+02:00;lyon;IFS;45.79965;4.8341236;233.0;2026-10-01T15:00;6.5;15.5;19.0;20.2;0.4;98.0;84.0;30.0;84.0;98.0;17.1;997.5;0.0;3710.0;ICON
2026-09-29T06:15:00+02:00;2026-09-29T12:42:44+02:00;lyon;IFS;45.79965;4.8341236;233.0;2026-10-01T16:00;6.6;19.1;17.0;20.7;0.2;93.0;58.0;30.0;76.0;93.0;16.9;997.7;0.0;3590.0;ICON
2026-09-29T06:15:00+02:00;2026-09-29T12:42:44+02:00;lyon;IFS;45.79965;4.8341236;233.0;2026-10-01T17:00;7.2;20.2;12.0;21.3;0.0;100.0;100.0;48.0;64.0;100.0;16.3;998.0;0.0;3640.0;ICON
2026-09-29T06:15:00+02:00;2026-09-29T12:42:44+02:00;lyon;IFS;45.79965;4.8341236;233.0;2026-10-01T18:00;7.4;21.6;3.0;20.9;0.1;92.0;32.0;66.0;73.0;92.0;16.2;998.1;0.0;3680.0;ICON
2026-09-29T06:15:00+02:00;2026-09-29T12:42:44+02:00;lyon;IFS;45.79965;4.8341236;233.0;2026-10-01T19:00;5.3;15.8;352.0;19.8;0.1;88.0;28.0;38.0;73.0;88.0;16.4;998.4;0.0;3540.0;ICON
2026-09-29T06:15:00+02:00;2026-09-29T12:42:44+02:00;lyon;IFS;45.79965;4.8341236;233.0;2026-10-01T20:00;6.6;13.0;9.0;18.9;0.0;73.0;36.0;43.0;30.0;73.0;16.2;998.9;0.0;3560.0;ICON
2026-09-29T06:15:00+02:00;2026-09-29T12:42:44+02:00;lyon;IFS;45.79965;4.8341236;233.0;2026-10-01T21:00;3.8;13.0;5.0;18.2;0.0;88.0;24.0;39.0;72.0;88.0;16.2;999.4;0.0;3560.0;ICON
2026-09-29T06:15:00+02:00;2026-09-29T12:42:44+02:00;lyon;IFS;45.79965;4.8341236;233.0;2026-10-01T22:00;3.8;7.9;335.0;17.7;0.0;86.0;22.0;7.0;80.0;86.0;16.1;999.7;0.0;3590.0;ICON
2026-09-29T06:15:00+02:00;2026-09-29T12:42:44+02:00;lyon;IFS;45.79965;4.8341236;233.0;2026-10-01T23:00;5.7;10.8;319.0;17.3;0.0;88.0;34.0;9.0;80.0;88.0;15.7;1000.1;0.0;3710.0;ICON
2026-09-29T06:15:00+02:00;2026-09-29T12:42:44+02:00;lyon;IFS;45.79965;4.8341236;233.0;2026-10-02T00:00;7.4;14.8;317.0;16.9;0.0;73.0;5.0;8.0;71.0;73.0;15.5;1000.1;0.0;3790.0;ICON
2026-09-29T06:15:00+02:00;2026-09-29T12:42:44+02:00;lyon;IFS;45.79965;4.8341236;233.0;2026-10-02T01:00;8.3;16.2;314.0;16.1;0.0;91.0;3.0;7.0;91.0;91.0;14.9;1000.3;0.0;4020.0;ICON
2026-09-29T06:15:00+02:00;2026-09-29T12:42:44+02:00;lyon;IFS;45.79965;4.8341236;233.0;2026-10-02T02:00;8.7;17.3;313.0;15.8;0.0;96.0;3.0;5.0;96.0;96.0;14.3;1000.2;0.0;4100.0;ICON
2026-09-29T06:15:00+02:00;2026-09-29T12:42:44+02:00;lyon;IFS;45.79965;4.8341236;233.0;2026-10-02T03:00;8.8;17.6;317.0;15.6;0.0;95.0;5.0;6.0;94.0;95.0;14.0;1000.2;0.0;4160.0;ICON
2026-09-29T06:15:00+02:00;2026-09-29T12:42:44+02:00;lyon;IFS;45.79965;4.8341236;233.0;2026-10-02T04:00;9.2;18.4;320.0;15.4;0.0;95.0;7.0;6.0;95.0;95.0;13.7;1000.2;0.0;4160.0;ICON
2026-09-29T06:15:00+02:00;2026-09-29T12:42:44+02:00;lyon;IFS;45.79965;4.8341236;233.0;2026-10-02T05:00;9.7;20.2;321.0;15.0;0.0;95.0;13.0;5.0;95.0;95.0;13.3;1000.1;0.0;4160.0;ICON
2026-09-29T06:15:00+02:00;2026-09-29T12:42:44+02:00;lyon;IFS;45.79965;4.8341236;233.0;2026-10-02T06:00;9.1;19.8;322.0;14.7;0.0;94.0;15.0;3.0;92.0;94.0;13.3;1000.1;0.0;4160.0;ICON
2026-09-29T06:15:00+02:00;2026-09-29T12:42:44+02:00;lyon;IFS;45.79965;4.8341236;233.0;2026-10-02T07:00;6.9;18.7;319.0;14.3;0.0;91.0;5.0;5.0;90.0;91.0;13.2;1000.3;0.0;4130.0;ICON
2026-09-29T06:15:00+02:00;2026-09-29T12:42:44+02:00;lyon;IFS;45.79965;4.8341236;233.0;2026-10-02T08:00;6.5;13.7;314.0;14.2;0.0;84.0;13.0;2.0;81.0;84.0;13.2;1000.5;0.0;4100.0;ICON
2026-09-29T06:15:00+02:00;2026-09-29T12:42:44+02:00;lyon;IFS;45.79965;4.8341236;233.0;2026-10-02T09:00;7.7;17.6;329.0;15.2;0.0;96.0;83.0;4.0;79.0;96.0;13.6;1000.9;0.0;4100.0;ICON
2026-09-29T06:15:00+02:00;2026-09-29T12:42:44+02:00;lyon;IFS;45.79965;4.8341236;233.0;2026-10-02T10:00;9.3;23.0;344.0;16.1;0.0;100.0;100.0;2.0;90.0;100.0;14.1;1001.0;0.0;4110.0;ICON
2026-09-29T06:15:00+02:00;2026-09-29T12:42:44+02:00;lyon;IFS;45.79965;4.8341236;233.0;2026-10-02T11:00;7.3;23.0;344.0;16.6;0.0;100.0;100.0;4.0;80.0;100.0;14.2;1001.3;0.0;4110.0;ICON
2026-09-29T06:15:00+02:00;2026-09-29T12:42:44+02:00;lyon;IFS;45.79965;4.8341236;233.0;2026-10-02T12:00;4.1;19.1;345.0;17.6;0.0;100.0;100.0;4.0;63.0;100.0;14.4;1001.2;0.0;4060.0;ICON
2026-09-29T06:15:00+02:00;2026-09-29T12:42:44+02:00;lyon;IFS;45.79965;4.8341236;233.0;2026-10-02T13:00;2.9;14.4;338.0;18.8;0.0;98.0;95.0;2.0;62.0;98.0;14.5;1001.0;0.0;4020.0;ICON
2026-09-29T06:15:00+02:00;2026-09-29T12:42:44+02:00;lyon;IFS;45.79965;4.8341236;233.0;2026-10-02T14:00;2.5;13.0;360.0;19.9;0.0;98.0;97.0;0.0;60.0;98.0;14.7;1000.6;0.0;3960.0;ICON
2026-09-29T06:15:00+02:00;2026-09-29T12:42:44+02:00;lyon;IFS;45.79965;4.8341236;233.0;2026-10-02T15:00;3.0;13.0;57.0;20.7;0.0;100.0;99.0;3.0;77.0;100.0;14.9;1000.1;0.0;3910.0;ICON
2026-09-29T06:15:00+02:00;2026-09-29T12:42:44+02:00;lyon;IFS;45.79965;4.8341236;233.0;2026-10-02T16:00;3.3;13.0;68.0;21.2;0.0;91.0;48.0;0.0;83.0;91.0;15.0;999.5;0.0;3850.0;ICON
2026-09-29T06:15:00+02:00;2026-09-29T12:42:44+02:00;lyon;IFS;45.79965;4.8341236;233.0;2026-10-02T17:00;4.6;14.4;101.0;21.3;0.0;32.0;0.0;8.0;27.0;32.0;14.9;999.2;0.0;3800.0;ICON
2026-09-29T06:15:00+02:00;2026-09-29T12:42:44+02:00;lyon;IFS;45.79965;4.8341236;233.0;2026-10-02T18:00;4.2;14.0;97.0;20.9;0.0;34.0;3.0;0.0;31.0;34.0;15.0;999.0;0.0;3780.0;ICON
2026-09-29T06:15:00+02:00;2026-09-29T12:42:44+02:00;lyon;IFS;45.79965;4.8341236;233.0;2026-10-02T19:00;3.5;10.8;102.0;19.4;0.0;25.0;1.0;2.0;23.0;25.0;15.8;998.8;0.0;3760.0;ICON
2026-09-29T06:15:00+02:00;2026-09-29T12:42:44+02:00;lyon;IFS;45.79965;4.8341236;233.0;2026-10-02T20:00;3.3;6.8;135.0;18.2;0.0;43.0;3.0;1.0;41.0;43.0;15.7;999.0;0.0;3740.0;ICON
2026-09-29T06:15:00+02:00;2026-09-29T12:42:44+02:00;lyon;IFS;45.79965;4.8341236;233.0;2026-10-02T21:00;2.6;6.1;141.0;17.5;0.0;60.0;4.0;0.0;59.0;60.0;15.6;999.0;0.0;3730.0;ICON
2026-09-29T06:15:00+02:00;2026-09-29T12:42:44+02:00;lyon;IFS;45.79965;4.8341236;233.0;2026-10-02T22:00;1.4;6.5;140.0;17.0;0.0;82.0;5.0;1.0;82.0;82.0;15.4;999.1;0.0;3720.0;ICON
2026-09-29T06:15:00+02:00;2026-09-29T12:42:44+02:00;lyon;IFS;45.79965;4.8341236;233.0;2026-10-02T23:00;0.6;6.1;146.0;16.5;0.0;98.0;5.0;1.0;98.0;98.0;15.2;999.0;0.0;3710.0;ICON
2026-09-29T06:15:00+02:00;2026-09-29T12:42:44+02:00;lyon;IFS;45.79965;4.8341236;233.0;2026-10-03T00:00;0.4;5.0;153.0;15.9;0.0;100.0;0.0;1.0;100.0;100.0;15.1;999.0;0.0;3640.0;ICON
2026-09-29T06:15:00+02:00;2026-09-29T12:42:44+02:00;lyon;IFS;45.79965;4.8341236;233.0;2026-10-03T01:00;0.4;3.2;117.0;15.5;0.0;98.0;0.0;2.0;100.0;100.0;15.1;998.9;0.0;3580.0;ICON
2026-09-29T06:15:00+02:00;2026-09-29T12:42:44+02:00;lyon;IFS;45.79965;4.8341236;233.0;2026-10-03T02:00;0.6;2.5;124.0;15.0;0.0;96.0;0.0;2.0;96.0;96.0;15.0;998.8;0.0;3510.0;ICON
2026-09-29T06:15:00+02:00;2026-09-29T12:42:44+02:00;lyon;IFS;45.79965;4.8341236;233.0;2026-10-03T03:00;1.0;3.2;135.0;14.7;0.0;97.0;29.0;2.0;87.0;97.0;14.7;998.6;0.0;3480.0;ICON
2026-09-29T06:15:00+02:00;2026-09-29T12:42:44+02:00;lyon;IFS;45.79965;4.8341236;233.0;2026-10-03T04:00;1.5;4.3;144.0;14.4;0.0;99.0;70.0;2.0;75.0;99.0;14.4;998.3;0.0;3450.0;ICON
2026-09-29T06:15:00+02:00;2026-09-29T12:42:44+02:00;lyon;IFS;45.79965;4.8341236;233.0;2026-10-03T05:00;1.9;5.4;151.0;14.2;0.0;100.0;100.0;3.0;60.0;100.0;14.2;998.0;0.0;3420.0;ICON
2026-09-29T06:15:00+02:00;2026-09-29T12:42:44+02:00;lyon;IFS;45.79965;4.8341236;233.0;2026-10-03T06:00;1.3;5.4;146.0;14.1;0.0;100.0;100.0;9.0;40.0;100.0;14.1;998.0;0.0;3430.0;ICON
2026-09-29T06:15:00+02:00;2026-09-29T12:42:44+02:00;lyon;IFS;45.79965;4.8341236;233.0;2026-10-03T07:00;0.6;5.4;124.0;14.0;0.0;100.0;100.0;16.0;17.0;100.0;14.1;998.1;0.0;3430.0;ICON
2026-09-29T06:15:00+02:00;2026-09-29T12:42:44+02:00;lyon;IFS;45.79965;4.8341236;233.0;2026-10-03T08:00;0.6;6.1;108.0;14.2;0.0;100.0;100.0;19.0;3.0;100.0;14.2;998.2;0.0;3440.0;ICON
2026-09-29T06:15:00+02:00;2026-09-29T12:42:44+02:00;lyon;IFS;45.79965;4.8341236;233.0;2026-10-03T09:00;1.3;7.9;146.0;14.7;0.0;100.0;100.0;15.0;5.0;100.0;14.4;998.6;0.0;3420.0;ICON
2026-09-29T06:15:00+02:00;2026-09-29T12:42:44+02:00;lyon;IFS;45.79965;4.8341236;233.0;2026-10-03T10:00;2.5;10.4;159.0;15.4;0.0;100.0;100.0;6.0;16.0;100.0;14.7;998.9;0.0;3390.0;ICON
2026-09-29T06:15:00+02:00;2026-09-29T12:42:44+02:00;lyon;IFS;45.79965;4.8341236;233.0;2026-10-03T11:00;3.8;13.3;155.0;16.5;0.0;100.0;100.0;0.0;23.0;100.0;15.1;999.1;0.0;3370.0;ICON
2026-09-29T06:15:00+02:00;2026-09-29T12:42:44+02:00;lyon;IFS;45.79965;4.8341236;233.0;2026-10-03T12:00;4.8;16.2;143.0;18.3;0.0;72.0;71.0;0.0;18.0;72.0;15.8;998.9;0.0;3390.0;ICON
2026-09-29T06:15:00+02:00;2026-09-29T12:42:44+02:00;lyon;IFS;45.79965;4.8341236;233.0;2026-10-03T13:00;6.0;19.1;129.0;20.5;0.0;33.0;31.0;0.0;10.0;33.0;16.5;998.5;0.0;3400.0;ICON
2026-09-29T06:15:00+02:00;2026-09-29T12:42:44+02:00;lyon;IFS;45.79965;4.8341236;233.0;2026-10-03T14:00;7.3;21.6;126.0;22.3;0.0;12.0;2.0;1.0;10.0;12.0;16.8;998.0;0.0;3420.0;ICON
2026-09-29T06:15:00+02:00;2026-09-29T12:42:44+02:00;lyon;IFS;45.79965;4.8341236;233.0;2026-10-03T15:00;9.0;24.1;134.0;23.3;0.0;23.0;0.0;1.0;27.0;27.0;16.2;997.3;0.0;3410.0;ICON
2026-09-29T06:15:00+02:00;2026-09-29T12:42:44+02:00;lyon;IFS;45.79965;4.8341236;233.0;2026-10-03T16:00;10.9;26.3;144.0;23.8;0.0;51.0;0.0;1.0;53.0;53.0;15.0;996.6;0.0;3400.0;ICON
2026-09-29T06:15:00+02:00;2026-09-29T12:42:44+02:00;lyon;IFS;45.79965;4.8341236;233.0;2026-10-03T17:00;12.1;27.7;148.0;23.8;0.0;74.0;0.0;2.0;74.0;74.0;14.3;996.1;0.0;3390.0;ICON
2026-09-29T06:15:00+02:00;2026-09-29T12:42:44+02:00;lyon;IFS;45.79965;4.8341236;233.0;2026-10-03T18:00;11.5;28.1;145.0;23.0;0.0;86.0;1.0;6.0;86.0;86.0;14.5;996.0;0.0;3400.0;ICON
2026-09-29T06:15:00+02:00;2026-09-29T12:42:44+02:00;lyon;IFS;45.79965;4.8341236;233.0;2026-10-03T19:00;9.9;27.7;136.0;21.7;0.0;92.0;2.0;11.0;92.0;92.0;15.2;996.2;0.0;3420.0;ICON
2026-09-29T06:15:00+02:00;2026-09-29T12:42:44+02:00;lyon;IFS;45.79965;4.8341236;233.0;2026-10-03T20:00;9.0;27.4;133.0;20.5;0.0;95.0;4.0;16.0;94.0;95.0;15.7;996.4;0.0;3430.0;ICON
2026-09-29T06:15:00+02:00;2026-09-29T12:42:44+02:00;lyon;IFS;45.79965;4.8341236;233.0;2026-10-03T21:00;9.3;26.6;143.0;19.8;0.0;93.0;6.0;19.0;90.0;93.0;15.9;996.6;0.0;3430.0;ICON
2026-09-29T06:15:00+02:00;2026-09-29T12:42:44+02:00;lyon;IFS;45.79965;4.8341236;233.0;2026-10-03T22:00;10.7;25.6;157.0;19.2;0.0;86.0;8.0;22.0;80.0;86.0;16.0;996.9;0.0;3430.0;ICON
2026-09-29T06:15:00+02:00;2026-09-29T12:42:44+02:00;lyon;IFS;45.79965;4.8341236;233.0;2026-10-03T23:00;11.7;24.8;165.0;18.6;0.0;76.0;8.0;22.0;69.0;76.0;16.1;997.0;0.0;3430.0;ICON
2026-09-29T06:15:00+02:00;2026-09-29T12:42:44+02:00;lyon;IFS;45.79965;4.8341236;233.0;2026-10-04T00:00;11.2;24.8;168.0;17.9;0.0;60.0;5.0;17.0;54.0;60.0;16.0;996.9;0.0;3420.0;ICON
2026-09-29T06:15:00+02:00;2026-09-29T12:42:44+02:00;lyon;IFS;45.79965;4.8341236;233.0;2026-10-04T01:00;9.9;24.8;168.0;17.2;0.0;40.0;0.0;10.0;36.0;40.0;15.9;996.8;0.0;3420.0;ICON
2026-09-29T06:15:00+02:00;2026-09-29T12:42:44+02:00;lyon;IFS;45.79965;4.8341236;233.0;2026-10-04T02:00;8.9;24.5;167.0;16.6;0.0;30.0;0.0;7.0;25.0;30.0;15.8;996.6;0.0;3410.0;ICON
2026-09-29T06:15:00+02:00;2026-09-29T12:42:44+02:00;lyon;IFS;45.79965;4.8341236;233.0;2026-10-04T03:00;8.3;23.0;164.0;16.2;0.0;38.0;8.0;10.0;27.0;38.0;15.8;996.4;0.0;3390.0;ICON
2026-09-29T06:15:00+02:00;2026-09-29T12:42:44+02:00;lyon;IFS;45.79965;4.8341236;233.0;2026-10-04T04:00;7.9;20.9;159.0;16.0;0.0;54.0;21.0;17.0;36.0;54.0;15.7;996.2;0.0;3380.0;ICON
2026-09-29T06:15:00+02:00;2026-09-29T12:42:44+02:00;lyon;IFS;45.79965;4.8341236;233.0;2026-10-04T05:00;7.8;19.1;154.0;15.8;0.0;67.0;32.0;24.0;39.0;67.0;15.6;996.0;0.0;3360.0;ICON
2026-09-29T06:15:00+02:00;2026-09-29T12:42:44+02:00;lyon;IFS;45.79965;4.8341236;233.0;2026-10-04T06:00;7.8;18.0;148.0;15.6;0.0;70.0;40.0;30.0;27.0;70.0;15.5;995.9;0.0;3332.5;ICON
2026-09-29T06:15:00+02:00;2026-09-29T12:42:44+02:00;lyon;IFS;45.79965;4.8341236;233.0;2026-10-04T07:00;8.2;17.6;144.0;15.5;0.0;69.0;47.0;35.0;10.0;69.0;15.5;996.0;0.0;3310.0;ICON
2026-09-29T06:15:00+02:00;2026-09-29T12:42:44+02:00;lyon;IFS;45.79965;4.8341236;233.0;2026-10-04T08:00;8.7;18.0;142.0;15.7;0.0;66.0;48.0;38.0;0.0;66.0;15.5;996.1;0.0;3285.0;ICON
2026-09-29T06:15:00+02:00;2026-09-29T12:42:44+02:00;lyon;IFS;45.79965;4.8341236;233.0;2026-10-04T09:00;9.3;20.2;144.0;16.7;0.0;62.0;38.0;37.0;5.0;62.0;15.7;996.4;0.0;3320.0;ICON
2026-09-29T06:15:00+02:00;2026-09-29T12:42:44+02:00;lyon;IFS;45.79965;4.8341236;233.0;2026-10-04T10:00;9.8;23.4;149.0;18.0;0.0;56.0;23.0;33.0;18.0;56.0;16.0;996.8;0.0;3290.0;ICON
2026-09-29T06:15:00+02:00;2026-09-29T12:42:44+02:00;lyon;IFS;45.79965;4.8341236;233.0;2026-10-04T11:00;10.9;26.6;153.0;19.4;0.0;54.0;11.0;30.0;31.0;54.0;16.2;997.0;0.0;3250.0;ICON
2026-09-29T06:15:00+02:00;2026-09-29T12:42:44+02:00;lyon;IFS;45.79965;4.8341236;233.0;2026-10-04T12:00;12.3;29.9;157.0;20.7;0.0;58.0;7.0;28.0;41.0;58.0;16.1;996.8;0.0;3280.0;ICON
2026-09-29T06:15:00+02:00;2026-09-29T12:42:44+02:00;lyon;IFS;45.79965;4.8341236;233.0;2026-10-04T13:00;14.2;33.5;160.0;22.0;0.0;65.0;6.0;27.0;52.0;65.0;15.8;996.4;0.0;3300.0;ICON
2026-09-29T06:15:00+02:00;2026-09-29T12:42:44+02:00;lyon;IFS;45.79965;4.8341236;233.0;2026-10-04T14:00;15.3;36.4;162.0;23.0;0.0;70.0;5.0;25.0;59.0;70.0;15.5;996.0;0.0;3330.0;ICON
2026-09-29T06:15:00+02:00;2026-09-29T12:42:44+02:00;lyon;IFS;45.79965;4.8341236;233.0;2026-10-04T15:00;15.6;38.2;166.0;23.7;0.0;70.0;3.0;20.0;61.0;70.0;15.0;995.4;0.0;3340.0;ICON
2026-09-29T06:15:00+02:00;2026-09-29T12:42:44+02:00;lyon;IFS;45.79965;4.8341236;233.0;2026-10-04T16:00;15.4;39.2;170.0;24.1;0.0;69.0;2.0;16.0;61.0;69.0;14.5;994.8;0.0;3340.0;ICON
2026-09-29T06:15:00+02:00;2026-09-29T12:42:44+02:00;lyon;IFS;45.79965;4.8341236;233.0;2026-10-04T17:00;14.9;39.2;173.0;23.8;0.0;70.0;2.0;19.0;63.0;70.0;14.4;994.4;0.0;3350.0;ICON
2026-09-29T06:15:00+02:00;2026-09-29T12:42:44+02:00;lyon;IFS;45.79965;4.8341236;233.0;2026-10-04T18:00;14.3;37.8;174.0;22.3;0.6;78.0;3.0;40.0;71.0;78.0;15.2;994.4;0.0;3380.0;ICON
2026-09-29T06:15:00+02:00;2026-09-29T12:42:44+02:00;lyon;IFS;45.79965;4.8341236;233.0;2026-10-04T19:00;13.5;35.3;172.0;20.1;0.6;89.0;6.0;68.0;82.0;89.0;16.3;994.7;0.0;3410.0;ICON
2026-09-29T06:15:00+02:00;2026-09-29T12:42:44+02:00;lyon;IFS;45.79965;4.8341236;233.0;2026-10-04T20:00;11.7;32.4;169.0;18.4;0.6;97.0;8.0;83.0;90.0;97.0;17.1;995.0;0.0;3440.0;ICON
2026-09-29T06:15:00+02:00;2026-09-29T12:42:44+02:00;lyon;IFS;45.79965;4.8341236;233.0;2026-10-04T21:00;7.7;28.8;164.0;17.7;0.1;99.0;10.0;71.0;93.0;99.0;17.1;995.2;0.0;3430.0;ICON
2026-09-29T06:15:00+02:00;2026-09-29T12:42:44+02:00;lyon;IFS;45.79965;4.8341236;233.0;2026-10-04T22:00;3.1;24.8;135.0;17.5;0.1;97.0;12.0;46.0;94.0;97.0;16.8;995.3;0.0;3410.0;ICON
2026-09-29T06:15:00+02:00;2026-09-29T12:42:44+02:00;lyon;IFS;45.79965;4.8341236;233.0;2026-10-04T23:00;2.3;21.2;72.0;17.3;0.1;96.0;13.0;27.0;95.0;96.0;16.5;995.3;0.0;3400.0;ICON
2026-09-29T06:15:00+02:00;2026-09-29T12:42:44+02:00;lyon;IFS;45.79965;4.8341236;233.0;2026-10-05T00:00;8.9;19.8;166.0;17.1;0.0;99.0;6.0;46.0;97.0;99.0;16.6;994.8;0.0;3430.0;ICON
2026-09-29T06:15:00+02:00;2026-09-29T12:42:44+02:00;lyon;IFS;45.79965;4.8341236;233.0;2026-10-05T01:00;8.3;16.9;164.0;16.9;0.0;98.0;5.0;35.0;97.0;98.0;16.3;994.8;0.0;3470.0;ICON
2026-09-29T06:15:00+02:00;2026-09-29T12:42:44+02:00;lyon;IFS;45.79965;4.8341236;233.0;2026-10-05T02:00;7.6;14.8;162.0;16.6;0.0;98.0;5.0;27.0;98.0;98.0;16.2;994.8;0.0;3500.0;ICON
2026-09-29T06:15:00+02:00;2026-09-29T12:42:44+02:00;lyon;IFS;45.79965;4.8341236;233.0;2026-10-05T03:00;6.9;13.7;160.0;16.3;0.0;98.0;5.0;23.0;98.0;98.0;16.0;994.7;0.0;3510.0;ICON
2026-09-29T06:15:00+02:00;2026-09-29T12:42:44+02:00;lyon;IFS;45.79965;4.8341236;233.0;2026-10-05T04:00;6.2;13.3;159.0;15.9;0.0;98.0;6.0;21.0;99.0;99.0;15.9;994.6;0.0;3510.0;ICON
2026-09-29T06:15:00+02:00;2026-09-29T12:42:44+02:00;lyon;IFS;45.79965;4.8341236;233.0;2026-10-05T05:00;5.4;13.3;159.0;15.5;0.0;98.0;7.0;20.0;98.0;98.0;15.8;994.5;0.0;3520.0;ICON
2026-09-29T06:15:00+02:00;2026-09-29T12:42:44+02:00;lyon;IFS;45.79965;4.8341236;233.0;2026-10-05T06:00;4.7;14.0;157.0;15.2;0.0;98.0;7.0;20.0;98.0;98.0;15.7;994.4;0.0;3540.0;ICON
2026-09-29T06:15:00+02:00;2026-09-29T12:42:44+02:00;lyon;IFS;45.79965;4.8341236;233.0;2026-10-05T07:00;4.3;14.4;158.0;15.2;0.0;98.0;8.0;20.0;98.0;98.0;15.6;994.3;0.0;3560.0;ICON
2026-09-29T06:15:00+02:00;2026-09-29T12:42:44+02:00;lyon;IFS;45.79965;4.8341236;233.0;2026-10-05T08:00;3.9;14.8;156.0;15.5;0.0;98.0;8.0;19.0;98.0;98.0;15.5;994.3;0.0;3580.0;ICON
2026-09-29T06:15:00+02:00;2026-09-29T12:42:44+02:00;lyon;IFS;45.79965;4.8341236;233.0;2026-10-05T09:00;3.9;15.1;156.0;16.4;0.0;99.0;7.0;17.0;99.0;99.0;15.4;994.3;0.0;3620.0;ICON
2026-09-29T06:15:00+02:00;2026-09-29T12:42:44+02:00;lyon;IFS;45.79965;4.8341236;233.0;2026-10-05T10:00;4.3;15.5;158.0;17.7;0.0;100.0;6.0;14.0;100.0;100.0;15.3;994.3;0.0;3650.0;ICON
2026-09-29T06:15:00+02:00;2026-09-29T12:42:44+02:00;lyon;IFS;45.79965;4.8341236;233.0;2026-10-05T11:00;4.8;16.2;158.0;19.2;0.0;100.0;5.0;11.0;100.0;100.0;15.3;994.3;0.0;3690.0;ICON
2026-09-29T06:15:00+02:00;2026-09-29T12:42:44+02:00;lyon;IFS;45.79965;4.8341236;233.0;2026-10-05T12:00;5.4;16.6;160.0;20.8;0.0;100.0;3.0;8.0;100.0;100.0;15.3;994.4;0.0;3710.0;ICON
2026-09-29T06:15:00+02:00;2026-09-29T12:42:44+02:00;lyon;IFS;45.79965;4.8341236;233.0;2026-10-05T13:00;5.5;16.9;161.0;22.0;0.0;100.0;2.0;6.0;100.0;100.0;15.2;994.3;0.0;3720.0;ICON
2026-09-29T06:15:00+02:00;2026-09-29T12:42:44+02:00;lyon;IFS;45.79965;4.8341236;233.0;2026-10-05T14:00;5.4;17.3;159.0;22.8;0.0;100.0;2.0;5.0;100.0;100.0;15.3;994.3;0.0;3740.0;ICON
2026-09-29T06:15:00+02:00;2026-09-29T12:42:44+02:00;lyon;IFS;45.79965;4.8341236;233.0;2026-10-05T15:00;4.8;17.6;153.0;22.9;0.0;93.0;3.0;6.0;90.0;93.0;15.4;994.1;0.0;3750.0;ICON
2026-09-29T06:15:00+02:00;2026-09-29T12:42:44+02:00;lyon;IFS;45.79965;4.8341236;233.0;2026-10-05T16:00;3.7;17.6;141.0;22.7;0.0;83.0;4.0;9.0;77.0;83.0;15.5;993.9;0.0;3750.0;ICON
2026-09-29T06:15:00+02:00;2026-09-29T12:42:44+02:00;lyon;IFS;45.79965;4.8341236;233.0;2026-10-05T17:00;2.9;18.0;120.0;22.3;0.0;71.0;6.0;12.0;60.0;71.0;15.7;993.6;0.0;3760.0;ICON
2026-09-29T06:15:00+02:00;2026-09-29T12:42:44+02:00;lyon;IFS;45.79965;4.8341236;233.0;2026-10-05T18:00;2.7;18.0;86.0;21.6;0.0;58.0;7.0;16.0;44.0;58.0;15.8;993.4;0.0;3760.0;ICON
2026-09-29T06:15:00+02:00;2026-09-29T12:42:44+02:00;lyon;IFS;45.79965;4.8341236;233.0;2026-10-05T19:00;3.2;18.0;63.0;20.9;0.0;47.0;9.0;18.0;29.0;47.0;16.0;993.1;0.0;3760.0;ICON
2026-09-29T06:15:00+02:00;2026-09-29T12:42:44+02:00;lyon;IFS;45.79965;4.8341236;233.0;2026-10-05T20:00;3.5;17.3;51.0;20.3;0.0;38.0;9.0;20.0;18.0;38.0;16.0;993.0;0.0;3760.0;ICON
2026-09-29T06:15:00+02:00;2026-09-29T12:42:44+02:00;lyon;IFS;45.79965;4.8341236;233.0;2026-10-05T21:00;3.3;16.2;45.0;19.7;0.0;30.0;7.0;20.0;11.0;30.0;16.0;992.9;0.0;3760.0;ICON
2026-09-29T06:15:00+02:00;2026-09-29T12:42:44+02:00;lyon;IFS;45.79965;4.8341236;233.0;2026-10-05T22:00;2.7;14.4;42.0;19.0;0.0;23.0;3.0;19.0;7.0;23.0;16.0;992.9;0.0;3770.0;ICON
2026-09-29T06:15:00+02:00;2026-09-29T12:42:44+02:00;lyon;IFS;45.79965;4.8341236;233.0;2026-10-05T23:00;1.8;12.6;37.0;18.2;0.0;16.0;0.0;17.0;4.0;17.0;15.9;993.0;0.0;3770.0;ICON
2026-09-29T06:15:00+02:00;2026-09-29T12:42:44+02:00;lyon;IFS;45.79965;4.8341236;233.0;2026-10-06T00:00;1.0;10.8;22.0;17.4;0.0;12.0;0.0;15.0;2.0;15.0;15.8;993.0;0.0;3760.0;ICON
2026-09-29T06:15:00+02:00;2026-09-29T12:42:44+02:00;lyon;IFS;45.79965;4.8341236;233.0;2026-10-06T01:00;0.4;9.0;333.0;16.7;0.0;10.0;0.0;13.0;1.0;13.0;15.7;993.0;0.0;3760.0;ICON
2026-09-29T06:15:00+02:00;2026-09-29T12:42:44+02:00;lyon;IFS;45.79965;4.8341236;233.0;2026-10-06T02:00;0.6;7.9;288.0;16.1;0.0;13.0;0.0;12.0;0.0;13.0;15.6;993.0;0.0;3750.0;ICON
2026-09-29T06:15:00+02:00;2026-09-29T12:42:44+02:00;lyon;IFS;45.79965;4.8341236;233.0;2026-10-06T03:00;0.9;7.2;307.0;15.6;0.0;23.0;13.0;11.0;0.0;23.0;15.4;992.9;0.0;3730.0;ICON
2026-09-29T06:15:00+02:00;2026-09-29T12:42:44+02:00;lyon;IFS;45.79965;4.8341236;233.0;2026-10-06T04:00;1.5;6.5;324.0;15.0;0.0;40.0;33.0;10.0;0.0;40.0;15.1;992.8;0.0;3700.0;ICON
2026-09-29T06:15:00+02:00;2026-09-29T12:42:44+02:00;lyon;IFS;45.79965;4.8341236;233.0;2026-10-06T05:00;2.3;6.1;331.0;14.5;0.0;60.0;56.0;8.0;0.0;60.0;14.9;992.6;0.0;3680.0;ICON
2026-09-29T06:15:00+02:00;2026-09-29T12:42:44+02:00;lyon;IFS;45.79965;4.8341236;233.0;2026-10-06T06:00;2.9;6.1;338.0;14.2;0.0;79.0;77.0;7.0;0.0;79.0;14.6;992.5;0.0;3680.0;ICON
2026-09-29T06:15:00+02:00;2026-09-29T12:42:44+02:00;lyon;IFS;45.79965;4.8341236;233.0;2026-10-06T07:00;3.2;6.5;344.0;14.1;0.0;93.0;94.0;6.0;0.0;94.0;14.5;992.3;0.0;3680.0;ICON
2026-09-29T06:15:00+02:00;2026-09-29T12:42:44+02:00;lyon;IFS;45.79965;4.8341236;233.0;2026-10-06T08:00;2.9;7.6;349.0;14.5;0.0;100.0;100.0;6.0;0.0;100.0;14.5;992.2;0.0;3680.0;ICON
2026-09-29T06:15:00+02:00;2026-09-29T12:42:44+02:00;lyon;IFS;45.79965;4.8341236;233.0;2026-10-06T09:00;1.8;9.4;6.0;15.4;0.0;95.0;94.0;5.0;2.0;95.0;14.7;992.1;0.0;3690.0;ICON
2026-09-29T06:15:00+02:00;2026-09-29T12:42:44+02:00;lyon;IFS;45.79965;4.8341236;233.0;2026-10-06T10:00;1.1;12.2;81.0;17.0;0.0;82.0;78.0;4.0;4.0;82.0;15.1;992.2;0.0;3700.0;ICON
2026-09-29T06:15:00+02:00;2026-09-29T12:42:44+02:00;lyon;IFS;45.79965;4.8341236;233.0;2026-10-06T11:00;2.8;15.1;130.0;18.8;0.0;65.0;57.0;3.0;7.0;65.0;15.6;992.1;0.0;3710.0;ICON
2026-09-29T06:15:00+02:00;2026-09-29T12:42:44+02:00;lyon;IFS;45.79965;4.8341236;233.0;2026-10-06T12:00;5.2;18.4;139.0;20.6;0.0;47.0;34.0;2.0;11.0;47.0;16.1;992.1;0.0;3690.0;ICON
2026-09-29T06:15:00+02:00;2026-09-29T12:42:44+02:00;lyon;IFS;45.79965;4.8341236;233.0;2026-10-06T13:00;7.2;21.2;143.0;22.1;0.0;33.0;14.0;4.0;15.0;33.0;16.5;992.1;0.0;3680.0;ICON
2026-09-29T06:15:00+02:00;2026-09-29T12:42:44+02:00;lyon;IFS;45.79965;4.8341236;233.0;2026-10-06T14:00;8.8;23.8;145.0;23.0;0.0;27.0;1.0;9.0;19.0;27.0;16.7;991.9;0.0;3660.0;ICON
2026-09-29T06:15:00+02:00;2026-09-29T12:42:44+02:00;lyon;IFS;45.79965;4.8341236;233.0;2026-10-06T15:00;9.6;25.6;146.0;23.3;0.0;31.0;0.0;18.0;24.0;31.0;16.7;991.8;0.0;;
2026-09-29T06:15:00+02:00;2026-09-29T12:42:44+02:00;lyon;IFS;45.79965;4.8341236;233.0;2026-10-06T16:00;10.1;27.0;147.0;23.1;0.0;41.0;0.0;31.0;30.0;41.0;16.5;991.5;0.0;;
2026-09-29T06:15:00+02:00;2026-09-29T12:42:44+02:00;lyon;IFS;45.79965;4.8341236;233.0;2026-10-06T17:00;10.3;28.4;147.0;22.7;0.0;54.0;0.0;45.0;36.0;54.0;16.2;991.2;0.0;;
2026-09-29T06:15:00+02:00;2026-09-29T12:42:44+02:00;lyon;IFS;45.79965;4.8341236;233.0;2026-10-06T18:00;10.3;29.5;147.0;22.0;0.0;69.0;0.0;60.0;42.0;69.0;15.9;991.0;0.0;;
2026-09-29T06:15:00+02:00;2026-09-29T12:42:44+02:00;lyon;IFS;45.79965;4.8341236;233.0;2026-10-06T19:00;10.4;30.2;148.0;21.4;0.0;83.0;0.0;73.0;48.0;83.0;15.6;990.7;0.0;;
2026-09-29T06:15:00+02:00;2026-09-29T12:42:44+02:00;lyon;IFS;45.79965;4.8341236;233.0;2026-10-06T20:00;10.8;31.0;150.0;20.8;0.0;92.0;2.0;83.0;55.0;92.0;15.5;990.6;0.0;;
2026-09-29T06:15:00+02:00;2026-09-29T12:42:44+02:00;lyon;IFS;45.79965;4.8341236;233.0;2026-10-06T21:00;11.5;31.3;153.0;20.3;0.6;97.0;3.0;90.0;63.0;97.0;15.6;990.5;0.0;;
2026-09-29T06:15:00+02:00;2026-09-29T12:42:44+02:00;lyon;IFS;45.79965;4.8341236;233.0;2026-10-06T22:00;12.4;31.7;156.0;19.7;0.6;100.0;3.0;97.0;71.0;100.0;15.7;990.6;0.0;;
2026-09-29T06:15:00+02:00;2026-09-29T12:42:44+02:00;lyon;IFS;45.79965;4.8341236;233.0;2026-10-06T23:00;13.3;31.7;159.0;19.1;0.6;100.0;4.0;100.0;81.0;100.0;16.0;990.6;0.0;;
2026-09-29T06:15:00+02:00;2026-09-29T12:42:44+02:00;lyon;IFS;45.79965;4.8341236;233.0;2026-10-07T00:00;14.2;31.7;162.0;18.4;0.6;100.0;5.0;100.0;89.0;100.0;16.2;990.7;0.0;;
2026-09-29T06:15:00+02:00;2026-09-29T12:42:44+02:00;lyon;IFS;45.79965;4.8341236;233.0;2026-10-07T01:00;15.0;32.0;164.0;17.9;0.6;100.0;6.0;100.0;94.0;100.0;16.4;990.7;0.0;;
2026-09-29T06:15:00+02:00;2026-09-29T12:42:44+02:00;lyon;IFS;45.79965;4.8341236;233.0;2026-10-07T02:00;15.5;32.0;165.0;17.4;0.6;100.0;8.0;100.0;97.0;100.0;16.4;990.7;0.0;;
2026-09-29T06:15:00+02:00;2026-09-29T12:42:44+02:00;lyon;IFS;45.79965;4.8341236;233.0;2026-10-07T03:00;15.6;32.4;164.0;17.0;1.3;97.0;10.0;91.0;95.0;97.0;16.3;990.5;0.0;;
2026-09-29T06:15:00+02:00;2026-09-29T12:42:44+02:00;lyon;IFS;45.79965;4.8341236;233.0;2026-10-07T04:00;15.4;32.8;162.0;16.6;1.3;92.0;12.0;78.0;89.0;92.0;16.1;990.2;0.0;;
2026-09-29T06:15:00+02:00;2026-09-29T12:42:44+02:00;lyon;IFS;45.79965;4.8341236;233.0;2026-10-07T05:00;15.0;33.5;159.0;16.3;1.3;85.0;14.0;62.0;81.0;85.0;15.8;990.0;0.0;;
2026-09-29T06:15:00+02:00;2026-09-29T12:42:44+02:00;lyon;IFS;45.79965;4.8341236;233.0;2026-10-07T06:00;14.7;33.8;156.0;16.0;1.3;79.0;16.0;45.0;73.0;79.0;15.5;989.7;0.0;;
2026-09-29T06:15:00+02:00;2026-09-29T12:42:44+02:00;lyon;IFS;45.79965;4.8341236;233.0;2026-10-07T07:00;14.3;34.2;153.0;16.0;1.3;74.0;20.0;30.0;65.0;74.0;15.3;989.5;0.0;;
2026-09-29T06:15:00+02:00;2026-09-29T12:42:44+02:00;lyon;IFS;45.79965;4.8341236;233.0;2026-10-07T08:00;13.9;34.2;151.0;16.3;1.3;72.0;24.0;19.0;61.0;72.0;15.2;989.3;0.0;;
2026-09-29T06:15:00+02:00;2026-09-29T12:42:44+02:00;lyon;IFS;45.79965;4.8341236;233.0;2026-10-07T09:00;13.7;34.2;150.0;17.0;0.0;73.0;30.0;12.0;60.0;73.0;15.4;989.3;0.0;;
2026-09-29T06:15:00+02:00;2026-09-29T12:42:44+02:00;lyon;IFS;45.79965;4.8341236;233.0;2026-10-07T10:00;13.6;33.8;150.0;18.2;0.0;75.0;37.0;7.0;61.0;75.0;15.6;989.3;0.0;;
2026-09-29T06:15:00+02:00;2026-09-29T12:42:44+02:00;lyon;IFS;45.79965;4.8341236;233.0;2026-10-07T11:00;13.3;33.5;150.0;19.6;0.0;79.0;45.0;3.0;63.0;79.0;16.0;989.4;0.0;;
2026-09-29T06:15:00+02:00;2026-09-29T12:42:44+02:00;lyon;IFS;45.79965;4.8341236;233.0;2026-10-07T12:00;12.9;32.8;150.0;20.9;0.0;84.0;53.0;2.0;66.0;84.0;16.4;989.4;0.0;;
2026-09-29T06:15:00+02:00;2026-09-29T12:42:44+02:00;lyon;IFS;45.79965;4.8341236;233.0;2026-10-07T13:00;12.3;32.4;150.0;21.9;0.0;88.0;61.0;1.0;68.0;88.0;16.7;989.6;0.0;;
2026-09-29T06:15:00+02:00;2026-09-29T12:42:44+02:00;lyon;IFS;45.79965;4.8341236;233.0;2026-10-07T14:00;11.4;32.0;151.0;22.4;0.0;91.0;67.0;1.0;70.0;91.0;16.9;989.7;0.0;;
2026-09-29T06:15:00+02:00;2026-09-29T12:42:44+02:00;lyon;IFS;45.79965;4.8341236;233.0;2026-10-07T15:00;10.1;31.7;153.0;22.2;0.5;93.0;72.0;3.0;71.0;93.0;17.1;989.9;0.0;;
2026-09-29T06:15:00+02:00;2026-09-29T12:42:44+02:00;lyon;IFS;45.79965;4.8341236;233.0;2026-10-07T16:00;8.5;31.3;156.0;21.4;0.5;94.0;77.0;6.0;73.0;94.0;17.1;990.1;0.0;;
2026-09-29T06:15:00+02:00;2026-09-29T12:42:44+02:00;lyon;IFS;45.79965;4.8341236;233.0;2026-10-07T17:00;6.8;31.3;162.0;20.4;0.5;96.0;81.0;10.0;75.0;96.0;17.2;990.3;0.0;;
2026-09-29T06:15:00+02:00;2026-09-29T12:42:44+02:00;lyon;IFS;45.79965;4.8341236;233.0;2026-10-07T18:00;5.1;31.0;172.0;19.3;0.5;96.0;84.0;15.0;76.0;96.0;17.2;990.5;0.0;;
2026-09-29T06:15:00+02:00;2026-09-29T12:42:44+02:00;lyon;IFS;45.79965;4.8341236;233.0;2026-10-07T19:00;3.3;31.0;189.0;18.3;0.5;97.0;87.0;20.0;75.0;97.0;17.2;990.8;0.0;;
2026-09-29T06:15:00+02:00;2026-09-29T12:42:44+02:00;lyon;IFS;45.79965;4.8341236;233.0;2026-10-07T20:00;1.9;31.0;229.0;17.6;0.5;98.0;90.0;25.0;73.0;98.0;17.1;991.1;0.0;;
2026-09-29T06:15:00+02:00;2026-09-29T12:42:44+02:00;lyon;IFS;45.79965;4.8341236;233.0;2026-10-07T21:00;2.4;31.0;306.0;17.2;0.3;99.0;93.0;30.0;68.0;99.0;17.0;991.3;0.0;;
2026-09-29T06:15:00+02:00;2026-09-29T12:42:44+02:00;lyon;IFS;45.79965;4.8341236;233.0;2026-10-07T22:00;5.3;31.3;336.0;17.0;0.3;99.0;95.0;36.0;60.0;99.0;16.8;991.5;0.0;;
2026-09-29T06:15:00+02:00;2026-09-29T12:42:44+02:00;lyon;IFS;45.79965;4.8341236;233.0;2026-10-07T23:00;8.8;31.7;345.0;16.9;0.3;100.0;97.0;43.0;51.0;100.0;16.6;991.8;0.0;;
2026-09-29T06:15:00+02:00;2026-09-29T12:42:44+02:00;lyon;IFS;45.79965;4.8341236;233.0;2026-10-08T00:00;12.3;32.0;349.0;16.8;0.3;100.0;98.0;48.0;41.0;100.0;16.3;992.0;0.0;;
2026-09-29T06:15:00+02:00;2026-09-29T12:42:44+02:00;lyon;IFS;45.79965;4.8341236;233.0;2026-10-08T01:00;15.0;32.4;350.0;16.7;0.3;100.0;99.0;51.0;33.0;100.0;16.0;992.2;0.0;;
2026-09-29T06:15:00+02:00;2026-09-29T12:42:44+02:00;lyon;IFS;45.79965;4.8341236;233.0;2026-10-08T02:00;16.8;32.8;351.0;16.4;0.3;100.0;100.0;51.0;26.0;100.0;15.6;992.5;0.0;;
2026-09-29T06:15:00+02:00;2026-09-29T12:42:44+02:00;lyon;IFS;45.79965;4.8341236;233.0;2026-10-08T03:00;17.2;32.8;350.0;15.8;0.0;100.0;100.0;46.0;20.0;100.0;15.1;992.7;0.0;;
2026-09-29T06:15:00+02:00;2026-09-29T12:42:44+02:00;lyon;IFS;45.79965;4.8341236;233.0;2026-10-08T04:00;16.5;32.8;347.0;15.1;0.0;100.0;100.0;38.0;14.0;100.0;14.4;993.1;0.0;;
2026-09-29T06:15:00+02:00;2026-09-29T12:42:44+02:00;lyon;IFS;45.79965;4.8341236;233.0;2026-10-08T05:00;15.4;32.8;344.0;14.3;0.0;100.0;100.0;27.0;9.0;100.0;13.7;993.4;0.0;;
2026-09-29T06:15:00+02:00;2026-09-29T12:42:44+02:00;lyon;IFS;45.79965;4.8341236;233.0;2026-10-08T06:00;13.8;32.8;339.0;13.6;0.0;99.0;100.0;16.0;6.0;100.0;12.9;993.7;0.0;;
2026-09-29T06:15:00+02:00;2026-09-29T12:42:44+02:00;lyon;IFS;45.79965;4.8341236;233.0;2026-10-08T07:00;12.8;33.1;336.0;13.0;0.0;99.0;99.0;6.0;5.0;99.0;12.3;993.9;0.0;;
2026-09-29T06:15:00+02:00;2026-09-29T12:42:44+02:00;lyon;IFS;45.79965;4.8341236;233.0;2026-10-08T08:00;12.2;33.1;334.0;12.8;0.0;99.0;99.0;0.0;8.0;99.0;11.8;994.2;0.0;;
2026-09-29T06:15:00+02:00;2026-09-29T12:42:44+02:00;lyon;IFS;45.79965;4.8341236;233.0;2026-10-08T09:00;12.2;33.5;336.0;13.1;0.0;99.0;100.0;0.0;17.0;100.0;11.5;994.5;0.0;;
2026-09-29T06:15:00+02:00;2026-09-29T12:42:44+02:00;lyon;IFS;45.79965;4.8341236;233.0;2026-10-08T10:00;12.5;33.8;340.0;13.7;0.0;100.0;100.0;0.0;31.0;100.0;11.4;994.8;0.0;;
2026-09-29T06:15:00+02:00;2026-09-29T12:42:44+02:00;lyon;IFS;45.79965;4.8341236;233.0;2026-10-08T11:00;13.1;34.6;344.0;14.5;0.0;100.0;100.0;0.0;48.0;100.0;11.3;995.1;0.0;;
2026-09-29T06:15:00+02:00;2026-09-29T12:42:44+02:00;lyon;IFS;45.79965;4.8341236;233.0;2026-10-08T12:00;13.8;34.9;349.0;15.4;0.0;100.0;100.0;0.0;65.0;100.0;11.3;995.3;0.0;;
2026-09-29T06:15:00+02:00;2026-09-29T12:42:44+02:00;lyon;IFS;45.79965;4.8341236;233.0;2026-10-08T13:00;14.4;35.3;352.0;16.1;0.0;100.0;100.0;0.0;79.0;100.0;11.3;995.5;0.0;;
2026-09-29T06:15:00+02:00;2026-09-29T12:42:44+02:00;lyon;IFS;45.79965;4.8341236;233.0;2026-10-08T14:00;14.5;35.6;354.0;16.5;0.0;100.0;100.0;0.0;88.0;100.0;11.2;995.6;0.0;;
2026-09-29T06:15:00+02:00;2026-09-29T12:42:44+02:00;lyon;IFS;45.79965;4.8341236;233.0;2026-10-08T15:00;14.1;35.6;353.0;16.6;0.0;97.0;89.0;0.0;91.0;97.0;11.2;995.6;0.0;;
2026-09-29T06:15:00+02:00;2026-09-29T12:42:44+02:00;lyon;IFS;45.79965;4.8341236;233.0;2026-10-08T16:00;13.5;36.0;352.0;16.6;0.0;93.0;74.0;0.0;89.0;93.0;11.1;995.6;0.0;;
2026-09-29T06:15:00+02:00;2026-09-29T12:42:44+02:00;lyon;IFS;45.79965;4.8341236;233.0;2026-10-08T17:00;12.7;36.0;349.0;16.4;0.0;88.0;56.0;0.0;85.0;88.0;11.1;995.5;0.0;;
2026-09-29T06:15:00+02:00;2026-09-29T12:42:44+02:00;lyon;IFS;45.79965;4.8341236;233.0;2026-10-08T18:00;11.7;35.6;345.0;16.1;0.0;83.0;38.0;0.0;80.0;83.0;11.1;995.4;0.0;;
2026-09-29T06:15:00+02:00;2026-09-29T12:42:44+02:00;lyon;IFS;45.79965;4.8341236;233.0;2026-10-08T19:00;11.0;35.3;341.0;15.8;0.0;79.0;22.0;0.0;76.0;79.0;10.9;995.4;0.0;;
2026-09-29T06:15:00+02:00;2026-09-29T12:42:44+02:00;lyon;IFS;45.79965;4.8341236;233.0;2026-10-08T20:00;10.6;34.9;337.0;15.3;0.0;77.0;11.0;0.0;74.0;77.0;10.7;995.3;0.0;;
2026-09-29T06:15:00+02:00;2026-09-29T12:42:44+02:00;lyon;IFS;45.79965;4.8341236;233.0;2026-10-08T21:00;10.5;34.2;333.0;14.8;0.0;76.0;5.0;0.0;74.0;76.0;10.4;995.4;0.0;;
2026-09-29T06:15:00+02:00;2026-09-29T12:42:44+02:00;lyon;IFS;45.79965;4.8341236;233.0;2026-10-08T22:00;10.6;33.1;330.0;14.0;0.0;77.0;1.0;0.0;76.0;77.0;9.9;995.5;0.0;;
2026-09-29T06:15:00+02:00;2026-09-29T12:42:44+02:00;lyon;IFS;45.79965;4.8341236;233.0;2026-10-08T23:00;10.8;31.7;328.0;13.2;0.0;79.0;0.0;0.0;78.0;79.0;9.4;995.6;0.0;;
2026-09-29T06:15:00+02:00;2026-09-29T12:42:44+02:00;hyeres;IFS;43.128292;6.1698956;24.0;2026-09-29T00:00;8.1;15.5;18.0;19.7;0.0;84.0;0.0;0.0;84.0;84.0;14.9;1018.5;0.0;4060.0;ICON
2026-09-29T06:15:00+02:00;2026-09-29T12:42:44+02:00;hyeres;IFS;43.128292;6.1698956;24.0;2026-09-29T01:00;8.3;15.1;14.0;19.0;0.0;94.0;0.0;0.0;94.0;94.0;15.1;1018.6;0.0;4030.0;ICON
2026-09-29T06:15:00+02:00;2026-09-29T12:42:44+02:00;hyeres;IFS;43.128292;6.1698956;24.0;2026-09-29T02:00;7.5;15.5;10.0;17.7;0.0;97.0;0.0;0.0;97.0;97.0;14.5;1018.9;0.0;4040.0;ICON
2026-09-29T06:15:00+02:00;2026-09-29T12:42:44+02:00;hyeres;IFS;43.128292;6.1698956;24.0;2026-09-29T03:00;9.3;16.6;8.0;17.4;0.0;98.0;0.0;0.0;98.0;98.0;14.3;1018.9;0.0;4030.0;ICON
2026-09-29T06:15:00+02:00;2026-09-29T12:42:44+02:00;hyeres;IFS;43.128292;6.1698956;24.0;2026-09-29T04:00;9.6;18.0;5.0;17.1;0.0;99.0;0.0;0.0;99.0;99.0;14.1;1018.6;0.0;4020.0;ICON
2026-09-29T06:15:00+02:00;2026-09-29T12:42:44+02:00;hyeres;IFS;43.128292;6.1698956;24.0;2026-09-29T05:00;9.2;17.6;2.0;17.0;0.0;99.0;0.0;0.0;99.0;99.0;14.1;1018.5;0.0;3980.0;ICON
2026-09-29T06:15:00+02:00;2026-09-29T12:42:44+02:00;hyeres;IFS;43.128292;6.1698956;24.0;2026-09-29T06:00;10.1;18.4;11.0;17.2;0.0;98.0;0.0;0.0;98.0;98.0;14.1;1018.2;0.0;3930.0;ICON
2026-09-29T06:15:00+02:00;2026-09-29T12:42:44+02:00;hyeres;IFS;43.128292;6.1698956;24.0;2026-09-29T07:00;9.2;18.4;7.0;17.1;0.0;100.0;0.0;0.0;100.0;100.0;14.2;1018.2;0.0;3910.0;ICON
2026-09-29T06:15:00+02:00;2026-09-29T12:42:44+02:00;hyeres;IFS;43.128292;6.1698956;24.0;2026-09-29T08:00;9.6;17.6;3.0;17.4;0.0;100.0;0.0;0.0;100.0;100.0;14.5;1018.6;0.0;3880.0;ICON
2026-09-29T06:15:00+02:00;2026-09-29T12:42:44+02:00;hyeres;IFS;43.128292;6.1698956;24.0;2026-09-29T09:00;9.4;18.4;13.0;20.1;0.0;99.0;0.0;0.0;99.0;99.0;15.3;1018.8;0.0;3910.0;ICON
2026-09-29T06:15:00+02:00;2026-09-29T12:42:44+02:00;hyeres;IFS;43.128292;6.1698956;24.0;2026-09-29T10:00;9.1;19.8;60.0;23.1;0.0;99.0;0.0;0.0;99.0;99.0;16.2;1019.1;0.0;3910.0;ICON
2026-09-29T06:15:00+02:00;2026-09-29T12:42:44+02:00;hyeres;IFS;43.128292;6.1698956;24.0;2026-09-29T11:00;17.5;37.8;92.0;24.9;0.0;99.0;0.0;0.0;99.0;99.0;15.9;1018.9;0.0;3940.0;ICON
2026-09-29T06:15:00+02:00;2026-09-29T12:42:44+02:00;hyeres;IFS;43.128292;6.1698956;24.0;2026-09-29T12:00;19.6;43.9;101.0;25.8;0.0;97.0;0.0;0.0;97.0;97.0;15.4;1019.1;0.0;3950.0;ICON
2026-09-29T06:15:00+02:00;2026-09-29T12:42:44+02:00;hyeres;IFS;43.128292;6.1698956;24.0;2026-09-29T13:00;19.8;44.6;105.0;26.2;0.0;97.0;0.0;0.0;97.0;97.0;15.7;1019.3;0.0;3960.0;ICON
2026-09-29T06:15:00+02:00;2026-09-29T12:42:44+02:00;hyeres;IFS;43.128292;6.1698956;24.0;2026-09-29T14:00;20.7;46.8;107.0;26.4;0.0;88.0;0.0;0.0;88.0;88.0;15.6;1019.2;0.0;3960.0;ICON
2026-09-29T06:15:00+02:00;2026-09-29T12:42:44+02:00;hyeres;IFS;43.128292;6.1698956;24.0;2026-09-29T15:00;21.1;47.5;105.0;26.1;0.0;78.0;0.0;0.0;78.0;78.0;16.0;1018.9;0.0;3930.0;ICON
2026-09-29T06:15:00+02:00;2026-09-29T12:42:44+02:00;hyeres;IFS;43.128292;6.1698956;24.0;2026-09-29T16:00;20.1;47.2;105.0;25.7;0.0;70.0;0.0;0.0;70.0;70.0;16.8;1018.9;0.0;3970.0;ICON
2026-09-29T06:15:00+02:00;2026-09-29T12:42:44+02:00;hyeres;IFS;43.128292;6.1698956;24.0;2026-09-29T17:00;19.4;44.6;103.0;25.0;0.0;98.0;0.0;0.0;98.0;98.0;17.5;1018.7;0.0;4070.0;ICON
2026-09-29T06:15:00+02:00;2026-09-29T12:42:44+02:00;hyeres;IFS;43.128292;6.1698956;24.0;2026-09-29T18:00;16.8;42.5;100.0;24.2;0.0;98.0;0.0;0.0;98.0;98.0;18.0;1018.9;0.0;4030.0;ICON
2026-09-29T06:15:00+02:00;2026-09-29T12:42:44+02:00;hyeres;IFS;43.128292;6.1698956;24.0;2026-09-29T19:00;14.7;36.0;98.0;23.3;0.0;98.0;1.0;0.0;98.0;98.0;18.4;1018.9;0.0;4000.0;ICON
2026-09-29T06:15:00+02:00;2026-09-29T12:42:44+02:00;hyeres;IFS;43.128292;6.1698956;24.0;2026-09-29T20:00;12.2;28.8;89.0;22.7;0.0;100.0;12.0;4.0;100.0;100.0;18.6;1019.3;0.0;4010.0;ICON
2026-09-29T06:15:00+02:00;2026-09-29T12:42:44+02:00;hyeres;IFS;43.128292;6.1698956;24.0;2026-09-29T21:00;11.9;23.8;72.0;22.3;0.0;100.0;1.0;10.0;100.0;100.0;18.4;1019.7;0.0;3970.0;ICON
2026-09-29T06:15:00+02:00;2026-09-29T12:42:44+02:00;hyeres;IFS;43.128292;6.1698956;24.0;2026-09-29T22:00;10.5;22.3;63.0;22.0;0.0;99.0;6.0;0.0;98.0;99.0;18.3;1019.9;0.0;4020.0;ICON
2026-09-29T06:15:00+02:00;2026-09-29T12:42:44+02:00;hyeres;IFS;43.128292;6.1698956;24.0;2026-09-29T23:00;10.8;19.8;58.0;21.5;0.0;88.0;9.0;2.0;86.0;88.0;18.5;1019.8;0.0;4010.0;ICON
2026-09-29T06:15:00+02:00;2026-09-29T12:42:44+02:00;hyeres;IFS;43.128292;6.1698956;24.0;2026-09-30T00:00;11.4;21.2;57.0;21.3;0.0;66.0;5.0;6.0;63.0;66.0;18.8;1019.8;0.0;3990.0;ICON
2026-09-29T06:15:00+02:00;2026-09-29T12:42:44+02:00;hyeres;IFS;43.128292;6.1698956;24.0;2026-09-30T01:00;10.7;20.9;57.0;21.0;0.0;38.0;11.0;28.0;2.0;38.0;19.0;1019.8;0.0;4000.0;ICON
2026-09-29T06:15:00+02:00;2026-09-29T12:42:44+02:00;hyeres;IFS;43.128292;6.1698956;24.0;2026-09-30T02:00;11.0;20.5;69.0;21.1;0.0;73.0;26.0;63.0;0.0;73.0;19.0;1019.6;0.0;4000.0;ICON
2026-09-29T06:15:00+02:00;2026-09-29T12:42:44+02:00;hyeres;IFS;43.128292;6.1698956;24.0;2026-09-30T03:00;12.3;23.0;76.0;21.6;0.0;47.0;24.0;12.0;20.0;47.0;19.1;1019.5;0.0;3980.0;ICON
2026-09-29T06:15:00+02:00;2026-09-29T12:42:44+02:00;hyeres;IFS;43.128292;6.1698956;24.0;2026-09-30T04:00;11.2;23.0;72.0;21.5;0.0;74.0;42.0;22.0;43.0;74.0;19.1;1019.5;0.0;4000.0;ICON
2026-09-29T06:15:00+02:00;2026-09-29T12:42:44+02:00;hyeres;IFS;43.128292;6.1698956;24.0;2026-09-30T05:00;12.0;22.3;73.0;21.6;0.0;77.0;30.0;29.0;55.0;77.0;19.1;1019.2;0.0;3920.0;ICON
2026-09-29T06:15:00+02:00;2026-09-29T12:42:44+02:00;hyeres;IFS;43.128292;6.1698956;24.0;2026-09-30T06:00;14.8;27.4;76.0;21.8;0.0;94.0;15.0;14.0;91.0;94.0;19.2;1018.9;0.0;3920.0;ICON
2026-09-29T06:15:00+02:00;2026-09-29T12:42:44+02:00;hyeres;IFS;43.128292;6.1698956;24.0;2026-09-30T07:00;15.1;28.4;72.0;21.7;0.0;91.0;12.0;23.0;88.0;91.0;19.2;1019.1;0.0;3860.0;ICON
2026-09-29T06:15:00+02:00;2026-09-29T12:42:44+02:00;hyeres;IFS;43.128292;6.1698956;24.0;2026-09-30T08:00;15.5;29.2;75.0;21.9;0.0;81.0;16.0;25.0;70.0;81.0;19.4;1019.4;0.0;3950.0;ICON
2026-09-29T06:15:00+02:00;2026-09-29T12:42:44+02:00;hyeres;IFS;43.128292;6.1698956;24.0;2026-09-30T09:00;14.1;30.2;85.0;23.2;0.0;80.0;14.0;44.0;62.0;80.0;19.2;1020.4;0.0;3940.0;ICON
2026-09-29T06:15:00+02:00;2026-09-29T12:42:44+02:00;hyeres;IFS;43.128292;6.1698956;24.0;2026-09-30T10:00;17.4;35.6;100.0;23.8;0.1;66.0;14.0;18.0;53.0;66.0;19.0;1020.6;0.0;3890.0;ICON
2026-09-29T06:15:00+02:00;2026-09-29T12:42:44+02:00;hyeres;IFS;43.128292;6.1698956;24.0;2026-09-30T11:00;19.6;43.6;101.0;24.7;0.3;85.0;8.0;16.0;82.0;85.0;18.6;1020.5;0.0;3840.0;ICON
2026-09-29T06:15:00+02:00;2026-09-29T12:42:44+02:00;hyeres;IFS;43.128292;6.1698956;24.0;2026-09-30T12:00;18.2;42.8;104.0;25.3;0.1;98.0;20.0;34.0;96.0;98.0;17.9;1020.7;0.0;3920.0;ICON
2026-09-29T06:15:00+02:00;2026-09-29T12:42:44+02:00;hyeres;IFS;43.128292;6.1698956;24.0;2026-09-30T13:00;19.1;42.8;106.0;25.5;0.0;93.0;27.0;29.0;88.0;93.0;17.7;1020.7;0.0;3930.0;ICON
2026-09-29T06:15:00+02:00;2026-09-29T12:42:44+02:00;hyeres;IFS;43.128292;6.1698956;24.0;2026-09-30T14:00;19.4;43.9;106.0;25.8;0.0;100.0;16.0;14.0;100.0;100.0;17.6;1020.2;0.0;3960.0;ICON
2026-09-29T06:15:00+02:00;2026-09-29T12:42:44+02:00;hyeres;IFS;43.128292;6.1698956;24.0;2026-09-30T15:00;20.2;44.6;109.0;25.6;0.0;99.0;27.0;23.0;99.0;99.0;17.9;1019.8;0.0;3990.0;ICON
2026-09-29T06:15:00+02:00;2026-09-29T12:42:44+02:00;hyeres;IFS;43.128292;6.1698956;24.0;2026-09-30T16:00;20.1;45.0;106.0;25.1;0.0;98.0;18.0;13.0;98.0;98.0;18.2;1019.6;0.0;3960.0;ICON
2026-09-29T06:15:00+02:00;2026-09-29T12:42:44+02:00;hyeres;IFS;43.128292;6.1698956;24.0;2026-09-30T17:00;18.2;43.9;104.0;24.8;0.0;97.0;13.0;10.0;96.0;97.0;18.3;1019.4;0.0;3960.0;ICON
2026-09-29T06:15:00+02:00;2026-09-29T12:42:44+02:00;hyeres;IFS;43.128292;6.1698956;24.0;2026-09-30T18:00;16.8;39.2;94.0;24.2;0.0;96.0;12.0;11.0;96.0;96.0;18.2;1019.1;0.0;3950.0;ICON
2026-09-29T06:15:00+02:00;2026-09-29T12:42:44+02:00;hyeres;IFS;43.128292;6.1698956;24.0;2026-09-30T19:00;15.5;35.6;89.0;23.6;0.0;99.0;13.0;11.0;98.0;99.0;18.2;1019.1;0.0;3940.0;ICON
2026-09-29T06:15:00+02:00;2026-09-29T12:42:44+02:00;hyeres;IFS;43.128292;6.1698956;24.0;2026-09-30T20:00;14.5;30.6;79.0;22.8;0.0;98.0;11.0;5.0;98.0;98.0;18.6;1019.3;0.0;3970.0;ICON
2026-09-29T06:15:00+02:00;2026-09-29T12:42:44+02:00;hyeres;IFS;43.128292;6.1698956;24.0;2026-09-30T21:00;12.6;28.1;73.0;22.3;0.0;98.0;25.0;4.0;97.0;98.0;19.1;1019.5;0.0;3950.0;ICON
2026-09-29T06:15:00+02:00;2026-09-29T12:42:44+02:00;hyeres;IFS;43.128292;6.1698956;24.0;2026-09-30T22:00;10.2;23.4;62.0;21.9;0.0;96.0;30.0;29.0;93.0;96.0;19.2;1019.9;0.0;3930.0;ICON
2026-09-29T06:15:00+02:00;2026-09-29T12:42:44+02:00;hyeres;IFS;43.128292;6.1698956;24.0;2026-09-30T23:00;10.7;19.4;54.0;21.6;0.0;99.0;16.0;43.0;99.0;99.0;19.1;1020.1;0.0;3870.0;ICON
2026-09-29T06:15:00+02:00;2026-09-29T12:42:44+02:00;hyeres;IFS;43.128292;6.1698956;24.0;2026-10-01T00:00;10.8;19.8;60.0;21.2;0.0;100.0;23.0;31.0;100.0;100.0;19.1;1020.1;0.0;3830.0;ICON
2026-09-29T06:15:00+02:00;2026-09-29T12:42:44+02:00;hyeres;IFS;43.128292;6.1698956;24.0;2026-10-01T01:00;11.4;20.9;61.0;21.0;0.0;98.0;23.0;9.0;97.0;98.0;19.0;1019.9;0.0;3790.0;ICON
2026-09-29T06:15:00+02:00;2026-09-29T12:42:44+02:00;hyeres;IFS;43.128292;6.1698956;24.0;2026-10-01T02:00;8.2;20.5;49.0;20.8;0.0;99.0;23.0;29.0;98.0;99.0;19.0;1020.0;0.0;3810.0;ICON
2026-09-29T06:15:00+02:00;2026-09-29T12:42:44+02:00;hyeres;IFS;43.128292;6.1698956;24.0;2026-10-01T03:00;9.0;15.8;46.0;20.6;0.0;99.0;19.0;23.0;98.0;99.0;18.7;1019.8;0.0;3810.0;ICON
2026-09-29T06:15:00+02:00;2026-09-29T12:42:44+02:00;hyeres;IFS;43.128292;6.1698956;24.0;2026-10-01T04:00;9.2;16.6;45.0;20.7;0.0;100.0;29.0;91.0;100.0;100.0;18.7;1019.6;0.0;3790.0;ICON
2026-09-29T06:15:00+02:00;2026-09-29T12:42:44+02:00;hyeres;IFS;43.128292;6.1698956;24.0;2026-10-01T05:00;8.7;16.6;45.0;20.8;0.0;100.0;16.0;100.0;100.0;100.0;18.5;1019.4;0.0;3790.0;ICON
2026-09-29T06:15:00+02:00;2026-09-29T12:42:44+02:00;hyeres;IFS;43.128292;6.1698956;24.0;2026-10-01T06:00;10.5;18.7;61.0;21.1;0.0;100.0;3.0;100.0;98.0;100.0;18.4;1019.5;0.0;3810.0;ICON
2026-09-29T06:15:00+02:00;2026-09-29T12:42:44+02:00;hyeres;IFS;43.128292;6.1698956;24.0;2026-10-01T07:00;11.4;20.5;64.0;21.2;0.0;100.0;9.0;100.0;91.0;100.0;18.5;1019.8;0.0;3830.0;ICON
2026-09-29T06:15:00+02:00;2026-09-29T12:42:44+02:00;hyeres;IFS;43.128292;6.1698956;24.0;2026-10-01T08:00;11.3;21.6;63.0;21.4;0.0;100.0;18.0;72.0;99.0;100.0;18.6;1020.2;0.0;3880.0;ICON
2026-09-29T06:15:00+02:00;2026-09-29T12:42:44+02:00;hyeres;IFS;43.128292;6.1698956;24.0;2026-10-01T09:00;11.4;23.8;67.0;22.4;0.0;100.0;22.0;87.0;100.0;100.0;18.3;1020.7;0.0;3840.0;ICON
2026-09-29T06:15:00+02:00;2026-09-29T12:42:44+02:00;hyeres;IFS;43.128292;6.1698956;24.0;2026-10-01T10:00;8.8;24.1;109.0;22.7;0.2;100.0;21.0;100.0;100.0;100.0;18.1;1021.1;0.0;3630.0;ICON
2026-09-29T06:15:00+02:00;2026-09-29T12:42:44+02:00;hyeres;IFS;43.128292;6.1698956;24.0;2026-10-01T11:00;9.9;20.2;119.0;21.9;1.1;100.0;6.0;48.0;100.0;100.0;19.4;1021.2;0.0;3930.0;ICON
2026-09-29T06:15:00+02:00;2026-09-29T12:42:44+02:00;hyeres;IFS;43.128292;6.1698956;24.0;2026-10-01T12:00;12.1;27.7;96.0;24.1;0.1;100.0;6.0;10.0;100.0;100.0;17.8;1021.1;0.0;3920.0;ICON
2026-09-29T06:15:00+02:00;2026-09-29T12:42:44+02:00;hyeres;IFS;43.128292;6.1698956;24.0;2026-10-01T13:00;9.7;28.1;117.0;23.3;0.3;100.0;11.0;100.0;100.0;100.0;17.6;1021.2;0.0;3920.0;ICON
2026-09-29T06:15:00+02:00;2026-09-29T12:42:44+02:00;hyeres;IFS;43.128292;6.1698956;24.0;2026-10-01T14:00;5.6;21.6;111.0;21.9;1.6;100.0;6.0;100.0;100.0;100.0;20.2;1021.2;0.0;3960.0;ICON
2026-09-29T06:15:00+02:00;2026-09-29T12:42:44+02:00;hyeres;IFS;43.128292;6.1698956;24.0;2026-10-01T15:00;5.6;11.2;135.0;21.5;1.2;100.0;1.0;100.0;100.0;100.0;20.5;1020.8;0.0;3820.0;ICON
2026-09-29T06:15:00+02:00;2026-09-29T12:42:44+02:00;hyeres;IFS;43.128292;6.1698956;24.0;2026-10-01T16:00;11.1;25.6;132.0;20.1;1.0;100.0;1.0;100.0;100.0;100.0;19.7;1020.7;0.0;3850.0;ICON
2026-09-29T06:15:00+02:00;2026-09-29T12:42:44+02:00;hyeres;IFS;43.128292;6.1698956;24.0;2026-10-01T17:00;3.8;19.8;79.0;20.1;1.8;100.0;0.0;91.0;100.0;100.0;19.6;1020.6;0.0;3920.0;ICON
2026-09-29T06:15:00+02:00;2026-09-29T12:42:44+02:00;hyeres;IFS;43.128292;6.1698956;24.0;2026-10-01T18:00;3.1;8.3;24.0;20.4;1.3;100.0;1.0;99.0;100.0;100.0;20.1;1020.7;0.0;4000.0;ICON
2026-09-29T06:15:00+02:00;2026-09-29T12:42:44+02:00;hyeres;IFS;43.128292;6.1698956;24.0;2026-10-01T19:00;2.5;7.2;30.0;20.5;0.3;100.0;8.0;100.0;100.0;100.0;20.3;1020.9;0.0;4000.0;ICON
2026-09-29T06:15:00+02:00;2026-09-29T12:42:44+02:00;hyeres;IFS;43.128292;6.1698956;24.0;2026-10-01T20:00;3.4;5.8;16.0;20.2;0.1;100.0;13.0;100.0;100.0;100.0;20.0;1021.4;0.0;3900.0;ICON
2026-09-29T06:15:00+02:00;2026-09-29T12:42:44+02:00;hyeres;IFS;43.128292;6.1698956;24.0;2026-10-01T21:00;5.1;9.4;17.0;20.0;0.2;100.0;1.0;100.0;100.0;100.0;19.8;1021.7;0.0;3930.0;ICON
2026-09-29T06:15:00+02:00;2026-09-29T12:42:44+02:00;hyeres;IFS;43.128292;6.1698956;24.0;2026-10-01T22:00;5.2;9.4;360.0;19.9;0.1;100.0;0.0;100.0;95.0;100.0;19.4;1021.9;0.0;3870.0;ICON
2026-09-29T06:15:00+02:00;2026-09-29T12:42:44+02:00;hyeres;IFS;43.128292;6.1698956;24.0;2026-10-01T23:00;6.4;10.8;10.0;19.7;0.0;100.0;0.0;100.0;89.0;100.0;19.2;1022.1;0.0;3850.0;ICON
2026-09-29T06:15:00+02:00;2026-09-29T12:42:44+02:00;hyeres;IFS;43.128292;6.1698956;24.0;2026-10-02T00:00;7.0;11.9;359.0;19.6;0.0;100.0;2.0;100.0;94.0;100.0;18.9;1022.1;0.0;3870.0;ICON
2026-09-29T06:15:00+02:00;2026-09-29T12:42:44+02:00;hyeres;IFS;43.128292;6.1698956;24.0;2026-10-02T01:00;8.8;14.8;351.0;19.3;0.0;100.0;6.0;100.0;98.0;100.0;18.6;1022.2;0.0;3690.0;ICON
2026-09-29T06:15:00+02:00;2026-09-29T12:42:44+02:00;hyeres;IFS;43.128292;6.1698956;24.0;2026-10-02T02:00;10.1;17.6;355.0;18.9;0.0;100.0;5.0;100.0;91.0;100.0;18.1;1022.1;0.0;3680.0;ICON
2026-09-29T06:15:00+02:00;2026-09-29T12:42:44+02:00;hyeres;IFS;43.128292;6.1698956;24.0;2026-10-02T03:00;10.3;18.0;359.0;18.8;0.0;100.0;9.0;100.0;96.0;100.0;17.7;1022.1;0.0;3700.0;ICON
2026-09-29T06:15:00+02:00;2026-09-29T12:42:44+02:00;hyeres;IFS;43.128292;6.1698956;24.0;2026-10-02T04:00;9.4;18.4;1.0;18.9;0.0;100.0;0.0;99.0;98.0;100.0;17.2;1021.8;0.0;3760.0;ICON
2026-09-29T06:15:00+02:00;2026-09-29T12:42:44+02:00;hyeres;IFS;43.128292;6.1698956;24.0;2026-10-02T05:00;8.2;16.2;351.0;18.7;0.0;100.0;1.0;99.0;96.0;100.0;16.8;1021.8;0.0;3830.0;ICON
2026-09-29T06:15:00+02:00;2026-09-29T12:42:44+02:00;hyeres;IFS;43.128292;6.1698956;24.0;2026-10-02T06:00;8.2;14.8;346.0;18.6;0.0;100.0;0.0;99.0;94.0;100.0;16.6;1021.8;0.0;3870.0;ICON
2026-09-29T06:15:00+02:00;2026-09-29T12:42:44+02:00;hyeres;IFS;43.128292;6.1698956;24.0;2026-10-02T07:00;8.4;15.1;350.0;18.7;0.0;98.0;0.0;95.0;57.0;98.0;16.5;1022.2;0.0;3680.0;ICON
2026-09-29T06:15:00+02:00;2026-09-29T12:42:44+02:00;hyeres;IFS;43.128292;6.1698956;24.0;2026-10-02T08:00;10.4;19.4;349.0;18.7;0.0;50.0;8.0;23.0;34.0;50.0;16.3;1022.7;0.0;3580.0;ICON
2026-09-29T06:15:00+02:00;2026-09-29T12:42:44+02:00;hyeres;IFS;43.128292;6.1698956;24.0;2026-10-02T09:00;9.2;19.8;2.0;19.9;0.0;88.0;0.0;51.0;76.0;88.0;16.4;1023.1;0.0;3660.0;ICON
2026-09-29T06:15:00+02:00;2026-09-29T12:42:44+02:00;hyeres;IFS;43.128292;6.1698956;24.0;2026-10-02T10:00;7.4;17.3;3.0;21.7;0.0;99.0;0.0;99.0;38.0;99.0;16.9;1023.4;0.0;3670.0;ICON
2026-09-29T06:15:00+02:00;2026-09-29T12:42:44+02:00;hyeres;IFS;43.128292;6.1698956;24.0;2026-10-02T11:00;6.8;16.2;32.0;23.0;0.0;98.0;0.0;97.0;47.0;98.0;16.4;1023.8;0.0;3710.0;ICON
2026-09-29T06:15:00+02:00;2026-09-29T12:42:44+02:00;hyeres;IFS;43.128292;6.1698956;24.0;2026-10-02T12:00;8.3;19.4;57.0;23.9;0.0;99.0;1.0;98.0;76.0;99.0;16.7;1023.8;0.0;3750.0;ICON
2026-09-29T06:15:00+02:00;2026-09-29T12:42:44+02:00;hyeres;IFS;43.128292;6.1698956;24.0;2026-10-02T13:00;10.6;23.8;75.0;24.5;0.0;100.0;2.0;46.0;100.0;100.0;16.5;1023.6;0.0;3840.0;ICON
2026-09-29T06:15:00+02:00;2026-09-29T12:42:44+02:00;hyeres;IFS;43.128292;6.1698956;24.0;2026-10-02T14:00;11.4;27.4;86.0;25.2;0.0;100.0;1.0;52.0;100.0;100.0;15.9;1023.3;0.0;3780.0;ICON
2026-09-29T06:15:00+02:00;2026-09-29T12:42:44+02:00;hyeres;IFS;43.128292;6.1698956;24.0;2026-10-02T15:00;10.6;26.6;90.0;25.2;0.0;100.0;0.0;30.0;100.0;100.0;15.4;1022.8;0.0;3770.0;ICON
2026-09-29T06:15:00+02:00;2026-09-29T12:42:44+02:00;hyeres;IFS;43.128292;6.1698956;24.0;2026-10-02T16:00;10.5;24.5;95.0;24.9;0.0;96.0;0.0;21.0;95.0;96.0;15.3;1022.4;0.0;3760.0;ICON
2026-09-29T06:15:00+02:00;2026-09-29T12:42:44+02:00;hyeres;IFS;43.128292;6.1698956;24.0;2026-10-02T17:00;10.1;24.1;96.0;24.7;0.0;94.0;0.0;25.0;92.0;94.0;15.4;1022.2;0.0;3750.0;ICON
2026-09-29T06:15:00+02:00;2026-09-29T12:42:44+02:00;hyeres;IFS;43.128292;6.1698956;24.0;2026-10-02T18:00;8.5;22.7;97.0;23.9;0.0;98.0;0.0;38.0;97.0;98.0;16.0;1022.1;0.0;3740.0;ICON
2026-09-29T06:15:00+02:00;2026-09-29T12:42:44+02:00;hyeres;IFS;43.128292;6.1698956;24.0;2026-10-02T19:00;7.3;17.6;99.0;22.6;0.0;88.0;0.0;19.0;86.0;88.0;17.1;1022.2;0.0;3730.0;ICON
2026-09-29T06:15:00+02:00;2026-09-29T12:42:44+02:00;hyeres;IFS;43.128292;6.1698956;24.0;2026-10-02T20:00;5.0;13.7;69.0;21.5;0.0;46.0;0.0;5.0;43.0;46.0;17.5;1022.5;0.0;3720.0;ICON
2026-09-29T06:15:00+02:00;2026-09-29T12:42:44+02:00;hyeres;IFS;43.128292;6.1698956;24.0;2026-10-02T21:00;4.4;12.6;38.0;20.4;0.0;36.0;0.0;3.0;33.0;36.0;17.2;1022.6;0.0;3720.0;ICON
2026-09-29T06:15:00+02:00;2026-09-29T12:42:44+02:00;hyeres;IFS;43.128292;6.1698956;24.0;2026-10-02T22:00;5.4;12.6;6.0;19.3;0.0;29.0;0.0;2.0;27.0;29.0;16.6;1022.8;0.0;3710.0;ICON
2026-09-29T06:15:00+02:00;2026-09-29T12:42:44+02:00;hyeres;IFS;43.128292;6.1698956;24.0;2026-10-02T23:00;7.2;13.3;354.0;18.4;0.0;27.0;0.0;2.0;25.0;27.0;16.1;1022.9;0.0;3710.0;ICON
2026-09-29T06:15:00+02:00;2026-09-29T12:42:44+02:00;hyeres;IFS;43.128292;6.1698956;24.0;2026-10-03T00:00;8.7;14.8;355.0;18.0;0.0;32.0;1.0;2.0;30.0;32.0;16.0;1022.9;0.0;3720.0;ICON
2026-09-29T06:15:00+02:00;2026-09-29T12:42:44+02:00;hyeres;IFS;43.128292;6.1698956;24.0;2026-10-03T01:00;9.7;16.9;360.0;18.0;0.0;41.0;2.0;2.0;38.0;41.0;16.1;1022.8;0.0;3720.0;ICON
2026-09-29T06:15:00+02:00;2026-09-29T12:42:44+02:00;hyeres;IFS;43.128292;6.1698956;24.0;2026-10-03T02:00;10.5;18.7;3.0;17.9;0.0;48.0;3.0;3.0;45.0;48.0;16.0;1022.6;0.0;3730.0;ICON
2026-09-29T06:15:00+02:00;2026-09-29T12:42:44+02:00;hyeres;IFS;43.128292;6.1698956;24.0;2026-10-03T03:00;10.1;19.1;3.0;17.7;0.0;50.0;5.0;5.0;45.0;50.0;15.5;1022.4;0.0;3730.0;ICON
2026-09-29T06:15:00+02:00;2026-09-29T12:42:44+02:00;hyeres;IFS;43.128292;6.1698956;24.0;2026-10-03T04:00;9.4;19.1;2.0;17.5;0.0;50.0;6.0;8.0;44.0;50.0;15.0;1022.2;0.0;3740.0;ICON
2026-09-29T06:15:00+02:00;2026-09-29T12:42:44+02:00;hyeres;IFS;43.128292;6.1698956;24.0;2026-10-03T05:00;8.8;19.1;2.0;17.5;0.0;54.0;7.0;9.0;47.0;54.0;14.6;1022.0;0.0;3740.0;ICON
2026-09-29T06:15:00+02:00;2026-09-29T12:42:44+02:00;hyeres;IFS;43.128292;6.1698956;24.0;2026-10-03T06:00;9.7;18.4;3.0;17.5;0.0;67.0;5.0;7.0;61.0;67.0;14.4;1021.9;0.0;3700.0;ICON
2026-09-29T06:15:00+02:00;2026-09-29T12:42:44+02:00;hyeres;IFS;43.128292;6.1698956;24.0;2026-10-03T07:00;10.9;17.6;6.0;17.6;0.0;83.0;3.0;4.0;81.0;83.0;14.4;1022.0;0.0;3660.0;ICON
2026-09-29T06:15:00+02:00;2026-09-29T12:42:44+02:00;hyeres;IFS;43.128292;6.1698956;24.0;2026-10-03T08:00;10.0;18.4;13.0;18.2;0.0;95.0;3.0;5.0;94.0;95.0;14.7;1022.1;0.0;3620.0;ICON
2026-09-29T06:15:00+02:00;2026-09-29T12:42:44+02:00;hyeres;IFS;43.128292;6.1698956;24.0;2026-10-03T09:00;6.0;22.0;46.0;19.8;0.0;100.0;10.0;18.0;97.0;100.0;15.5;1022.5;0.0;3650.0;ICON
2026-09-29T06:15:00+02:00;2026-09-29T12:42:44+02:00;hyeres;IFS;43.128292;6.1698956;24.0;2026-10-03T10:00;8.0;27.0;115.0;21.9;0.0;100.0;20.0;35.0;94.0;100.0;16.6;1023.2;0.0;3690.0;ICON
2026-09-29T06:15:00+02:00;2026-09-29T12:42:44+02:00;hyeres;IFS;43.128292;6.1698956;24.0;2026-10-03T11:00;12.9;31.0;134.0;23.6;0.0;93.0;25.0;43.0;84.0;93.0;17.5;1023.5;0.0;3720.0;ICON
2026-09-29T06:15:00+02:00;2026-09-29T12:42:44+02:00;hyeres;IFS;43.128292;6.1698956;24.0;2026-10-03T12:00;14.3;32.0;136.0;24.4;0.1;67.0;19.0;33.0;60.0;67.0;17.8;1023.3;0.0;3720.0;ICON
2026-09-29T06:15:00+02:00;2026-09-29T12:42:44+02:00;hyeres;IFS;43.128292;6.1698956;24.0;2026-10-03T13:00;13.4;32.0;133.0;24.7;0.1;32.0;9.0;14.0;28.0;32.0;17.7;1022.9;0.0;3720.0;ICON
2026-09-29T06:15:00+02:00;2026-09-29T12:42:44+02:00;hyeres;IFS;43.128292;6.1698956;24.0;2026-10-03T14:00;12.5;31.7;133.0;24.8;0.1;10.0;2.0;1.0;7.0;10.0;17.7;1022.5;0.0;3720.0;ICON
2026-09-29T06:15:00+02:00;2026-09-29T12:42:44+02:00;hyeres;IFS;43.128292;6.1698956;24.0;2026-10-03T15:00;12.1;32.0;138.0;24.5;0.1;12.0;5.0;1.0;6.0;12.0;17.7;1022.2;0.0;3690.0;ICON
2026-09-29T06:15:00+02:00;2026-09-29T12:42:44+02:00;hyeres;IFS;43.128292;6.1698956;24.0;2026-10-03T16:00;11.6;32.0;147.0;23.9;0.1;27.0;12.0;6.0;15.0;27.0;17.7;1021.9;0.0;3660.0;ICON
2026-09-29T06:15:00+02:00;2026-09-29T12:42:44+02:00;hyeres;IFS;43.128292;6.1698956;24.0;2026-10-03T17:00;10.3;31.3;153.0;23.2;0.1;45.0;16.0;9.0;30.0;45.0;17.8;1021.7;0.0;3630.0;ICON
2026-09-29T06:15:00+02:00;2026-09-29T12:42:44+02:00;hyeres;IFS;43.128292;6.1698956;24.0;2026-10-03T18:00;7.3;29.5;157.0;22.4;0.0;65.0;12.0;8.0;54.0;65.0;18.2;1021.7;0.0;3650.0;ICON
2026-09-29T06:15:00+02:00;2026-09-29T12:42:44+02:00;hyeres;IFS;43.128292;6.1698956;24.0;2026-10-03T19:00;3.2;26.6;161.0;21.6;0.0;88.0;5.0;5.0;83.0;88.0;18.6;1021.7;0.0;3680.0;ICON
2026-09-29T06:15:00+02:00;2026-09-29T12:42:44+02:00;hyeres;IFS;43.128292;6.1698956;24.0;2026-10-03T20:00;0.3;23.8;315.0;20.8;0.0;100.0;0.0;2.0;100.0;100.0;18.8;1021.7;0.0;3700.0;ICON
2026-09-29T06:15:00+02:00;2026-09-29T12:42:44+02:00;hyeres;IFS;43.128292;6.1698956;24.0;2026-10-03T21:00;2.8;19.8;349.0;19.9;0.0;95.0;0.0;1.0;96.0;96.0;18.5;1021.8;0.0;3690.0;ICON
2026-09-29T06:15:00+02:00;2026-09-29T12:42:44+02:00;hyeres;IFS;43.128292;6.1698956;24.0;2026-10-03T22:00;5.1;15.5;356.0;19.1;0.0;81.0;0.0;0.0;81.0;81.0;17.9;1022.0;0.0;3680.0;ICON
2026-09-29T06:15:00+02:00;2026-09-29T12:42:44+02:00;hyeres;IFS;43.128292;6.1698956;24.0;2026-10-03T23:00;6.7;12.6;358.0;18.4;0.0;66.0;0.0;0.0;65.0;66.0;17.3;1022.1;0.0;3670.0;ICON
2026-09-29T06:15:00+02:00;2026-09-29T12:42:44+02:00;hyeres;IFS;43.128292;6.1698956;24.0;2026-10-04T00:00;7.6;12.6;357.0;17.9;0.0;53.0;1.0;2.0;50.0;53.0;16.8;1022.1;0.0;3680.0;ICON
2026-09-29T06:15:00+02:00;2026-09-29T12:42:44+02:00;hyeres;IFS;43.128292;6.1698956;24.0;2026-10-04T01:00;8.1;14.4;357.0;17.5;0.0;39.0;2.0;6.0;34.0;39.0;16.3;1021.9;0.0;3680.0;ICON
2026-09-29T06:15:00+02:00;2026-09-29T12:42:44+02:00;hyeres;IFS;43.128292;6.1698956;24.0;2026-10-04T02:00;8.5;15.8;356.0;17.1;0.0;27.0;3.0;8.0;20.0;27.0;15.8;1021.8;0.0;3690.0;ICON
2026-09-29T06:15:00+02:00;2026-09-29T12:42:44+02:00;hyeres;IFS;43.128292;6.1698956;24.0;2026-10-04T03:00;8.8;16.6;355.0;16.8;0.0;17.0;2.0;7.0;11.0;17.0;15.3;1021.6;0.0;3700.0;ICON
2026-09-29T06:15:00+02:00;2026-09-29T12:42:44+02:00;hyeres;IFS;43.128292;6.1698956;24.0;2026-10-04T04:00;9.0;16.9;355.0;16.5;0.0;8.0;1.0;4.0;4.0;8.0;14.8;1021.3;0.0;3710.0;ICON
2026-09-29T06:15:00+02:00;2026-09-29T12:42:44+02:00;hyeres;IFS;43.128292;6.1698956;24.0;2026-10-04T05:00;9.2;17.3;354.0;16.2;0.0;2.0;0.0;2.0;0.0;2.0;14.3;1021.2;0.0;3720.0;ICON
2026-09-29T06:15:00+02:00;2026-09-29T12:42:44+02:00;hyeres;IFS;43.128292;6.1698956;24.0;2026-10-04T06:00;9.8;17.6;353.0;15.6;0.0;0.0;0.0;1.0;0.0;1.0;13.6;1021.2;0.0;3705.0;ICON
2026-09-29T06:15:00+02:00;2026-09-29T12:42:44+02:00;hyeres;IFS;43.128292;6.1698956;24.0;2026-10-04T07:00;10.4;17.6;351.0;15.0;0.0;1.0;1.0;1.0;0.0;1.0;13.0;1021.3;0.0;3695.0;ICON
2026-09-29T06:15:00+02:00;2026-09-29T12:42:44+02:00;hyeres;IFS;43.128292;6.1698956;24.0;2026-10-04T08:00;9.8;18.0;355.0;15.5;0.0;2.0;2.0;1.0;0.0;2.0;12.7;1021.5;0.0;3682.5;ICON
2026-09-29T06:15:00+02:00;2026-09-29T12:42:44+02:00;hyeres;IFS;43.128292;6.1698956;24.0;2026-10-04T09:00;7.2;18.0;13.0;18.0;0.0;2.0;2.0;1.0;0.0;2.0;13.2;1021.8;0.0;3490.0;ICON
2026-09-29T06:15:00+02:00;2026-09-29T12:42:44+02:00;hyeres;IFS;43.128292;6.1698956;24.0;2026-10-04T10:00;6.0;18.4;57.0;21.5;0.0;1.0;1.0;0.0;0.0;1.0;14.1;1022.1;0.0;3480.0;ICON
2026-09-29T06:15:00+02:00;2026-09-29T12:42:44+02:00;hyeres;IFS;43.128292;6.1698956;24.0;2026-10-04T11:00;7.9;19.4;91.0;24.3;0.0;1.0;0.0;0.0;0.0;1.0;14.8;1022.3;0.0;3480.0;ICON
2026-09-29T06:15:00+02:00;2026-09-29T12:42:44+02:00;hyeres;IFS;43.128292;6.1698956;24.0;2026-10-04T12:00;9.8;22.7;107.0;25.4;0.0;0.0;0.0;0.0;0.0;0.0;15.0;1022.2;0.0;3460.0;ICON
2026-09-29T06:15:00+02:00;2026-09-29T12:42:44+02:00;hyeres;IFS;43.128292;6.1698956;24.0;2026-10-04T13:00;11.4;26.6;118.0;25.7;0.0;0.0;0.0;0.0;0.0;0.0;14.9;1022.0;0.0;3440.0;ICON
2026-09-29T06:15:00+02:00;2026-09-29T12:42:44+02:00;hyeres;IFS;43.128292;6.1698956;24.0;2026-10-04T14:00;12.5;29.9;123.0;25.6;0.0;0.0;0.0;0.0;0.0;0.0;15.0;1021.7;0.0;3420.0;ICON
2026-09-29T06:15:00+02:00;2026-09-29T12:42:44+02:00;hyeres;IFS;43.128292;6.1698956;24.0;2026-10-04T15:00;13.1;31.7;123.0;25.4;0.0;6.0;0.0;0.0;6.0;6.0;15.1;1021.3;0.0;3440.0;ICON
2026-09-29T06:15:00+02:00;2026-09-29T12:42:44+02:00;hyeres;IFS;43.128292;6.1698956;24.0;2026-10-04T16:00;13.0;32.4;121.0;24.9;0.0;14.0;0.0;0.0;14.0;14.0;15.4;1020.8;0.0;3470.0;ICON
2026-09-29T06:15:00+02:00;2026-09-29T12:42:44+02:00;hyeres;IFS;43.128292;6.1698956;24.0;2026-10-04T17:00;11.8;32.4;117.0;24.2;0.0;24.0;0.0;0.0;24.0;24.0;15.6;1020.5;0.0;3490.0;ICON
2026-09-29T06:15:00+02:00;2026-09-29T12:42:44+02:00;hyeres;IFS;43.128292;6.1698956;24.0;2026-10-04T18:00;8.8;31.3;110.0;23.1;0.0;37.0;0.0;0.0;37.0;37.0;16.1;1020.4;0.0;3490.0;ICON
2026-09-29T06:15:00+02:00;2026-09-29T12:42:44+02:00;hyeres;IFS;43.128292;6.1698956;24.0;2026-10-04T19:00;5.4;29.2;88.0;21.8;0.0;52.0;0.0;1.0;51.0;52.0;16.6;1020.5;0.0;3500.0;ICON
2026-09-29T06:15:00+02:00;2026-09-29T12:42:44+02:00;hyeres;IFS;43.128292;6.1698956;24.0;2026-10-04T20:00;4.2;26.3;47.0;20.6;0.0;59.0;0.0;1.0;58.0;59.0;16.8;1020.5;0.0;3500.0;ICON
2026-09-29T06:15:00+02:00;2026-09-29T12:42:44+02:00;hyeres;IFS;43.128292;6.1698956;24.0;2026-10-04T21:00;4.8;21.6;22.0;19.4;0.0;51.0;0.0;1.0;50.0;51.0;16.4;1020.6;0.0;3560.0;ICON
2026-09-29T06:15:00+02:00;2026-09-29T12:42:44+02:00;hyeres;IFS;43.128292;6.1698956;24.0;2026-10-04T22:00;5.7;16.6;9.0;18.3;0.0;35.0;0.0;0.0;35.0;35.0;15.7;1020.7;0.0;3630.0;ICON
2026-09-29T06:15:00+02:00;2026-09-29T12:42:44+02:00;hyeres;IFS;43.128292;6.1698956;24.0;2026-10-04T23:00;6.5;13.0;3.0;17.3;0.0;24.0;0.0;0.0;24.0;24.0;15.1;1020.7;0.0;3690.0;ICON
2026-09-29T06:15:00+02:00;2026-09-29T12:42:44+02:00;hyeres;IFS;43.128292;6.1698956;24.0;2026-10-05T00:00;7.6;19.4;5.0;17.0;0.0;40.0;0.0;0.0;40.0;40.0;15.1;1020.1;0.0;3670.0;ICON
2026-09-29T06:15:00+02:00;2026-09-29T12:42:44+02:00;hyeres;IFS;43.128292;6.1698956;24.0;2026-10-05T01:00;8.5;18.0;4.0;16.3;0.0;35.0;0.0;0.0;34.0;35.0;14.5;1020.0;0.0;3640.0;ICON
2026-09-29T06:15:00+02:00;2026-09-29T12:42:44+02:00;hyeres;IFS;43.128292;6.1698956;24.0;2026-10-05T02:00;9.0;16.9;1.0;15.8;0.0;34.0;1.0;0.0;33.0;34.0;14.1;1019.9;0.0;3620.0;ICON
2026-09-29T06:15:00+02:00;2026-09-29T12:42:44+02:00;hyeres;IFS;43.128292;6.1698956;24.0;2026-10-05T03:00;9.5;16.6;360.0;15.4;0.0;38.0;3.0;0.0;36.0;38.0;13.7;1019.8;0.0;3660.0;ICON
2026-09-29T06:15:00+02:00;2026-09-29T12:42:44+02:00;hyeres;IFS;43.128292;6.1698956;24.0;2026-10-05T04:00;9.9;16.2;359.0;15.0;0.0;45.0;6.0;0.0;43.0;45.0;13.3;1019.7;0.0;3690.0;ICON
2026-09-29T06:15:00+02:00;2026-09-29T12:42:44+02:00;hyeres;IFS;43.128292;6.1698956;24.0;2026-10-05T05:00;10.1;16.2;358.0;14.8;0.0;54.0;9.0;0.0;51.0;54.0;12.9;1019.6;0.0;3730.0;ICON
2026-09-29T06:15:00+02:00;2026-09-29T12:42:44+02:00;hyeres;IFS;43.128292;6.1698956;24.0;2026-10-05T06:00;10.1;16.6;358.0;14.7;0.0;63.0;12.0;0.0;60.0;63.0;12.7;1019.6;0.0;3730.0;ICON
2026-09-29T06:15:00+02:00;2026-09-29T12:42:44+02:00;hyeres;IFS;43.128292;6.1698956;24.0;2026-10-05T07:00;9.5;17.3;359.0;14.9;0.0;71.0;14.0;0.0;67.0;71.0;12.6;1019.5;0.0;3740.0;ICON
2026-09-29T06:15:00+02:00;2026-09-29T12:42:44+02:00;hyeres;IFS;43.128292;6.1698956;24.0;2026-10-05T08:00;8.5;17.6;360.0;15.5;0.0;77.0;15.0;0.0;73.0;77.0;12.8;1019.4;0.0;3740.0;ICON
2026-09-29T06:15:00+02:00;2026-09-29T12:42:44+02:00;hyeres;IFS;43.128292;6.1698956;24.0;2026-10-05T09:00;6.5;18.4;3.0;16.6;0.0;80.0;14.0;0.0;76.0;80.0;13.3;1019.3;0.0;3730.0;ICON
2026-09-29T06:15:00+02:00;2026-09-29T12:42:44+02:00;hyeres;IFS;43.128292;6.1698956;24.0;2026-10-05T10:00;3.8;19.4;17.0;18.3;0.0;81.0;13.0;0.0;78.0;81.0;14.2;1019.3;0.0;3710.0;ICON
2026-09-29T06:15:00+02:00;2026-09-29T12:42:44+02:00;hyeres;IFS;43.128292;6.1698956;24.0;2026-10-05T11:00;1.8;20.5;84.0;20.3;0.0;81.0;10.0;0.0;78.0;81.0;15.3;1019.2;0.0;3700.0;ICON
2026-09-29T06:15:00+02:00;2026-09-29T12:42:44+02:00;hyeres;IFS;43.128292;6.1698956;24.0;2026-10-05T12:00;4.0;21.6;141.0;22.2;0.0;81.0;7.0;0.0;79.0;81.0;16.4;1019.2;0.0;3700.0;ICON
2026-09-29T06:15:00+02:00;2026-09-29T12:42:44+02:00;hyeres;IFS;43.128292;6.1698956;24.0;2026-10-05T13:00;6.4;22.3;153.0;23.7;0.0;81.0;5.0;0.0;80.0;81.0;17.3;1019.1;0.0;3700.0;ICON
2026-09-29T06:15:00+02:00;2026-09-29T12:42:44+02:00;hyeres;IFS;43.128292;6.1698956;24.0;2026-10-05T14:00;7.8;23.0;157.0;24.6;0.0;82.0;3.0;0.0;81.0;82.0;18.0;1019.0;0.0;3700.0;ICON
2026-09-29T06:15:00+02:00;2026-09-29T12:42:44+02:00;hyeres;IFS;43.128292;6.1698956;24.0;2026-10-05T15:00;7.9;23.4;160.0;24.8;0.0;84.0;2.0;0.0;84.0;84.0;18.4;1018.8;0.0;3690.0;ICON
2026-09-29T06:15:00+02:00;2026-09-29T12:42:44+02:00;hyeres;IFS;43.128292;6.1698956;24.0;2026-10-05T16:00;6.9;23.8;163.0;24.4;0.0;87.0;1.0;0.0;87.0;87.0;18.7;1018.6;0.0;3680.0;ICON
2026-09-29T06:15:00+02:00;2026-09-29T12:42:44+02:00;hyeres;IFS;43.128292;6.1698956;24.0;2026-10-05T17:00;5.5;23.8;169.0;23.7;0.0;90.0;1.0;0.0;90.0;90.0;18.8;1018.4;0.0;3670.0;ICON
2026-09-29T06:15:00+02:00;2026-09-29T12:42:44+02:00;hyeres;IFS;43.128292;6.1698956;24.0;2026-10-05T18:00;3.6;23.8;177.0;22.8;0.0;93.0;0.0;0.0;94.0;94.0;18.9;1018.2;0.0;3620.0;ICON
2026-09-29T06:15:00+02:00;2026-09-29T12:42:44+02:00;hyeres;IFS;43.128292;6.1698956;24.0;2026-10-05T19:00;2.1;23.4;200.0;21.9;0.0;96.0;0.0;0.0;96.0;96.0;18.8;1018.0;0.0;3560.0;ICON
2026-09-29T06:15:00+02:00;2026-09-29T12:42:44+02:00;hyeres;IFS;43.128292;6.1698956;24.0;2026-10-05T20:00;1.3;22.7;236.0;21.1;0.0;98.0;0.0;6.0;98.0;98.0;18.6;1017.8;0.0;3510.0;ICON
2026-09-29T06:15:00+02:00;2026-09-29T12:42:44+02:00;hyeres;IFS;43.128292;6.1698956;24.0;2026-10-05T21:00;1.1;21.6;288.0;20.4;0.0;99.0;0.0;18.0;99.0;99.0;18.2;1017.7;0.0;3520.0;ICON
2026-09-29T06:15:00+02:00;2026-09-29T12:42:44+02:00;hyeres;IFS;43.128292;6.1698956;24.0;2026-10-05T22:00;1.7;20.2;328.0;19.5;0.0;100.0;0.0;34.0;100.0;100.0;17.6;1017.6;0.0;3540.0;ICON
2026-09-29T06:15:00+02:00;2026-09-29T12:42:44+02:00;hyeres;IFS;43.128292;6.1698956;24.0;2026-10-05T23:00;2.8;18.7;349.0;18.5;0.0;100.0;0.0;53.0;100.0;100.0;16.9;1017.6;0.0;3550.0;ICON
2026-09-29T06:15:00+02:00;2026-09-29T12:42:44+02:00;hyeres;IFS;43.128292;6.1698956;24.0;2026-10-06T00:00;3.8;16.9;357.0;17.7;0.0;100.0;0.0;72.0;99.0;100.0;16.2;1017.6;0.0;3580.0;ICON
2026-09-29T06:15:00+02:00;2026-09-29T12:42:44+02:00;hyeres;IFS;43.128292;6.1698956;24.0;2026-10-06T01:00;4.7;15.5;2.0;16.9;0.0;100.0;0.0;88.0;97.0;100.0;15.5;1017.5;0.0;3620.0;ICON
2026-09-29T06:15:00+02:00;2026-09-29T12:42:44+02:00;hyeres;IFS;43.128292;6.1698956;24.0;2026-10-06T02:00;5.4;14.4;6.0;16.5;0.0;100.0;0.0;99.0;94.0;100.0;15.0;1017.5;0.0;3650.0;ICON
2026-09-29T06:15:00+02:00;2026-09-29T12:42:44+02:00;hyeres;IFS;43.128292;6.1698956;24.0;2026-10-06T03:00;6.0;13.7;5.0;16.2;0.0;100.0;2.0;100.0;88.0;100.0;14.6;1017.4;0.0;3620.0;ICON
2026-09-29T06:15:00+02:00;2026-09-29T12:42:44+02:00;hyeres;IFS;43.128292;6.1698956;24.0;2026-10-06T04:00;6.5;13.3;5.0;16.1;0.0;99.0;5.0;100.0;80.0;100.0;14.3;1017.3;0.0;3590.0;ICON
2026-09-29T06:15:00+02:00;2026-09-29T12:42:44+02:00;hyeres;IFS;43.128292;6.1698956;24.0;2026-10-06T05:00;6.8;13.0;3.0;16.2;0.0;98.0;8.0;100.0;70.0;100.0;14.0;1017.2;0.0;3560.0;ICON
2026-09-29T06:15:00+02:00;2026-09-29T12:42:44+02:00;hyeres;IFS;43.128292;6.1698956;24.0;2026-10-06T06:00;7.0;13.0;1.0;16.4;0.0;97.0;11.0;98.0;61.0;98.0;13.8;1017.0;0.0;3580.0;ICON
2026-09-29T06:15:00+02:00;2026-09-29T12:42:44+02:00;hyeres;IFS;43.128292;6.1698956;24.0;2026-10-06T07:00;7.0;13.0;4.0;16.8;0.0;96.0;13.0;94.0;54.0;96.0;13.7;1016.9;0.0;3610.0;ICON
2026-09-29T06:15:00+02:00;2026-09-29T12:42:44+02:00;hyeres;IFS;43.128292;6.1698956;24.0;2026-10-06T08:00;6.9;13.7;9.0;17.3;0.0;96.0;14.0;91.0;52.0;96.0;13.8;1016.9;0.0;3630.0;ICON
2026-09-29T06:15:00+02:00;2026-09-29T12:42:44+02:00;hyeres;IFS;43.128292;6.1698956;24.0;2026-10-06T09:00;6.6;14.8;21.0;18.2;0.0;96.0;13.0;90.0;55.0;96.0;14.0;1016.9;0.0;3640.0;ICON
2026-09-29T06:15:00+02:00;2026-09-29T12:42:44+02:00;hyeres;IFS;43.128292;6.1698956;24.0;2026-10-06T10:00;6.4;16.6;38.0;19.4;0.0;97.0;11.0;89.0;62.0;97.0;14.4;1017.0;0.0;3660.0;ICON
2026-09-29T06:15:00+02:00;2026-09-29T12:42:44+02:00;hyeres;IFS;43.128292;6.1698956;24.0;2026-10-06T11:00;7.0;18.4;58.0;20.8;0.0;97.0;8.0;88.0;72.0;97.0;15.0;1017.2;0.0;3670.0;ICON
2026-09-29T06:15:00+02:00;2026-09-29T12:42:44+02:00;hyeres;IFS;43.128292;6.1698956;24.0;2026-10-06T12:00;8.3;20.5;72.0;22.1;0.0;98.0;5.0;86.0;82.0;98.0;15.5;1017.3;0.0;3680.0;ICON
2026-09-29T06:15:00+02:00;2026-09-29T12:42:44+02:00;hyeres;IFS;43.128292;6.1698956;24.0;2026-10-06T13:00;9.8;22.3;82.0;23.3;0.0;99.0;3.0;84.0;91.0;99.0;16.1;1017.4;0.0;3690.0;ICON
2026-09-29T06:15:00+02:00;2026-09-29T12:42:44+02:00;hyeres;IFS;43.128292;6.1698956;24.0;2026-10-06T14:00;10.8;24.1;85.0;23.9;0.0;99.0;1.0;81.0;97.0;99.0;16.5;1017.4;0.0;3700.0;ICON
2026-09-29T06:15:00+02:00;2026-09-29T12:42:44+02:00;hyeres;IFS;43.128292;6.1698956;24.0;2026-10-06T15:00;11.4;25.6;85.0;24.1;0.0;100.0;0.0;77.0;100.0;100.0;16.9;1017.3;0.0;;
2026-09-29T06:15:00+02:00;2026-09-29T12:42:44+02:00;hyeres;IFS;43.128292;6.1698956;24.0;2026-10-06T16:00;11.6;27.0;85.0;23.9;0.0;100.0;0.0;72.0;100.0;100.0;17.3;1017.2;0.0;;
2026-09-29T06:15:00+02:00;2026-09-29T12:42:44+02:00;hyeres;IFS;43.128292;6.1698956;24.0;2026-10-06T17:00;11.6;28.8;82.0;23.5;0.0;100.0;0.0;66.0;100.0;100.0;17.6;1017.1;0.0;;
2026-09-29T06:15:00+02:00;2026-09-29T12:42:44+02:00;hyeres;IFS;43.128292;6.1698956;24.0;2026-10-06T18:00;11.5;29.9;79.0;23.0;0.0;100.0;0.0;60.0;100.0;100.0;17.9;1016.9;0.0;;
2026-09-29T06:15:00+02:00;2026-09-29T12:42:44+02:00;hyeres;IFS;43.128292;6.1698956;24.0;2026-10-06T19:00;11.2;30.6;75.0;22.4;0.0;100.0;0.0;54.0;100.0;100.0;18.1;1016.8;0.0;;
2026-09-29T06:15:00+02:00;2026-09-29T12:42:44+02:00;hyeres;IFS;43.128292;6.1698956;24.0;2026-10-06T20:00;11.0;30.6;71.0;22.0;0.0;99.0;1.0;48.0;98.0;99.0;18.3;1016.7;0.0;;
2026-09-29T06:15:00+02:00;2026-09-29T12:42:44+02:00;hyeres;IFS;43.128292;6.1698956;24.0;2026-10-06T21:00;10.8;29.9;66.0;21.6;0.0;92.0;3.0;41.0;89.0;92.0;18.3;1016.7;0.0;;
2026-09-29T06:15:00+02:00;2026-09-29T12:42:44+02:00;hyeres;IFS;43.128292;6.1698956;24.0;2026-10-06T22:00;10.5;28.1;59.0;21.1;0.0;82.0;5.0;33.0;76.0;82.0;18.3;1016.7;0.0;;
2026-09-29T06:15:00+02:00;2026-09-29T12:42:44+02:00;hyeres;IFS;43.128292;6.1698956;24.0;2026-10-06T23:00;10.2;25.9;51.0;20.6;0.0;71.0;8.0;25.0;61.0;71.0;18.2;1016.7;0.0;;
2026-09-29T06:15:00+02:00;2026-09-29T12:42:44+02:00;hyeres;IFS;43.128292;6.1698956;24.0;2026-10-07T00:00;10.3;23.8;43.0;20.1;0.0;60.0;10.0;18.0;47.0;60.0;18.1;1016.7;0.0;;
2026-09-29T06:15:00+02:00;2026-09-29T12:42:44+02:00;hyeres;IFS;43.128292;6.1698956;24.0;2026-10-07T01:00;10.4;22.0;36.0;19.7;0.0;52.0;13.0;14.0;36.0;52.0;18.0;1016.6;0.0;;
2026-09-29T06:15:00+02:00;2026-09-29T12:42:44+02:00;hyeres;IFS;43.128292;6.1698956;24.0;2026-10-07T02:00;10.6;20.9;32.0;19.3;0.0;49.0;16.0;12.0;31.0;49.0;17.9;1016.5;0.0;;
2026-09-29T06:15:00+02:00;2026-09-29T12:42:44+02:00;hyeres;IFS;43.128292;6.1698956;24.0;2026-10-07T03:00;10.7;20.5;29.0;19.0;0.0;52.0;19.0;15.0;34.0;52.0;17.8;1016.4;0.0;;
2026-09-29T06:15:00+02:00;2026-09-29T12:42:44+02:00;hyeres;IFS;43.128292;6.1698956;24.0;2026-10-07T04:00;10.9;20.5;27.0;18.8;0.0;59.0;22.0;23.0;43.0;59.0;17.7;1016.2;0.0;;
2026-09-29T06:15:00+02:00;2026-09-29T12:42:44+02:00;hyeres;IFS;43.128292;6.1698956;24.0;2026-10-07T05:00;11.0;21.2;24.0;18.5;0.0;69.0;26.0;33.0;55.0;69.0;17.6;1016.0;0.0;;
2026-09-29T06:15:00+02:00;2026-09-29T12:42:44+02:00;hyeres;IFS;43.128292;6.1698956;24.0;2026-10-07T06:00;11.0;22.0;24.0;18.4;0.0;80.0;29.0;43.0;68.0;80.0;17.5;1015.7;0.0;;
2026-09-29T06:15:00+02:00;2026-09-29T12:42:44+02:00;hyeres;IFS;43.128292;6.1698956;24.0;2026-10-07T07:00;10.9;23.4;27.0;18.4;0.0;90.0;31.0;50.0;80.0;90.0;17.5;1015.5;0.0;;
2026-09-29T06:15:00+02:00;2026-09-29T12:42:44+02:00;hyeres;IFS;43.128292;6.1698956;24.0;2026-10-07T08:00;10.5;24.8;31.0;18.6;0.0;96.0;31.0;52.0;88.0;96.0;17.4;1015.4;0.0;;
2026-09-29T06:15:00+02:00;2026-09-29T12:42:44+02:00;hyeres;IFS;43.128292;6.1698956;24.0;2026-10-07T09:00;10.1;27.4;41.0;19.1;0.2;99.0;28.0;48.0;92.0;99.0;17.4;1015.3;0.0;;
2026-09-29T06:15:00+02:00;2026-09-29T12:42:44+02:00;hyeres;IFS;43.128292;6.1698956;24.0;2026-10-07T10:00;10.3;30.6;57.0;20.0;0.2;99.0;22.0;40.0;94.0;99.0;17.5;1015.4;0.0;;
2026-09-29T06:15:00+02:00;2026-09-29T12:42:44+02:00;hyeres;IFS;43.128292;6.1698956;24.0;2026-10-07T11:00;11.4;34.2;74.0;21.0;0.2;99.0;15.0;29.0;95.0;99.0;17.6;1015.5;0.0;;
2026-09-29T06:15:00+02:00;2026-09-29T12:42:44+02:00;hyeres;IFS;43.128292;6.1698956;24.0;2026-10-07T12:00;13.2;37.8;86.0;21.9;0.2;97.0;9.0;18.0;95.0;97.0;17.7;1015.5;0.0;;
2026-09-29T06:15:00+02:00;2026-09-29T12:42:44+02:00;hyeres;IFS;43.128292;6.1698956;24.0;2026-10-07T13:00;14.8;40.7;93.0;22.7;0.2;96.0;6.0;8.0;95.0;96.0;17.8;1015.5;0.0;;
2026-09-29T06:15:00+02:00;2026-09-29T12:42:44+02:00;hyeres;IFS;43.128292;6.1698956;24.0;2026-10-07T14:00;15.6;42.1;97.0;23.0;0.2;96.0;8.0;1.0;95.0;96.0;17.9;1015.4;0.0;;
2026-09-29T06:15:00+02:00;2026-09-29T12:42:44+02:00;hyeres;IFS;43.128292;6.1698956;24.0;2026-10-07T15:00;15.2;42.5;96.0;22.9;0.2;96.0;18.0;0.0;96.0;96.0;18.1;1015.2;0.0;;
2026-09-29T06:15:00+02:00;2026-09-29T12:42:44+02:00;hyeres;IFS;43.128292;6.1698956;24.0;2026-10-07T16:00;13.9;41.8;92.0;22.5;0.2;97.0;36.0;0.0;96.0;97.0;18.2;1015.0;0.0;;
2026-09-29T06:15:00+02:00;2026-09-29T12:42:44+02:00;hyeres;IFS;43.128292;6.1698956;24.0;2026-10-07T17:00;12.1;40.7;86.0;21.9;0.2;98.0;56.0;0.0;96.0;98.0;18.4;1014.8;0.0;;
2026-09-29T06:15:00+02:00;2026-09-29T12:42:44+02:00;hyeres;IFS;43.128292;6.1698956;24.0;2026-10-07T18:00;10.4;38.9;76.0;21.2;0.2;99.0;76.0;0.0;97.0;99.0;18.5;1014.5;0.0;;
2026-09-29T06:15:00+02:00;2026-09-29T12:42:44+02:00;hyeres;IFS;43.128292;6.1698956;24.0;2026-10-07T19:00;9.3;37.1;63.0;20.5;0.2;100.0;90.0;0.0;97.0;100.0;18.7;1014.3;0.0;;
2026-09-29T06:15:00+02:00;2026-09-29T12:42:44+02:00;hyeres;IFS;43.128292;6.1698956;24.0;2026-10-07T20:00;8.9;34.9;54.0;20.0;0.2;100.0;96.0;0.0;97.0;100.0;18.7;1014.2;0.0;;
2026-09-29T06:15:00+02:00;2026-09-29T12:42:44+02:00;hyeres;IFS;43.128292;6.1698956;24.0;2026-10-07T21:00;8.9;32.4;48.0;19.7;0.3;100.0;90.0;3.0;98.0;100.0;18.7;1014.2;0.0;;
2026-09-29T06:15:00+02:00;2026-09-29T12:42:44+02:00;hyeres;IFS;43.128292;6.1698956;24.0;2026-10-07T22:00;9.3;29.2;46.0;19.5;0.3;100.0;74.0;8.0;100.0;100.0;18.7;1014.2;0.0;;
2026-09-29T06:15:00+02:00;2026-09-29T12:42:44+02:00;hyeres;IFS;43.128292;6.1698956;24.0;2026-10-07T23:00;9.7;25.6;45.0;19.3;0.3;100.0;54.0;13.0;100.0;100.0;18.7;1014.3;0.0;;
2026-09-29T06:15:00+02:00;2026-09-29T12:42:44+02:00;hyeres;IFS;43.128292;6.1698956;24.0;2026-10-08T00:00;10.1;22.3;44.0;19.1;0.3;100.0;33.0;19.0;100.0;100.0;18.6;1014.4;0.0;;
2026-09-29T06:15:00+02:00;2026-09-29T12:42:44+02:00;hyeres;IFS;43.128292;6.1698956;24.0;2026-10-08T01:00;10.2;19.4;44.0;18.9;0.3;100.0;17.0;22.0;100.0;100.0;18.4;1014.3;0.0;;
2026-09-29T06:15:00+02:00;2026-09-29T12:42:44+02:00;hyeres;IFS;43.128292;6.1698956;24.0;2026-10-08T02:00;9.9;17.3;42.0;18.5;0.3;99.0;9.0;24.0;99.0;99.0;18.2;1014.3;0.0;;
2026-09-29T06:15:00+02:00;2026-09-29T12:42:44+02:00;hyeres;IFS;43.128292;6.1698956;24.0;2026-10-08T03:00;9.5;16.2;39.0;18.0;0.0;98.0;13.0;22.0;91.0;98.0;17.7;1014.2;0.0;;
2026-09-29T06:15:00+02:00;2026-09-29T12:42:44+02:00;hyeres;IFS;43.128292;6.1698956;24.0;2026-10-08T04:00;9.1;15.8;34.0;17.2;0.0;96.0;25.0;18.0;79.0;96.0;17.0;1014.1;0.0;;
2026-09-29T06:15:00+02:00;2026-09-29T12:42:44+02:00;hyeres;IFS;43.128292;6.1698956;24.0;2026-10-08T05:00;8.4;15.8;28.0;16.4;0.0;94.0;42.0;13.0;65.0;94.0;16.3;1013.9;0.0;;
2026-09-29T06:15:00+02:00;2026-09-29T12:42:44+02:00;hyeres;IFS;43.128292;6.1698956;24.0;2026-10-08T06:00;7.5;16.2;21.0;15.7;0.0;91.0;59.0;7.0;50.0;91.0;15.5;1013.8;0.0;;
2026-09-29T06:15:00+02:00;2026-09-29T12:42:44+02:00;hyeres;IFS;43.128292;6.1698956;24.0;2026-10-08T07:00;6.7;16.9;14.0;15.3;0.0;88.0;72.0;3.0;39.0;88.0;15.0;1013.6;0.0;;
2026-09-29T06:15:00+02:00;2026-09-29T12:42:44+02:00;hyeres;IFS;43.128292;6.1698956;24.0;2026-10-08T08:00;5.2;18.0;6.0;15.4;0.0;84.0;77.0;0.0;31.0;84.0;14.8;1013.5;0.0;;
2026-09-29T06:15:00+02:00;2026-09-29T12:42:44+02:00;hyeres;IFS;43.128292;6.1698956;24.0;2026-10-08T09:00;3.1;19.4;350.0;16.3;0.0;78.0;73.0;0.0;28.0;78.0;15.0;1013.4;0.0;;
2026-09-29T06:15:00+02:00;2026-09-29T12:42:44+02:00;hyeres;IFS;43.128292;6.1698956;24.0;2026-10-08T10:00;1.8;21.2;270.0;17.7;0.0;71.0;62.0;1.0;27.0;71.0;15.6;1013.4;0.0;;
2026-09-29T06:15:00+02:00;2026-09-29T12:42:44+02:00;hyeres;IFS;43.128292;6.1698956;24.0;2026-10-08T11:00;4.6;23.8;222.0;19.5;0.0;63.0;47.0;4.0;29.0;63.0;16.3;1013.5;0.0;;
2026-09-29T06:15:00+02:00;2026-09-29T12:42:44+02:00;hyeres;IFS;43.128292;6.1698956;24.0;2026-10-08T12:00;7.8;25.9;212.0;21.3;0.0;55.0;31.0;6.0;32.0;55.0;17.1;1013.5;0.0;;
2026-09-29T06:15:00+02:00;2026-09-29T12:42:44+02:00;hyeres;IFS;43.128292;6.1698956;24.0;2026-10-08T13:00;10.3;27.7;207.0;22.8;0.0;50.0;17.0;8.0;36.0;50.0;17.8;1013.4;0.0;;
2026-09-29T06:15:00+02:00;2026-09-29T12:42:44+02:00;hyeres;IFS;43.128292;6.1698956;24.0;2026-10-08T14:00;11.5;29.2;205.0;23.6;0.0;48.0;7.0;9.0;41.0;48.0;18.2;1013.3;0.0;;
2026-09-29T06:15:00+02:00;2026-09-29T12:42:44+02:00;hyeres;IFS;43.128292;6.1698956;24.0;2026-10-08T15:00;11.1;29.9;202.0;23.7;0.0;51.0;2.0;8.0;48.0;51.0;18.4;1013.0;0.0;;
2026-09-29T06:15:00+02:00;2026-09-29T12:42:44+02:00;hyeres;IFS;43.128292;6.1698956;24.0;2026-10-08T16:00;9.4;30.6;197.0;23.3;0.0;59.0;0.0;7.0;57.0;59.0;18.4;1012.7;0.0;;
2026-09-29T06:15:00+02:00;2026-09-29T12:42:44+02:00;hyeres;IFS;43.128292;6.1698956;24.0;2026-10-08T17:00;6.9;30.6;187.0;22.6;0.0;68.0;0.0;5.0;68.0;68.0;18.4;1012.2;0.0;;
2026-09-29T06:15:00+02:00;2026-09-29T12:42:44+02:00;hyeres;IFS;43.128292;6.1698956;24.0;2026-10-08T18:00;4.6;30.6;171.0;21.7;0.0;78.0;0.0;3.0;78.0;78.0;18.3;1011.8;0.0;;
2026-09-29T06:15:00+02:00;2026-09-29T12:42:44+02:00;hyeres;IFS;43.128292;6.1698956;24.0;2026-10-08T19:00;3.2;30.2;133.0;20.8;0.0;85.0;0.0;1.0;85.0;85.0;17.9;1011.5;0.0;;
2026-09-29T06:15:00+02:00;2026-09-29T12:42:44+02:00;hyeres;IFS;43.128292;6.1698956;24.0;2026-10-08T20:00;3.1;29.5;90.0;20.1;0.0;88.0;0.0;0.0;88.0;88.0;17.5;1011.3;0.0;;
2026-09-29T06:15:00+02:00;2026-09-29T12:42:44+02:00;hyeres;IFS;43.128292;6.1698956;24.0;2026-10-08T21:00;3.6;28.4;57.0;19.4;0.0;85.0;0.0;0.0;85.0;85.0;16.7;1011.2;0.0;;
2026-09-29T06:15:00+02:00;2026-09-29T12:42:44+02:00;hyeres;IFS;43.128292;6.1698956;24.0;2026-10-08T22:00;4.8;26.6;31.0;18.7;0.0;78.0;1.0;0.0;77.0;78.0;15.5;1011.3;0.0;;
2026-09-29T06:15:00+02:00;2026-09-29T12:42:44+02:00;hyeres;IFS;43.128292;6.1698956;24.0;2026-10-08T23:00;6.7;24.8;14.0;18.0;0.0;68.0;3.0;0.0;67.0;68.0;14.2;1011.3;0.0;;
2026-09-29T06:15:00+02:00;2026-09-29T12:42:44+02:00;meribel;IFS;45.377853;6.6197186;2108.0;2026-09-29T00:00;5.6;14.4;138.0;8.4;0.0;95.0;1.0;41.0;93.0;95.0;5.1;797.1;0.0;3990.0;ICON
2026-09-29T06:15:00+02:00;2026-09-29T12:42:44+02:00;meribel;IFS;45.377853;6.6197186;2108.0;2026-09-29T01:00;6.8;16.9;143.0;7.9;0.0;100.0;6.0;60.0;100.0;100.0;5.1;796.6;0.0;3980.0;ICON
2026-09-29T06:15:00+02:00;2026-09-29T12:42:44+02:00;meribel;IFS;45.377853;6.6197186;2108.0;2026-09-29T02:00;9.3;18.4;140.0;5.6;0.0;100.0;23.0;72.0;100.0;100.0;3.8;794.8;0.0;3970.0;ICON
2026-09-29T06:15:00+02:00;2026-09-29T12:42:44+02:00;meribel;IFS;45.377853;6.6197186;2108.0;2026-09-29T03:00;7.9;21.6;141.0;6.8;0.0;100.0;16.0;76.0;99.0;100.0;3.3;795.5;0.0;3950.0;ICON
2026-09-29T06:15:00+02:00;2026-09-29T12:42:44+02:00;meribel;IFS;45.377853;6.6197186;2108.0;2026-09-29T04:00;7.9;19.4;141.0;5.9;0.0;99.0;20.0;67.0;98.0;99.0;2.8;794.7;0.0;3960.0;ICON
2026-09-29T06:15:00+02:00;2026-09-29T12:42:44+02:00;meribel;IFS;45.377853;6.6197186;2108.0;2026-09-29T05:00;7.5;19.4;140.0;5.7;0.0;99.0;16.0;90.0;95.0;99.0;2.3;794.5;0.0;3980.0;ICON
2026-09-29T06:15:00+02:00;2026-09-29T12:42:44+02:00;meribel;IFS;45.377853;6.6197186;2108.0;2026-09-29T06:00;7.1;19.1;139.0;6.4;0.0;84.0;11.0;68.0;44.0;84.0;1.8;794.9;0.0;3970.0;ICON
2026-09-29T06:15:00+02:00;2026-09-29T12:42:44+02:00;meribel;IFS;45.377853;6.6197186;2108.0;2026-09-29T07:00;6.9;18.0;139.0;6.3;0.0;79.0;12.0;27.0;67.0;79.0;1.4;794.9;0.0;3950.0;ICON
2026-09-29T06:15:00+02:00;2026-09-29T12:42:44+02:00;meribel;IFS;45.377853;6.6197186;2108.0;2026-09-29T08:00;7.1;17.6;139.0;6.8;0.0;98.0;9.0;13.0;97.0;98.0;1.1;795.5;0.0;3950.0;ICON
2026-09-29T06:15:00+02:00;2026-09-29T12:42:44+02:00;meribel;IFS;45.377853;6.6197186;2108.0;2026-09-29T09:00;8.9;20.2;142.0;10.8;0.0;95.0;1.0;9.0;94.0;95.0;1.7;798.4;0.0;3960.0;ICON
2026-09-29T06:15:00+02:00;2026-09-29T12:42:44+02:00;meribel;IFS;45.377853;6.6197186;2108.0;2026-09-29T10:00;6.2;20.2;147.0;14.2;0.0;70.0;0.0;2.0;70.0;70.0;1.5;801.0;0.0;3970.0;ICON
2026-09-29T06:15:00+02:00;2026-09-29T12:42:44+02:00;meribel;IFS;45.377853;6.6197186;2108.0;2026-09-29T11:00;3.9;18.0;158.0;16.4;0.0;85.0;0.0;0.0;85.0;85.0;0.3;802.1;0.0;3900.0;ICON
2026-09-29T06:15:00+02:00;2026-09-29T12:42:44+02:00;meribel;IFS;45.377853;6.6197186;2108.0;2026-09-29T12:00;5.0;20.2;167.0;17.8;0.0;72.0;0.0;3.0;72.0;72.0;-2.9;802.5;0.0;3880.0;ICON
2026-09-29T06:15:00+02:00;2026-09-29T12:42:44+02:00;meribel;IFS;45.377853;6.6197186;2108.0;2026-09-29T13:00;6.3;22.7;177.0;18.7;0.0;89.0;0.0;0.0;89.0;89.0;-4.2;802.8;0.0;3890.0;ICON
2026-09-29T06:15:00+02:00;2026-09-29T12:42:44+02:00;meribel;IFS;45.377853;6.6197186;2108.0;2026-09-29T14:00;7.6;24.8;180.0;19.2;0.0;95.0;0.0;0.0;95.0;95.0;-4.4;802.8;0.0;3890.0;ICON
2026-09-29T06:15:00+02:00;2026-09-29T12:42:44+02:00;meribel;IFS;45.377853;6.6197186;2108.0;2026-09-29T15:00;7.8;25.6;188.0;19.5;0.0;71.0;0.0;0.0;71.0;71.0;-5.0;802.7;0.0;3840.0;ICON
2026-09-29T06:15:00+02:00;2026-09-29T12:42:44+02:00;meribel;IFS;45.377853;6.6197186;2108.0;2026-09-29T16:00;6.9;25.6;203.0;19.6;0.0;95.0;0.0;0.0;95.0;95.0;-5.9;802.5;0.0;3810.0;ICON
2026-09-29T06:15:00+02:00;2026-09-29T12:42:44+02:00;meribel;IFS;45.377853;6.6197186;2108.0;2026-09-29T17:00;5.7;23.0;224.0;18.7;0.0;93.0;0.0;2.0;93.0;93.0;-5.9;802.1;0.0;3810.0;ICON
2026-09-29T06:15:00+02:00;2026-09-29T12:42:44+02:00;meribel;IFS;45.377853;6.6197186;2108.0;2026-09-29T18:00;3.6;18.4;237.0;17.3;0.0;84.0;0.0;0.0;84.0;84.0;-4.6;801.8;0.0;3890.0;ICON
2026-09-29T06:15:00+02:00;2026-09-29T12:42:44+02:00;meribel;IFS;45.377853;6.6197186;2108.0;2026-09-29T19:00;0.4;11.5;297.0;15.0;0.0;89.0;0.0;0.0;89.0;89.0;-1.5;800.9;0.0;3930.0;ICON
2026-09-29T06:15:00+02:00;2026-09-29T12:42:44+02:00;meribel;IFS;45.377853;6.6197186;2108.0;2026-09-29T20:00;0.9;6.5;143.0;13.1;0.0;85.0;0.0;1.0;85.0;85.0;-2.0;800.5;0.0;3960.0;ICON
2026-09-29T06:15:00+02:00;2026-09-29T12:42:44+02:00;meribel;IFS;45.377853;6.6197186;2108.0;2026-09-29T21:00;3.2;11.9;146.0;11.5;0.0;76.0;0.0;16.0;75.0;76.0;-0.4;800.0;0.0;3950.0;ICON
2026-09-29T06:15:00+02:00;2026-09-29T12:42:44+02:00;meribel;IFS;45.377853;6.6197186;2108.0;2026-09-29T22:00;4.8;15.1;143.0;10.4;0.0;77.0;1.0;50.0;74.0;77.0;3.1;799.7;0.0;3970.0;ICON
2026-09-29T06:15:00+02:00;2026-09-29T12:42:44+02:00;meribel;IFS;45.377853;6.6197186;2108.0;2026-09-29T23:00;6.9;19.1;137.0;9.5;0.0;26.0;0.0;20.0;6.0;26.0;5.3;799.1;0.0;3870.0;ICON
2026-09-29T06:15:00+02:00;2026-09-29T12:42:44+02:00;meribel;IFS;45.377853;6.6197186;2108.0;2026-09-30T00:00;7.1;20.2;139.0;8.4;0.0;34.0;1.0;33.0;1.0;34.0;5.6;798.4;0.0;3940.0;ICON
2026-09-29T06:15:00+02:00;2026-09-29T12:42:44+02:00;meribel;IFS;45.377853;6.6197186;2108.0;2026-09-30T01:00;7.5;20.5;140.0;8.1;0.0;45.0;6.0;33.0;13.0;45.0;5.4;798.1;0.0;3910.0;ICON
2026-09-29T06:15:00+02:00;2026-09-29T12:42:44+02:00;meribel;IFS;45.377853;6.6197186;2108.0;2026-09-30T02:00;8.2;20.5;139.0;7.5;0.0;57.0;20.0;49.0;0.0;57.0;5.2;797.7;0.0;3840.0;ICON
2026-09-29T06:15:00+02:00;2026-09-29T12:42:44+02:00;meribel;IFS;45.377853;6.6197186;2108.0;2026-09-30T03:00;8.9;22.0;138.0;7.7;0.0;98.0;20.0;97.0;0.0;98.0;5.0;797.6;0.0;3850.0;ICON
2026-09-29T06:15:00+02:00;2026-09-29T12:42:44+02:00;meribel;IFS;45.377853;6.6197186;2108.0;2026-09-30T04:00;8.9;22.3;140.0;8.8;0.0;100.0;20.0;100.0;0.0;100.0;4.8;798.5;0.0;3820.0;ICON
2026-09-29T06:15:00+02:00;2026-09-29T12:42:44+02:00;meribel;IFS;45.377853;6.6197186;2108.0;2026-09-30T05:00;8.7;22.0;137.0;9.1;0.0;98.0;36.0;98.0;0.0;98.0;4.3;798.6;0.0;3780.0;ICON
2026-09-29T06:15:00+02:00;2026-09-29T12:42:44+02:00;meribel;IFS;45.377853;6.6197186;2108.0;2026-09-30T06:00;8.3;21.6;138.0;9.1;0.0;52.0;25.0;47.0;0.0;52.0;3.3;798.5;0.0;3820.0;ICON
2026-09-29T06:15:00+02:00;2026-09-29T12:42:44+02:00;meribel;IFS;45.377853;6.6197186;2108.0;2026-09-30T07:00;8.0;20.9;140.0;8.6;0.0;29.0;18.0;20.0;1.0;29.0;2.7;798.0;0.0;3890.0;ICON
2026-09-29T06:15:00+02:00;2026-09-29T12:42:44+02:00;meribel;IFS;45.377853;6.6197186;2108.0;2026-09-30T08:00;8.4;20.5;140.0;8.2;0.0;68.0;13.0;24.0;54.0;68.0;2.1;797.8;0.0;3850.0;ICON
2026-09-29T06:15:00+02:00;2026-09-29T12:42:44+02:00;meribel;IFS;45.377853;6.6197186;2108.0;2026-09-30T09:00;8.7;22.0;143.0;10.4;0.0;89.0;13.0;61.0;70.0;89.0;1.6;799.7;0.0;3810.0;ICON
2026-09-29T06:15:00+02:00;2026-09-29T12:42:44+02:00;meribel;IFS;45.377853;6.6197186;2108.0;2026-09-30T10:00;6.5;21.2;148.0;13.2;0.0;96.0;11.0;76.0;84.0;96.0;1.7;801.6;0.0;3780.0;ICON
2026-09-29T06:15:00+02:00;2026-09-29T12:42:44+02:00;meribel;IFS;45.377853;6.6197186;2108.0;2026-09-30T11:00;4.9;19.4;152.0;14.5;0.0;99.0;9.0;88.0;96.0;99.0;2.2;802.1;0.0;3790.0;ICON
2026-09-29T06:15:00+02:00;2026-09-29T12:42:44+02:00;meribel;IFS;45.377853;6.6197186;2108.0;2026-09-30T12:00;5.4;20.2;160.0;15.8;0.0;98.0;10.0;45.0;98.0;98.0;2.5;802.6;0.0;3820.0;ICON
2026-09-29T06:15:00+02:00;2026-09-29T12:42:44+02:00;meribel;IFS;45.377853;6.6197186;2108.0;2026-09-30T13:00;6.5;21.6;180.0;16.7;0.0;98.0;38.0;48.0;95.0;98.0;3.0;803.0;0.0;3770.0;ICON
2026-09-29T06:15:00+02:00;2026-09-29T12:42:44+02:00;meribel;IFS;45.377853;6.6197186;2108.0;2026-09-30T14:00;7.2;24.5;186.0;17.3;0.0;100.0;93.0;99.0;94.0;100.0;3.1;802.8;0.0;3800.0;ICON
2026-09-29T06:15:00+02:00;2026-09-29T12:42:44+02:00;meribel;IFS;45.377853;6.6197186;2108.0;2026-09-30T15:00;3.5;23.0;219.0;16.4;0.0;100.0;98.0;100.0;98.0;100.0;3.0;802.0;0.0;3790.0;ICON
2026-09-29T06:15:00+02:00;2026-09-29T12:42:44+02:00;meribel;IFS;45.377853;6.6197186;2108.0;2026-09-30T16:00;3.9;14.4;304.0;14.8;0.1;100.0;90.0;98.0;98.0;100.0;4.1;801.4;0.0;3810.0;ICON
2026-09-29T06:15:00+02:00;2026-09-29T12:42:44+02:00;meribel;IFS;45.377853;6.6197186;2108.0;2026-09-30T17:00;1.7;14.4;342.0;14.6;0.0;100.0;17.0;100.0;93.0;100.0;3.8;801.5;0.0;3790.0;ICON
2026-09-29T06:15:00+02:00;2026-09-29T12:42:44+02:00;meribel;IFS;45.377853;6.6197186;2108.0;2026-09-30T18:00;1.3;10.8;45.0;13.7;0.0;100.0;0.0;100.0;86.0;100.0;4.4;800.9;0.0;3820.0;ICON
2026-09-29T06:15:00+02:00;2026-09-29T12:42:44+02:00;meribel;IFS;45.377853;6.6197186;2108.0;2026-09-30T19:00;1.9;8.3;107.0;12.4;0.1;100.0;0.0;99.0;70.0;100.0;5.7;800.5;0.0;3760.0;ICON
2026-09-29T06:15:00+02:00;2026-09-29T12:42:44+02:00;meribel;IFS;45.377853;6.6197186;2108.0;2026-09-30T20:00;4.5;12.2;133.0;11.6;0.1;100.0;0.0;99.0;88.0;100.0;6.7;800.2;0.0;3830.0;ICON
2026-09-29T06:15:00+02:00;2026-09-29T12:42:44+02:00;meribel;IFS;45.377853;6.6197186;2108.0;2026-09-30T21:00;4.6;12.6;141.0;11.5;0.0;99.0;14.0;98.0;92.0;99.0;6.8;800.3;0.0;3830.0;ICON
2026-09-29T06:15:00+02:00;2026-09-29T12:42:44+02:00;meribel;IFS;45.377853;6.6197186;2108.0;2026-09-30T22:00;4.0;12.2;159.0;11.2;0.0;100.0;7.0;98.0;95.0;100.0;6.9;800.4;0.0;3830.0;ICON
2026-09-29T06:15:00+02:00;2026-09-29T12:42:44+02:00;meribel;IFS;45.377853;6.6197186;2108.0;2026-09-30T23:00;3.7;10.1;141.0;10.7;0.0;100.0;0.0;100.0;98.0;100.0;7.0;800.4;0.0;3800.0;ICON
2026-09-29T06:15:00+02:00;2026-09-29T12:42:44+02:00;meribel;IFS;45.377853;6.6197186;2108.0;2026-10-01T00:00;4.8;11.9;138.0;10.4;0.0;100.0;0.0;100.0;98.0;100.0;6.9;800.3;0.0;3740.0;ICON
2026-09-29T06:15:00+02:00;2026-09-29T12:42:44+02:00;meribel;IFS;45.377853;6.6197186;2108.0;2026-10-01T01:00;4.7;12.2;137.0;10.0;0.1;100.0;2.0;100.0;98.0;100.0;6.8;800.0;0.0;3750.0;ICON
2026-09-29T06:15:00+02:00;2026-09-29T12:42:44+02:00;meribel;IFS;45.377853;6.6197186;2108.0;2026-10-01T02:00;5.5;13.0;136.0;9.9;0.1;100.0;2.0;100.0;98.0;100.0;6.8;799.7;0.0;3720.0;ICON
2026-09-29T06:15:00+02:00;2026-09-29T12:42:44+02:00;meribel;IFS;45.377853;6.6197186;2108.0;2026-10-01T03:00;4.5;13.0;137.0;9.2;0.0;99.0;3.0;96.0;96.0;99.0;6.9;799.1;0.0;3720.0;ICON
2026-09-29T06:15:00+02:00;2026-09-29T12:42:44+02:00;meribel;IFS;45.377853;6.6197186;2108.0;2026-10-01T04:00;4.2;11.5;137.0;9.0;0.0;100.0;11.0;100.0;100.0;100.0;6.8;798.8;0.0;3720.0;ICON
2026-09-29T06:15:00+02:00;2026-09-29T12:42:44+02:00;meribel;IFS;45.377853;6.6197186;2108.0;2026-10-01T05:00;4.7;11.2;137.0;8.9;0.0;100.0;91.0;98.0;99.0;100.0;7.0;798.6;0.0;3690.0;ICON
2026-09-29T06:15:00+02:00;2026-09-29T12:42:44+02:00;meribel;IFS;45.377853;6.6197186;2108.0;2026-10-01T06:00;4.7;11.9;133.0;8.5;0.0;100.0;88.0;98.0;91.0;100.0;6.8;798.4;0.0;3680.0;ICON
2026-09-29T06:15:00+02:00;2026-09-29T12:42:44+02:00;meribel;IFS;45.377853;6.6197186;2108.0;2026-10-01T07:00;4.3;12.2;138.0;8.4;0.0;99.0;55.0;98.0;95.0;99.0;6.7;798.5;0.0;3670.0;ICON
2026-09-29T06:15:00+02:00;2026-09-29T12:42:44+02:00;meribel;IFS;45.377853;6.6197186;2108.0;2026-10-01T08:00;5.3;11.2;145.0;8.6;0.0;100.0;49.0;99.0;63.0;100.0;6.7;799.0;0.0;3680.0;ICON
2026-09-29T06:15:00+02:00;2026-09-29T12:42:44+02:00;meribel;IFS;45.377853;6.6197186;2108.0;2026-10-01T09:00;4.9;13.3;144.0;9.5;0.0;100.0;100.0;97.0;77.0;100.0;6.5;800.1;0.0;3662.5;ICON
2026-09-29T06:15:00+02:00;2026-09-29T12:42:44+02:00;meribel;IFS;45.377853;6.6197186;2108.0;2026-10-01T10:00;3.3;13.7;151.0;10.1;0.0;100.0;98.0;95.0;100.0;100.0;6.7;800.9;0.0;3610.0;ICON
2026-09-29T06:15:00+02:00;2026-09-29T12:42:44+02:00;meribel;IFS;45.377853;6.6197186;2108.0;2026-10-01T11:00;2.0;11.5;175.0;10.5;0.4;100.0;21.0;98.0;97.0;100.0;7.8;801.2;0.0;3567.5;ICON
2026-09-29T06:15:00+02:00;2026-09-29T12:42:44+02:00;meribel;IFS;45.377853;6.6197186;2108.0;2026-10-01T12:00;1.7;10.8;283.0;10.7;0.6;100.0;14.0;100.0;78.0;100.0;9.1;801.2;0.0;3580.0;ICON
2026-09-29T06:15:00+02:00;2026-09-29T12:42:44+02:00;meribel;IFS;45.377853;6.6197186;2108.0;2026-10-01T13:00;5.0;18.4;285.0;11.8;0.5;100.0;100.0;100.0;95.0;100.0;9.5;802.0;0.0;3620.0;ICON
2026-09-29T06:15:00+02:00;2026-09-29T12:42:44+02:00;meribel;IFS;45.377853;6.6197186;2108.0;2026-10-01T14:00;5.6;18.7;292.0;10.2;0.5;100.0;89.0;100.0;98.0;100.0;9.0;801.2;0.0;3600.0;ICON
2026-09-29T06:15:00+02:00;2026-09-29T12:42:44+02:00;meribel;IFS;45.377853;6.6197186;2108.0;2026-10-01T15:00;4.8;17.3;312.0;9.7;1.2;100.0;98.0;100.0;100.0;100.0;9.1;801.0;0.0;3640.0;ICON
2026-09-29T06:15:00+02:00;2026-09-29T12:42:44+02:00;meribel;IFS;45.377853;6.6197186;2108.0;2026-10-01T16:00;4.5;13.3;326.0;9.6;0.8;100.0;100.0;100.0;100.0;100.0;9.3;801.0;0.0;3580.0;ICON
2026-09-29T06:15:00+02:00;2026-09-29T12:42:44+02:00;meribel;IFS;45.377853;6.6197186;2108.0;2026-10-01T17:00;5.0;14.4;330.0;9.6;0.5;100.0;100.0;93.0;100.0;100.0;9.3;801.1;0.0;3600.0;ICON
2026-09-29T06:15:00+02:00;2026-09-29T12:42:44+02:00;meribel;IFS;45.377853;6.6197186;2108.0;2026-10-01T18:00;4.6;14.0;334.0;9.3;0.4;100.0;100.0;81.0;99.0;100.0;9.1;801.1;0.0;3630.0;ICON
2026-09-29T06:15:00+02:00;2026-09-29T12:42:44+02:00;meribel;IFS;45.377853;6.6197186;2108.0;2026-10-01T19:00;4.2;12.6;348.0;9.1;0.3;100.0;100.0;85.0;96.0;100.0;9.0;801.1;0.0;3630.0;ICON
2026-09-29T06:15:00+02:00;2026-09-29T12:42:44+02:00;meribel;IFS;45.377853;6.6197186;2108.0;2026-10-01T20:00;3.8;11.2;5.0;8.9;0.2;100.0;100.0;23.0;87.0;100.0;8.8;801.4;0.0;3630.0;ICON
2026-09-29T06:15:00+02:00;2026-09-29T12:42:44+02:00;meribel;IFS;45.377853;6.6197186;2108.0;2026-10-01T21:00;2.5;10.4;21.0;8.9;0.0;100.0;99.0;18.0;85.0;100.0;8.7;801.7;0.0;3700.0;ICON
2026-09-29T06:15:00+02:00;2026-09-29T12:42:44+02:00;meribel;IFS;45.377853;6.6197186;2108.0;2026-10-01T22:00;0.8;7.9;45.0;8.4;0.0;100.0;99.0;18.0;55.0;100.0;8.3;801.5;0.0;3780.0;ICON
2026-09-29T06:15:00+02:00;2026-09-29T12:42:44+02:00;meribel;IFS;45.377853;6.6197186;2108.0;2026-10-01T23:00;2.2;8.3;95.0;8.1;0.0;100.0;99.0;22.0;87.0;100.0;8.1;801.6;0.0;3770.0;ICON
2026-09-29T06:15:00+02:00;2026-09-29T12:42:44+02:00;meribel;IFS;45.377853;6.6197186;2108.0;2026-10-02T00:00;2.1;8.6;121.0;7.4;0.0;89.0;20.0;12.0;85.0;89.0;7.3;800.8;0.0;3790.0;ICON
2026-09-29T06:15:00+02:00;2026-09-29T12:42:44+02:00;meribel;IFS;45.377853;6.6197186;2108.0;2026-10-02T01:00;2.3;9.7;129.0;6.6;0.0;100.0;100.0;13.0;89.0;100.0;6.5;800.2;0.0;3800.0;ICON
2026-09-29T06:15:00+02:00;2026-09-29T12:42:44+02:00;meribel;IFS;45.377853;6.6197186;2108.0;2026-10-02T02:00;3.5;10.8;129.0;6.2;0.0;100.0;100.0;30.0;86.0;100.0;6.2;799.9;0.0;3840.0;ICON
2026-09-29T06:15:00+02:00;2026-09-29T12:42:44+02:00;meribel;IFS;45.377853;6.6197186;2108.0;2026-10-02T03:00;4.1;11.9;135.0;6.2;0.0;100.0;100.0;100.0;76.0;100.0;6.2;799.8;0.0;3850.0;ICON
2026-09-29T06:15:00+02:00;2026-09-29T12:42:44+02:00;meribel;IFS;45.377853;6.6197186;2108.0;2026-10-02T04:00;4.1;11.9;135.0;6.9;0.0;100.0;93.0;100.0;94.0;100.0;6.8;800.1;0.0;3820.0;ICON
2026-09-29T06:15:00+02:00;2026-09-29T12:42:44+02:00;meribel;IFS;45.377853;6.6197186;2108.0;2026-10-02T05:00;3.2;11.5;128.0;7.2;0.1;100.0;88.0;100.0;98.0;100.0;7.0;800.3;0.0;3780.0;ICON
2026-09-29T06:15:00+02:00;2026-09-29T12:42:44+02:00;meribel;IFS;45.377853;6.6197186;2108.0;2026-10-02T06:00;3.1;10.1;126.0;7.6;0.3;100.0;22.0;85.0;98.0;100.0;7.3;800.6;0.0;3750.0;ICON
2026-09-29T06:15:00+02:00;2026-09-29T12:42:44+02:00;meribel;IFS;45.377853;6.6197186;2108.0;2026-10-02T07:00;3.9;10.4;127.0;7.4;0.1;100.0;20.0;100.0;98.0;100.0;7.0;800.5;0.0;3720.0;ICON
2026-09-29T06:15:00+02:00;2026-09-29T12:42:44+02:00;meribel;IFS;45.377853;6.6197186;2108.0;2026-10-02T08:00;3.7;10.8;133.0;7.5;0.0;100.0;89.0;100.0;95.0;100.0;7.1;800.6;0.0;3700.0;ICON
2026-09-29T06:15:00+02:00;2026-09-29T12:42:44+02:00;meribel;IFS;45.377853;6.6197186;2108.0;2026-10-02T09:00;4.8;12.6;132.0;9.0;0.0;100.0;41.0;99.0;93.0;100.0;8.6;801.8;0.0;3680.0;ICON
2026-09-29T06:15:00+02:00;2026-09-29T12:42:44+02:00;meribel;IFS;45.377853;6.6197186;2108.0;2026-10-02T10:00;3.6;13.0;139.0;10.6;0.0;95.0;13.0;44.0;91.0;95.0;8.6;803.1;0.0;3680.0;ICON
2026-09-29T06:15:00+02:00;2026-09-29T12:42:44+02:00;meribel;IFS;45.377853;6.6197186;2108.0;2026-10-02T11:00;0.9;13.0;169.0;12.1;0.0;100.0;76.0;100.0;96.0;100.0;7.3;804.0;0.0;3680.0;ICON
2026-09-29T06:15:00+02:00;2026-09-29T12:42:44+02:00;meribel;IFS;45.377853;6.6197186;2108.0;2026-10-02T12:00;1.1;13.3;288.0;13.8;0.0;99.0;17.0;67.0;97.0;99.0;6.6;804.9;0.0;3660.0;ICON
2026-09-29T06:15:00+02:00;2026-09-29T12:42:44+02:00;meribel;IFS;45.377853;6.6197186;2108.0;2026-10-02T13:00;3.1;19.1;291.0;14.4;0.0;100.0;100.0;25.0;99.0;100.0;6.4;804.7;0.0;3680.0;ICON
2026-09-29T06:15:00+02:00;2026-09-29T12:42:44+02:00;meribel;IFS;45.377853;6.6197186;2108.0;2026-10-02T14:00;7.4;23.0;313.0;10.5;2.2;100.0;80.0;63.0;99.0;100.0;8.9;803.2;0.0;3680.0;ICON
2026-09-29T06:15:00+02:00;2026-09-29T12:42:44+02:00;meribel;IFS;45.377853;6.6197186;2108.0;2026-10-02T15:00;3.2;22.0;3.0;9.6;4.2;100.0;100.0;72.0;99.0;100.0;9.3;803.1;0.0;3680.0;ICON
2026-09-29T06:15:00+02:00;2026-09-29T12:42:44+02:00;meribel;IFS;45.377853;6.6197186;2108.0;2026-10-02T16:00;2.4;13.0;36.0;10.2;1.2;98.0;8.0;8.0;97.0;98.0;9.7;803.0;0.0;3680.0;ICON
2026-09-29T06:15:00+02:00;2026-09-29T12:42:44+02:00;meribel;IFS;45.377853;6.6197186;2108.0;2026-10-02T17:00;4.3;14.8;358.0;10.3;0.4;100.0;100.0;13.0;91.0;100.0;10.0;802.7;0.0;3680.0;ICON
2026-09-29T06:15:00+02:00;2026-09-29T12:42:44+02:00;meribel;IFS;45.377853;6.6197186;2108.0;2026-10-02T18:00;4.2;14.0;324.0;9.7;0.8;100.0;99.0;63.0;97.0;100.0;9.3;802.4;0.0;3670.0;ICON
2026-09-29T06:15:00+02:00;2026-09-29T12:42:44+02:00;meribel;IFS;45.377853;6.6197186;2108.0;2026-10-02T19:00;1.5;12.6;60.0;8.8;1.9;100.0;66.0;94.0;95.0;100.0;8.5;802.1;0.0;3660.0;ICON
2026-09-29T06:15:00+02:00;2026-09-29T12:42:44+02:00;meribel;IFS;45.377853;6.6197186;2108.0;2026-10-02T20:00;4.0;10.4;95.0;9.1;0.5;97.0;7.0;71.0;90.0;97.0;8.7;802.4;0.0;3650.0;ICON
2026-09-29T06:15:00+02:00;2026-09-29T12:42:44+02:00;meribel;IFS;45.377853;6.6197186;2108.0;2026-10-02T21:00;3.5;10.4;105.0;9.0;0.2;97.0;1.0;78.0;89.0;97.0;8.4;802.4;0.0;3630.0;ICON
2026-09-29T06:15:00+02:00;2026-09-29T12:42:44+02:00;meribel;IFS;45.377853;6.6197186;2108.0;2026-10-02T22:00;2.3;10.8;119.0;9.1;0.2;97.0;8.0;80.0;87.0;97.0;8.2;802.4;0.0;3610.0;ICON
2026-09-29T06:15:00+02:00;2026-09-29T12:42:44+02:00;meribel;IFS;45.377853;6.6197186;2108.0;2026-10-02T23:00;1.4;10.8;140.0;9.1;0.2;98.0;21.0;83.0;86.0;98.0;8.0;802.5;0.0;3590.0;ICON
2026-09-29T06:15:00+02:00;2026-09-29T12:42:44+02:00;meribel;IFS;45.377853;6.6197186;2108.0;2026-10-03T00:00;1.0;10.1;149.0;9.1;0.2;99.0;47.0;91.0;87.0;99.0;7.8;802.5;0.0;3580.0;ICON
2026-09-29T06:15:00+02:00;2026-09-29T12:42:44+02:00;meribel;IFS;45.377853;6.6197186;2108.0;2026-10-03T01:00;0.8;8.6;135.0;9.1;0.2;100.0;81.0;100.0;89.0;100.0;7.6;802.4;0.0;3580.0;ICON
2026-09-29T06:15:00+02:00;2026-09-29T12:42:44+02:00;meribel;IFS;45.377853;6.6197186;2108.0;2026-10-03T02:00;0.6;7.6;124.0;9.0;0.2;100.0;98.0;98.0;91.0;100.0;7.3;802.3;0.0;3570.0;ICON
2026-09-29T06:15:00+02:00;2026-09-29T12:42:44+02:00;meribel;IFS;45.377853;6.6197186;2108.0;2026-10-03T03:00;0.6;6.8;108.0;8.8;0.1;99.0;83.0;75.0;93.0;99.0;7.0;802.0;0.0;3540.0;ICON
2026-09-29T06:15:00+02:00;2026-09-29T12:42:44+02:00;meribel;IFS;45.377853;6.6197186;2108.0;2026-10-03T04:00;0.7;6.1;90.0;8.5;0.1;98.0;52.0;41.0;95.0;98.0;6.6;801.5;0.0;3520.0;ICON
2026-09-29T06:15:00+02:00;2026-09-29T12:42:44+02:00;meribel;IFS;45.377853;6.6197186;2108.0;2026-10-03T05:00;0.9;6.1;101.0;8.2;0.1;96.0;28.0;20.0;94.0;96.0;6.3;801.2;0.0;3490.0;ICON
2026-09-29T06:15:00+02:00;2026-09-29T12:42:44+02:00;meribel;IFS;45.377853;6.6197186;2108.0;2026-10-03T06:00;1.9;7.2;119.0;7.7;0.0;95.0;19.0;26.0;90.0;95.0;6.1;800.8;0.0;3480.0;ICON
2026-09-29T06:15:00+02:00;2026-09-29T12:42:44+02:00;meribel;IFS;45.377853;6.6197186;2108.0;2026-10-03T07:00;3.1;8.6;126.0;7.2;0.0;95.0;17.0;44.0;85.0;95.0;6.0;800.3;0.0;3460.0;ICON
2026-09-29T06:15:00+02:00;2026-09-29T12:42:44+02:00;meribel;IFS;45.377853;6.6197186;2108.0;2026-10-03T08:00;3.6;10.1;131.0;7.3;0.0;91.0;18.0;54.0;76.0;91.0;6.0;800.3;0.0;3450.0;ICON
2026-09-29T06:15:00+02:00;2026-09-29T12:42:44+02:00;meribel;IFS;45.377853;6.6197186;2108.0;2026-10-03T09:00;2.7;11.5;138.0;8.5;0.0;80.0;20.0;44.0;63.0;80.0;5.9;801.2;0.0;3460.0;ICON
2026-09-29T06:15:00+02:00;2026-09-29T12:42:44+02:00;meribel;IFS;45.377853;6.6197186;2108.0;2026-10-03T10:00;1.1;13.0;162.0;10.4;0.0;65.0;26.0;26.0;47.0;65.0;5.9;802.6;0.0;3460.0;ICON
2026-09-29T06:15:00+02:00;2026-09-29T12:42:44+02:00;meribel;IFS;45.377853;6.6197186;2108.0;2026-10-03T11:00;0.9;14.4;259.0;11.9;0.0;59.0;36.0;20.0;33.0;59.0;6.0;803.6;0.0;3470.0;ICON
2026-09-29T06:15:00+02:00;2026-09-29T12:42:44+02:00;meribel;IFS;45.377853;6.6197186;2108.0;2026-10-03T12:00;1.9;15.1;287.0;12.6;0.2;69.0;57.0;40.0;24.0;69.0;6.4;803.8;0.0;3480.0;ICON
2026-09-29T06:15:00+02:00;2026-09-29T12:42:44+02:00;meribel;IFS;45.377853;6.6197186;2108.0;2026-10-03T13:00;2.7;15.8;298.0;12.9;0.2;87.0;83.0;72.0;17.0;87.0;6.8;803.7;0.0;3480.0;ICON
2026-09-29T06:15:00+02:00;2026-09-29T12:42:44+02:00;meribel;IFS;45.377853;6.6197186;2108.0;2026-10-03T14:00;2.7;16.2;307.0;12.8;0.2;100.0;100.0;89.0;13.0;100.0;7.4;803.4;0.0;3490.0;ICON
2026-09-29T06:15:00+02:00;2026-09-29T12:42:44+02:00;meribel;IFS;45.377853;6.6197186;2108.0;2026-10-03T15:00;1.7;16.9;347.0;12.1;1.5;100.0;100.0;77.0;12.0;100.0;8.1;803.0;0.0;3500.0;ICON
2026-09-29T06:15:00+02:00;2026-09-29T12:42:44+02:00;meribel;IFS;45.377853;6.6197186;2108.0;2026-10-03T16:00;2.6;17.3;56.0;11.0;1.5;98.0;94.0;52.0;13.0;98.0;9.0;802.4;0.0;3510.0;ICON
2026-09-29T06:15:00+02:00;2026-09-29T12:42:44+02:00;meribel;IFS;45.377853;6.6197186;2108.0;2026-10-03T17:00;3.8;17.6;73.0;10.0;1.5;90.0;82.0;32.0;15.0;90.0;9.3;801.9;0.0;3520.0;ICON
2026-09-29T06:15:00+02:00;2026-09-29T12:42:44+02:00;meribel;IFS;45.377853;6.6197186;2108.0;2026-10-03T18:00;3.1;17.6;80.0;9.3;0.1;76.0;62.0;27.0;17.0;76.0;8.9;801.4;0.0;3490.0;ICON
2026-09-29T06:15:00+02:00;2026-09-29T12:42:44+02:00;meribel;IFS;45.377853;6.6197186;2108.0;2026-10-03T19:00;1.6;17.6;90.0;8.9;0.1;59.0;37.0;27.0;20.0;59.0;8.0;800.9;0.0;3470.0;ICON
2026-09-29T06:15:00+02:00;2026-09-29T12:42:44+02:00;meribel;IFS;45.377853;6.6197186;2108.0;2026-10-03T20:00;0.8;16.6;135.0;8.4;0.1;45.0;18.0;26.0;22.0;45.0;7.2;800.5;0.0;3440.0;ICON
2026-09-29T06:15:00+02:00;2026-09-29T12:42:44+02:00;meribel;IFS;45.377853;6.6197186;2108.0;2026-10-03T21:00;1.2;13.7;153.0;7.8;0.0;36.0;9.0;19.0;22.0;36.0;6.6;800.2;0.0;3430.0;ICON
2026-09-29T06:15:00+02:00;2026-09-29T12:42:44+02:00;meribel;IFS;45.377853;6.6197186;2108.0;2026-10-03T22:00;2.1;10.4;142.0;7.3;0.0;31.0;6.0;10.0;21.0;31.0;6.0;800.1;0.0;3430.0;ICON
2026-09-29T06:15:00+02:00;2026-09-29T12:42:44+02:00;meribel;IFS;45.377853;6.6197186;2108.0;2026-10-03T23:00;2.8;8.3;140.0;6.9;0.0;31.0;10.0;4.0;20.0;31.0;5.5;800.0;0.0;3420.0;ICON
2026-09-29T06:15:00+02:00;2026-09-29T12:42:44+02:00;meribel;IFS;45.377853;6.6197186;2108.0;2026-10-04T00:00;3.6;9.0;139.0;6.7;0.0;42.0;25.0;3.0;18.0;42.0;5.4;799.8;0.0;3400.0;ICON
2026-09-29T06:15:00+02:00;2026-09-29T12:42:44+02:00;meribel;IFS;45.377853;6.6197186;2108.0;2026-10-04T01:00;4.3;11.2;138.0;6.7;0.0;58.0;48.0;4.0;15.0;58.0;5.5;799.7;0.0;3370.0;ICON
2026-09-29T06:15:00+02:00;2026-09-29T12:42:44+02:00;meribel;IFS;45.377853;6.6197186;2108.0;2026-10-04T02:00;5.1;13.0;138.0;6.6;0.0;71.0;65.0;5.0;13.0;71.0;5.5;799.4;0.0;3350.0;ICON
2026-09-29T06:15:00+02:00;2026-09-29T12:42:44+02:00;meribel;IFS;45.377853;6.6197186;2108.0;2026-10-04T03:00;5.6;13.7;138.0;6.2;0.0;77.0;73.0;5.0;13.0;77.0;5.3;798.8;0.0;3350.0;ICON
2026-09-29T06:15:00+02:00;2026-09-29T12:42:44+02:00;meribel;IFS;45.377853;6.6197186;2108.0;2026-10-04T04:00;5.9;14.4;137.0;5.7;0.0;79.0;75.0;4.0;14.0;79.0;4.9;798.1;0.0;3350.0;ICON
2026-09-29T06:15:00+02:00;2026-09-29T12:42:44+02:00;meribel;IFS;45.377853;6.6197186;2108.0;2026-10-04T05:00;6.1;14.8;137.0;5.3;0.0;75.0;72.0;3.0;13.0;75.0;4.6;797.5;0.0;3350.0;ICON
2026-09-29T06:15:00+02:00;2026-09-29T12:42:44+02:00;meribel;IFS;45.377853;6.6197186;2108.0;2026-10-04T06:00;6.4;15.1;137.0;4.8;0.0;63.0;62.0;2.0;9.0;63.0;4.3;797.2;0.0;3335.0;ICON
2026-09-29T06:15:00+02:00;2026-09-29T12:42:44+02:00;meribel;IFS;45.377853;6.6197186;2108.0;2026-10-04T07:00;6.5;15.1;138.0;4.3;0.0;46.0;46.0;1.0;3.0;46.0;4.0;796.9;0.0;3310.0;ICON
2026-09-29T06:15:00+02:00;2026-09-29T12:42:44+02:00;meribel;IFS;45.377853;6.6197186;2108.0;2026-10-04T08:00;6.0;15.1;139.0;4.6;0.0;31.0;31.0;0.0;0.0;31.0;4.0;797.2;0.0;3295.0;ICON
2026-09-29T06:15:00+02:00;2026-09-29T12:42:44+02:00;meribel;IFS;45.377853;6.6197186;2108.0;2026-10-04T09:00;4.2;15.1;140.0;6.6;0.0;18.0;18.0;0.0;0.0;18.0;4.5;798.7;0.0;3360.0;ICON
2026-09-29T06:15:00+02:00;2026-09-29T12:42:44+02:00;meribel;IFS;45.377853;6.6197186;2108.0;2026-10-04T10:00;1.7;15.5;148.0;9.4;0.0;9.0;6.0;0.0;1.0;9.0;5.3;800.8;0.0;3320.0;ICON
2026-09-29T06:15:00+02:00;2026-09-29T12:42:44+02:00;meribel;IFS;45.377853;6.6197186;2108.0;2026-10-04T11:00;0.9;15.8;281.0;11.7;0.0;10.0;0.0;0.0;10.0;10.0;5.7;802.4;0.0;3290.0;ICON
2026-09-29T06:15:00+02:00;2026-09-29T12:42:44+02:00;meribel;IFS;45.377853;6.6197186;2108.0;2026-10-04T12:00;2.7;16.9;293.0;13.0;0.0;34.0;3.0;4.0;37.0;37.0;5.5;802.9;0.0;3250.0;ICON
2026-09-29T06:15:00+02:00;2026-09-29T12:42:44+02:00;meribel;IFS;45.377853;6.6197186;2108.0;2026-10-04T13:00;4.4;18.0;291.0;13.7;0.0;69.0;13.0;11.0;72.0;72.0;4.9;802.9;0.0;3220.0;ICON
2026-09-29T06:15:00+02:00;2026-09-29T12:42:44+02:00;meribel;IFS;45.377853;6.6197186;2108.0;2026-10-04T14:00;5.5;19.1;293.0;14.2;0.0;92.0;23.0;15.0;89.0;92.0;4.5;802.7;0.0;3180.0;ICON
2026-09-29T06:15:00+02:00;2026-09-29T12:42:44+02:00;meribel;IFS;45.377853;6.6197186;2108.0;2026-10-04T15:00;5.9;19.4;297.0;14.3;0.0;89.0;33.0;15.0;68.0;89.0;4.5;802.4;0.0;3190.0;ICON
2026-09-29T06:15:00+02:00;2026-09-29T12:42:44+02:00;meribel;IFS;45.377853;6.6197186;2108.0;2026-10-04T16:00;5.7;19.4;302.0;14.1;0.0;74.0;44.0;14.0;28.0;74.0;4.7;801.8;0.0;3200.0;ICON
2026-09-29T06:15:00+02:00;2026-09-29T12:42:44+02:00;meribel;IFS;45.377853;6.6197186;2108.0;2026-10-04T17:00;5.1;19.1;306.0;13.5;0.0;65.0;56.0;15.0;7.0;65.0;5.1;801.4;0.0;3210.0;ICON
2026-09-29T06:15:00+02:00;2026-09-29T12:42:44+02:00;meribel;IFS;45.377853;6.6197186;2108.0;2026-10-04T18:00;3.6;19.1;307.0;12.2;0.2;73.0;72.0;24.0;25.0;73.0;6.2;801.0;0.0;3230.0;ICON
2026-09-29T06:15:00+02:00;2026-09-29T12:42:44+02:00;meribel;IFS;45.377853;6.6197186;2108.0;2026-10-04T19:00;1.4;18.7;310.0;10.6;0.2;89.0;89.0;36.0;61.0;89.0;7.5;800.7;0.0;3240.0;ICON
2026-09-29T06:15:00+02:00;2026-09-29T12:42:44+02:00;meribel;IFS;45.377853;6.6197186;2108.0;2026-10-04T20:00;0.3;17.3;135.0;9.2;0.2;99.0;91.0;41.0;88.0;99.0;8.3;800.3;0.0;3260.0;ICON
2026-09-29T06:15:00+02:00;2026-09-29T12:42:44+02:00;meribel;IFS;45.377853;6.6197186;2108.0;2026-10-04T21:00;1.2;13.7;141.0;8.5;0.1;99.0;63.0;31.0;97.0;99.0;8.1;799.8;0.0;3260.0;ICON
2026-09-29T06:15:00+02:00;2026-09-29T12:42:44+02:00;meribel;IFS;45.377853;6.6197186;2108.0;2026-10-04T22:00;1.5;9.0;150.0;8.0;0.1;93.0;22.0;13.0;97.0;97.0;7.5;799.4;0.0;3260.0;ICON
2026-09-29T06:15:00+02:00;2026-09-29T12:42:44+02:00;meribel;IFS;45.377853;6.6197186;2108.0;2026-10-04T23:00;1.9;6.1;151.0;7.4;0.1;90.0;1.0;0.0;90.0;90.0;6.8;798.8;0.0;3260.0;ICON
2026-09-29T06:15:00+02:00;2026-09-29T12:42:44+02:00;meribel;IFS;45.377853;6.6197186;2108.0;2026-10-05T00:00;2.2;12.6;138.0;5.8;0.0;99.0;98.0;16.0;46.0;99.0;5.8;797.7;0.0;3300.0;ICON
2026-09-29T06:15:00+02:00;2026-09-29T12:42:44+02:00;meribel;IFS;45.377853;6.6197186;2108.0;2026-10-05T01:00;2.6;11.5;141.0;5.1;0.0;99.0;98.0;9.0;37.0;99.0;5.1;797.0;0.0;3330.0;ICON
2026-09-29T06:15:00+02:00;2026-09-29T12:42:44+02:00;meribel;IFS;45.377853;6.6197186;2108.0;2026-10-05T02:00;2.8;10.8;140.0;4.6;0.0;99.0;98.0;4.0;34.0;99.0;4.5;796.6;0.0;3370.0;ICON
2026-09-29T06:15:00+02:00;2026-09-29T12:42:44+02:00;meribel;IFS;45.377853;6.6197186;2108.0;2026-10-05T03:00;3.1;10.8;140.0;4.1;0.0;99.0;99.0;1.0;38.0;99.0;4.2;796.1;0.0;3390.0;ICON
2026-09-29T06:15:00+02:00;2026-09-29T12:42:44+02:00;meribel;IFS;45.377853;6.6197186;2108.0;2026-10-05T04:00;3.4;10.8;137.0;3.6;0.0;99.0;100.0;0.0;47.0;100.0;3.9;795.6;0.0;3420.0;ICON
2026-09-29T06:15:00+02:00;2026-09-29T12:42:44+02:00;meribel;IFS;45.377853;6.6197186;2108.0;2026-10-05T05:00;3.6;11.2;135.0;3.2;0.0;100.0;100.0;0.0;59.0;100.0;3.8;795.2;0.0;3440.0;ICON
2026-09-29T06:15:00+02:00;2026-09-29T12:42:44+02:00;meribel;IFS;45.377853;6.6197186;2108.0;2026-10-05T06:00;3.7;11.9;133.0;3.0;0.0;100.0;100.0;0.0;72.0;100.0;3.6;795.0;0.0;3470.0;ICON
2026-09-29T06:15:00+02:00;2026-09-29T12:42:44+02:00;meribel;IFS;45.377853;6.6197186;2108.0;2026-10-05T07:00;3.4;12.6;133.0;3.1;0.0;100.0;100.0;0.0;83.0;100.0;3.6;794.9;0.0;3490.0;ICON
2026-09-29T06:15:00+02:00;2026-09-29T12:42:44+02:00;meribel;IFS;45.377853;6.6197186;2108.0;2026-10-05T08:00;2.9;13.7;137.0;3.6;0.0;100.0;98.0;0.0;91.0;100.0;3.6;795.1;0.0;3520.0;ICON
2026-09-29T06:15:00+02:00;2026-09-29T12:42:44+02:00;meribel;IFS;45.377853;6.6197186;2108.0;2026-10-05T09:00;2.0;14.8;153.0;4.8;0.0;100.0;94.0;5.0;96.0;100.0;3.6;795.8;0.0;3530.0;ICON
2026-09-29T06:15:00+02:00;2026-09-29T12:42:44+02:00;meribel;IFS;45.377853;6.6197186;2108.0;2026-10-05T10:00;1.3;16.2;214.0;6.6;0.0;100.0;87.0;12.0;100.0;100.0;3.8;796.8;0.0;3550.0;ICON
2026-09-29T06:15:00+02:00;2026-09-29T12:42:44+02:00;meribel;IFS;45.377853;6.6197186;2108.0;2026-10-05T11:00;2.7;18.0;262.0;8.7;0.0;100.0;80.0;21.0;100.0;100.0;4.0;798.1;0.0;3560.0;ICON
2026-09-29T06:15:00+02:00;2026-09-29T12:42:44+02:00;meribel;IFS;45.377853;6.6197186;2108.0;2026-10-05T12:00;4.5;19.4;275.0;10.8;0.0;100.0;72.0;29.0;100.0;100.0;4.2;799.3;0.0;3530.0;ICON
2026-09-29T06:15:00+02:00;2026-09-29T12:42:44+02:00;meribel;IFS;45.377853;6.6197186;2108.0;2026-10-05T13:00;6.0;20.9;279.0;12.5;0.0;100.0;64.0;36.0;100.0;100.0;4.4;800.3;0.0;3490.0;ICON
2026-09-29T06:15:00+02:00;2026-09-29T12:42:44+02:00;meribel;IFS;45.377853;6.6197186;2108.0;2026-10-05T14:00;6.8;22.0;281.0;13.5;0.0;99.0;56.0;41.0;99.0;99.0;4.6;800.9;0.0;3460.0;ICON
2026-09-29T06:15:00+02:00;2026-09-29T12:42:44+02:00;meribel;IFS;45.377853;6.6197186;2108.0;2026-10-05T15:00;6.6;22.7;281.0;13.6;0.0;95.0;47.0;43.0;93.0;95.0;4.8;800.9;0.0;3480.0;ICON
2026-09-29T06:15:00+02:00;2026-09-29T12:42:44+02:00;meribel;IFS;45.377853;6.6197186;2108.0;2026-10-05T16:00;5.5;23.0;281.0;13.2;0.0;89.0;38.0;42.0;83.0;89.0;5.0;800.6;0.0;3500.0;ICON
2026-09-29T06:15:00+02:00;2026-09-29T12:42:44+02:00;meribel;IFS;45.377853;6.6197186;2108.0;2026-10-05T17:00;4.2;23.4;280.0;12.4;0.0;83.0;28.0;41.0;72.0;83.0;5.2;800.2;0.0;3520.0;ICON
2026-09-29T06:15:00+02:00;2026-09-29T12:42:44+02:00;meribel;IFS;45.377853;6.6197186;2108.0;2026-10-05T18:00;2.5;23.4;274.0;11.4;0.0;76.0;19.0;38.0;61.0;76.0;5.3;799.6;0.0;3500.0;ICON
2026-09-29T06:15:00+02:00;2026-09-29T12:42:44+02:00;meribel;IFS;45.377853;6.6197186;2108.0;2026-10-05T19:00;1.1;23.0;261.0;10.4;0.0;69.0;11.0;36.0;50.0;69.0;5.4;798.9;0.0;3470.0;ICON
2026-09-29T06:15:00+02:00;2026-09-29T12:42:44+02:00;meribel;IFS;45.377853;6.6197186;2108.0;2026-10-05T20:00;0.6;22.0;198.0;9.6;0.0;64.0;5.0;35.0;43.0;64.0;5.5;798.4;0.0;3450.0;ICON
2026-09-29T06:15:00+02:00;2026-09-29T12:42:44+02:00;meribel;IFS;45.377853;6.6197186;2108.0;2026-10-05T21:00;0.8;20.2;153.0;9.0;0.0;60.0;2.0;35.0;39.0;60.0;5.4;797.9;0.0;3470.0;ICON
2026-09-29T06:15:00+02:00;2026-09-29T12:42:44+02:00;meribel;IFS;45.377853;6.6197186;2108.0;2026-10-05T22:00;1.3;17.6;146.0;8.3;0.0;57.0;0.0;35.0;37.0;57.0;5.3;797.4;0.0;3500.0;ICON
2026-09-29T06:15:00+02:00;2026-09-29T12:42:44+02:00;meribel;IFS;45.377853;6.6197186;2108.0;2026-10-05T23:00;1.5;14.8;144.0;7.6;0.0;54.0;0.0;36.0;37.0;54.0;5.1;796.9;0.0;3520.0;ICON
2026-09-29T06:15:00+02:00;2026-09-29T12:42:44+02:00;meribel;IFS;45.377853;6.6197186;2108.0;2026-10-06T00:00;1.8;11.5;143.0;6.9;0.0;52.0;0.0;36.0;37.0;52.0;4.9;796.3;0.0;3510.0;ICON
2026-09-29T06:15:00+02:00;2026-09-29T12:42:44+02:00;meribel;IFS;45.377853;6.6197186;2108.0;2026-10-06T01:00;1.8;9.0;143.0;6.4;0.0;49.0;1.0;35.0;36.0;49.0;4.6;795.9;0.0;3490.0;ICON
2026-09-29T06:15:00+02:00;2026-09-29T12:42:44+02:00;meribel;IFS;45.377853;6.6197186;2108.0;2026-10-06T02:00;2.1;7.2;142.0;6.0;0.0;45.0;1.0;34.0;34.0;45.0;4.4;795.5;0.0;3480.0;ICON
2026-09-29T06:15:00+02:00;2026-09-29T12:42:44+02:00;meribel;IFS;45.377853;6.6197186;2108.0;2026-10-06T03:00;2.2;6.1;138.0;5.6;0.0;40.0;1.0;31.0;29.0;40.0;4.1;795.2;0.0;3470.0;ICON
2026-09-29T06:15:00+02:00;2026-09-29T12:42:44+02:00;meribel;IFS;45.377853;6.6197186;2108.0;2026-10-06T04:00;2.4;5.8;138.0;5.2;0.0;33.0;0.0;27.0;23.0;33.0;3.7;794.8;0.0;3470.0;ICON
2026-09-29T06:15:00+02:00;2026-09-29T12:42:44+02:00;meribel;IFS;45.377853;6.6197186;2108.0;2026-10-06T05:00;2.4;5.8;138.0;5.0;0.0;26.0;0.0;22.0;15.0;26.0;3.4;794.5;0.0;3460.0;ICON
2026-09-29T06:15:00+02:00;2026-09-29T12:42:44+02:00;meribel;IFS;45.377853;6.6197186;2108.0;2026-10-06T06:00;2.4;5.8;138.0;4.9;0.0;19.0;1.0;17.0;9.0;19.0;3.0;794.3;0.0;3450.0;ICON
2026-09-29T06:15:00+02:00;2026-09-29T12:42:44+02:00;meribel;IFS;45.377853;6.6197186;2108.0;2026-10-06T07:00;2.4;6.5;138.0;5.1;0.0;15.0;2.0;13.0;3.0;15.0;2.8;794.3;0.0;3430.0;ICON
2026-09-29T06:15:00+02:00;2026-09-29T12:42:44+02:00;meribel;IFS;45.377853;6.6197186;2108.0;2026-10-06T08:00;1.9;7.2;139.0;5.6;0.0;15.0;6.0;11.0;0.0;15.0;2.7;794.5;0.0;3420.0;ICON
2026-09-29T06:15:00+02:00;2026-09-29T12:42:44+02:00;meribel;IFS;45.377853;6.6197186;2108.0;2026-10-06T09:00;1.0;8.3;149.0;6.8;0.0;20.0;13.0;11.0;0.0;20.0;2.8;795.1;0.0;3430.0;ICON
2026-09-29T06:15:00+02:00;2026-09-29T12:42:44+02:00;meribel;IFS;45.377853;6.6197186;2108.0;2026-10-06T10:00;0.5;10.1;270.0;8.7;0.0;29.0;24.0;12.0;1.0;29.0;3.1;796.1;0.0;3450.0;ICON
2026-09-29T06:15:00+02:00;2026-09-29T12:42:44+02:00;meribel;IFS;45.377853;6.6197186;2108.0;2026-10-06T11:00;2.0;12.2;297.0;10.8;0.0;40.0;35.0;14.0;4.0;40.0;3.4;797.4;0.0;3460.0;ICON
2026-09-29T06:15:00+02:00;2026-09-29T12:42:44+02:00;meribel;IFS;45.377853;6.6197186;2108.0;2026-10-06T12:00;3.4;14.0;302.0;12.8;0.0;52.0;46.0;16.0;8.0;52.0;3.8;798.5;0.0;3440.0;ICON
2026-09-29T06:15:00+02:00;2026-09-29T12:42:44+02:00;meribel;IFS;45.377853;6.6197186;2108.0;2026-10-06T13:00;4.3;16.2;303.0;14.4;0.0;62.0;55.0;18.0;12.0;62.0;4.3;799.3;0.0;3410.0;ICON
2026-09-29T06:15:00+02:00;2026-09-29T12:42:44+02:00;meribel;IFS;45.377853;6.6197186;2108.0;2026-10-06T14:00;4.8;17.6;304.0;15.3;0.0;68.0;58.0;20.0;16.0;68.0;4.8;799.8;0.0;3390.0;ICON
2026-09-29T06:15:00+02:00;2026-09-29T12:42:44+02:00;meribel;IFS;45.377853;6.6197186;2108.0;2026-10-06T15:00;4.4;19.1;305.0;15.2;1.4;70.0;54.0;21.0;20.0;70.0;5.5;799.8;0.0;;
2026-09-29T06:15:00+02:00;2026-09-29T12:42:44+02:00;meribel;IFS;45.377853;6.6197186;2108.0;2026-10-06T16:00;3.5;20.5;309.0;14.4;1.4;69.0;45.0;22.0;25.0;69.0;6.3;799.4;0.0;;
2026-09-29T06:15:00+02:00;2026-09-29T12:42:44+02:00;meribel;IFS;45.377853;6.6197186;2108.0;2026-10-06T17:00;2.0;21.6;315.0;13.3;1.4;67.0;32.0;22.0;31.0;67.0;7.2;798.8;0.0;;
2026-09-29T06:15:00+02:00;2026-09-29T12:42:44+02:00;meribel;IFS;45.377853;6.6197186;2108.0;2026-10-06T18:00;0.7;22.7;346.0;11.9;1.4;64.0;20.0;23.0;37.0;64.0;8.0;798.1;0.0;;
2026-09-29T06:15:00+02:00;2026-09-29T12:42:44+02:00;meribel;IFS;45.377853;6.6197186;2108.0;2026-10-06T19:00;1.1;23.4;90.0;10.7;1.4;62.0;12.0;24.0;43.0;62.0;8.6;797.4;0.0;;
2026-09-29T06:15:00+02:00;2026-09-29T12:42:44+02:00;meribel;IFS;45.377853;6.6197186;2108.0;2026-10-06T20:00;2.1;23.4;110.0;9.7;1.4;63.0;9.0;26.0;49.0;63.0;8.9;796.9;0.0;;
2026-09-29T06:15:00+02:00;2026-09-29T12:42:44+02:00;meribel;IFS;45.377853;6.6197186;2108.0;2026-10-06T21:00;2.9;22.7;120.0;9.1;0.0;67.0;15.0;28.0;56.0;67.0;8.7;796.5;0.0;;
2026-09-29T06:15:00+02:00;2026-09-29T12:42:44+02:00;meribel;IFS;45.377853;6.6197186;2108.0;2026-10-06T22:00;3.6;21.2;127.0;8.5;0.0;73.0;28.0;30.0;63.0;73.0;8.3;796.1;0.0;;
2026-09-29T06:15:00+02:00;2026-09-29T12:42:44+02:00;meribel;IFS;45.377853;6.6197186;2108.0;2026-10-06T23:00;4.3;19.4;132.0;8.0;0.0;80.0;45.0;32.0;71.0;80.0;7.6;795.7;0.0;;
2026-09-29T06:15:00+02:00;2026-09-29T12:42:44+02:00;meribel;IFS;45.377853;6.6197186;2108.0;2026-10-07T00:00;5.0;17.3;136.0;7.5;0.0;87.0;61.0;35.0;78.0;87.0;6.9;795.4;0.0;;
2026-09-29T06:15:00+02:00;2026-09-29T12:42:44+02:00;meribel;IFS;45.377853;6.6197186;2108.0;2026-10-07T01:00;5.5;15.8;139.0;7.2;0.0;94.0;73.0;39.0;84.0;94.0;6.3;795.0;0.0;;
2026-09-29T06:15:00+02:00;2026-09-29T12:42:44+02:00;meribel;IFS;45.377853;6.6197186;2108.0;2026-10-07T02:00;5.8;14.8;141.0;6.9;0.0;98.0;78.0;44.0;89.0;98.0;5.9;794.8;0.0;;
2026-09-29T06:15:00+02:00;2026-09-29T12:42:44+02:00;meribel;IFS;45.377853;6.6197186;2108.0;2026-10-07T03:00;5.8;14.4;141.0;6.7;0.4;100.0;73.0;52.0;93.0;100.0;5.8;794.5;0.0;;
2026-09-29T06:15:00+02:00;2026-09-29T12:42:44+02:00;meribel;IFS;45.377853;6.6197186;2108.0;2026-10-07T04:00;5.9;14.4;140.0;6.6;0.4;100.0;62.0;63.0;96.0;100.0;5.9;794.3;0.0;;
2026-09-29T06:15:00+02:00;2026-09-29T12:42:44+02:00;meribel;IFS;45.377853;6.6197186;2108.0;2026-10-07T05:00;5.6;14.4;138.0;6.6;0.4;100.0;47.0;74.0;99.0;100.0;6.1;794.0;0.0;;
2026-09-29T06:15:00+02:00;2026-09-29T12:42:44+02:00;meribel;IFS;45.377853;6.6197186;2108.0;2026-10-07T06:00;5.2;14.8;136.0;6.7;0.4;100.0;31.0;85.0;100.0;100.0;6.3;793.9;0.0;;
2026-09-29T06:15:00+02:00;2026-09-29T12:42:44+02:00;meribel;IFS;45.377853;6.6197186;2108.0;2026-10-07T07:00;4.6;15.5;135.0;6.9;0.4;100.0;16.0;93.0;100.0;100.0;6.4;793.8;0.0;;
2026-09-29T06:15:00+02:00;2026-09-29T12:42:44+02:00;meribel;IFS;45.377853;6.6197186;2108.0;2026-10-07T08:00;3.6;16.2;135.0;7.3;0.4;100.0;7.0;97.0;98.0;100.0;6.4;793.9;0.0;;
2026-09-29T06:15:00+02:00;2026-09-29T12:42:44+02:00;meribel;IFS;45.377853;6.6197186;2108.0;2026-10-07T09:00;2.1;17.3;142.0;8.0;0.0;98.0;2.0;95.0;92.0;98.0;6.1;794.3;0.0;;
2026-09-29T06:15:00+02:00;2026-09-29T12:42:44+02:00;meribel;IFS;45.377853;6.6197186;2108.0;2026-10-07T10:00;0.7;18.7;256.0;9.0;0.0;94.0;0.0;89.0;83.0;94.0;5.8;794.8;0.0;;
2026-09-29T06:15:00+02:00;2026-09-29T12:42:44+02:00;meribel;IFS;45.377853;6.6197186;2108.0;2026-10-07T11:00;3.1;20.2;294.0;10.1;0.0;89.0;0.0;80.0;73.0;89.0;5.3;795.4;0.0;;
2026-09-29T06:15:00+02:00;2026-09-29T12:42:44+02:00;meribel;IFS;45.377853;6.6197186;2108.0;2026-10-07T12:00;5.6;22.0;297.0;11.2;0.0;85.0;0.0;70.0;63.0;85.0;4.9;796.1;0.0;;
2026-09-29T06:15:00+02:00;2026-09-29T12:42:44+02:00;meribel;IFS;45.377853;6.6197186;2108.0;2026-10-07T13:00;7.6;23.0;298.0;12.0;0.0;81.0;2.0;61.0;55.0;81.0;4.6;796.6;0.0;;
2026-09-29T06:15:00+02:00;2026-09-29T12:42:44+02:00;meribel;IFS;45.377853;6.6197186;2108.0;2026-10-07T14:00;8.5;24.1;299.0;12.4;0.0;80.0;5.0;55.0;52.0;80.0;4.5;796.8;0.0;;
2026-09-29T06:15:00+02:00;2026-09-29T12:42:44+02:00;meribel;IFS;45.377853;6.6197186;2108.0;2026-10-07T15:00;8.1;24.8;299.0;12.2;0.4;81.0;9.0;52.0;55.0;81.0;4.8;796.7;0.0;;
2026-09-29T06:15:00+02:00;2026-09-29T12:42:44+02:00;meribel;IFS;45.377853;6.6197186;2108.0;2026-10-07T16:00;6.9;25.2;300.0;11.5;0.4;84.0;14.0;51.0;61.0;84.0;5.4;796.5;0.0;;
2026-09-29T06:15:00+02:00;2026-09-29T12:42:44+02:00;meribel;IFS;45.377853;6.6197186;2108.0;2026-10-07T17:00;5.0;25.6;300.0;10.7;0.4;88.0;21.0;51.0;71.0;88.0;6.1;796.2;0.0;;
2026-09-29T06:15:00+02:00;2026-09-29T12:42:44+02:00;meribel;IFS;45.377853;6.6197186;2108.0;2026-10-07T18:00;3.1;25.6;298.0;9.6;0.4;92.0;28.0;51.0;81.0;92.0;6.7;795.7;0.0;;
2026-09-29T06:15:00+02:00;2026-09-29T12:42:44+02:00;meribel;IFS;45.377853;6.6197186;2108.0;2026-10-07T19:00;1.2;25.2;297.0;8.6;0.4;95.0;36.0;52.0;90.0;95.0;7.2;795.3;0.0;;
2026-09-29T06:15:00+02:00;2026-09-29T12:42:44+02:00;meribel;IFS;45.377853;6.6197186;2108.0;2026-10-07T20:00;0.2;24.1;180.0;7.8;0.4;98.0;44.0;52.0;95.0;98.0;7.4;794.8;0.0;;
2026-09-29T06:15:00+02:00;2026-09-29T12:42:44+02:00;meribel;IFS;45.377853;6.6197186;2108.0;2026-10-07T21:00;0.8;22.3;135.0;7.0;0.3;99.0;53.0;53.0;98.0;99.0;7.1;794.4;0.0;;
2026-09-29T06:15:00+02:00;2026-09-29T12:42:44+02:00;meribel;IFS;45.377853;6.6197186;2108.0;2026-10-07T22:00;1.2;19.4;129.0;6.2;0.3;100.0;63.0;56.0;100.0;100.0;6.5;793.8;0.0;;
2026-09-29T06:15:00+02:00;2026-09-29T12:42:44+02:00;meribel;IFS;45.377853;6.6197186;2108.0;2026-10-07T23:00;1.2;16.2;129.0;5.5;0.3;100.0;74.0;58.0;100.0;100.0;5.7;793.2;0.0;;
2026-09-29T06:15:00+02:00;2026-09-29T12:42:44+02:00;meribel;IFS;45.377853;6.6197186;2108.0;2026-10-08T00:00;1.2;12.6;129.0;4.8;0.3;100.0;84.0;60.0;100.0;100.0;4.9;792.7;0.0;;
2026-09-29T06:15:00+02:00;2026-09-29T12:42:44+02:00;meribel;IFS;45.377853;6.6197186;2108.0;2026-10-08T01:00;1.2;10.1;129.0;4.1;0.3;100.0;93.0;60.0;97.0;100.0;4.2;792.1;0.0;;
2026-09-29T06:15:00+02:00;2026-09-29T12:42:44+02:00;meribel;IFS;45.377853;6.6197186;2108.0;2026-10-08T02:00;1.4;8.3;130.0;3.7;0.3;100.0;99.0;58.0;91.0;100.0;3.7;791.7;0.0;;
2026-09-29T06:15:00+02:00;2026-09-29T12:42:44+02:00;meribel;IFS;45.377853;6.6197186;2108.0;2026-10-08T03:00;1.9;7.6;131.0;3.3;0.0;100.0;100.0;52.0;79.0;100.0;3.4;791.5;0.0;;
2026-09-29T06:15:00+02:00;2026-09-29T12:42:44+02:00;meribel;IFS;45.377853;6.6197186;2108.0;2026-10-08T04:00;2.4;7.6;132.0;3.0;0.0;100.0;100.0;43.0;62.0;100.0;3.2;791.1;0.0;;
2026-09-29T06:15:00+02:00;2026-09-29T12:42:44+02:00;meribel;IFS;45.377853;6.6197186;2108.0;2026-10-08T05:00;3.2;7.9;133.0;2.8;0.0;100.0;100.0;32.0;42.0;100.0;3.1;791.0;0.0;;
2026-09-29T06:15:00+02:00;2026-09-29T12:42:44+02:00;meribel;IFS;45.377853;6.6197186;2108.0;2026-10-08T06:00;3.6;8.6;135.0;2.7;0.0;100.0;100.0;21.0;23.0;100.0;3.0;791.0;0.0;;
2026-09-29T06:15:00+02:00;2026-09-29T12:42:44+02:00;meribel;IFS;45.377853;6.6197186;2108.0;2026-10-08T07:00;3.7;9.7;133.0;2.8;0.0;100.0;100.0;12.0;8.0;100.0;3.1;791.0;0.0;;
2026-09-29T06:15:00+02:00;2026-09-29T12:42:44+02:00;meribel;IFS;45.377853;6.6197186;2108.0;2026-10-08T08:00;3.2;11.2;133.0;3.2;0.0;99.0;99.0;5.0;0.0;99.0;3.2;791.3;0.0;;
2026-09-29T06:15:00+02:00;2026-09-29T12:42:44+02:00;meribel;IFS;45.377853;6.6197186;2108.0;2026-10-08T09:00;1.8;13.0;127.0;4.1;0.1;96.0;93.0;1.0;1.0;96.0;3.4;791.9;0.0;;
2026-09-29T06:15:00+02:00;2026-09-29T12:42:44+02:00;meribel;IFS;45.377853;6.6197186;2108.0;2026-10-08T10:00;0.7;15.5;346.0;5.4;0.1;93.0;84.0;0.0;10.0;93.0;3.8;792.9;0.0;;
2026-09-29T06:15:00+02:00;2026-09-29T12:42:44+02:00;meribel;IFS;45.377853;6.6197186;2108.0;2026-10-08T11:00;3.2;18.0;326.0;6.9;0.1;88.0;74.0;0.0;22.0;88.0;4.2;794.0;0.0;;
2026-09-29T06:15:00+02:00;2026-09-29T12:42:44+02:00;meribel;IFS;45.377853;6.6197186;2108.0;2026-10-08T12:00;5.9;20.9;322.0;8.3;0.1;84.0;64.0;0.0;36.0;84.0;4.7;795.1;0.0;;
2026-09-29T06:15:00+02:00;2026-09-29T12:42:44+02:00;meribel;IFS;45.377853;6.6197186;2108.0;2026-10-08T13:00;8.1;23.4;321.0;9.5;0.1;81.0;57.0;0.0;49.0;81.0;5.1;796.0;0.0;;
2026-09-29T06:15:00+02:00;2026-09-29T12:42:44+02:00;meribel;IFS;45.377853;6.6197186;2108.0;2026-10-08T14:00;9.2;25.2;321.0;10.0;0.1;80.0;54.0;0.0;58.0;80.0;5.4;796.5;0.0;;
2026-09-29T06:15:00+02:00;2026-09-29T12:42:44+02:00;meribel;IFS;45.377853;6.6197186;2108.0;2026-10-08T15:00;9.2;26.6;321.0;9.9;0.1;81.0;57.0;0.0;65.0;81.0;5.5;796.5;0.0;;
2026-09-29T06:15:00+02:00;2026-09-29T12:42:44+02:00;meribel;IFS;45.377853;6.6197186;2108.0;2026-10-08T16:00;8.6;28.1;321.0;9.3;0.1;85.0;64.0;0.0;71.0;85.0;5.6;796.3;0.0;;
2026-09-29T06:15:00+02:00;2026-09-29T12:42:44+02:00;meribel;IFS;45.377853;6.6197186;2108.0;2026-10-08T17:00;7.3;29.2;322.0;8.3;0.1;89.0;74.0;1.0;76.0;89.0;5.7;795.8;0.0;;
2026-09-29T06:15:00+02:00;2026-09-29T12:42:44+02:00;meribel;IFS;45.377853;6.6197186;2108.0;2026-10-08T18:00;5.9;29.9;322.0;7.2;0.1;93.0;85.0;1.0;80.0;93.0;5.7;795.2;0.0;;
2026-09-29T06:15:00+02:00;2026-09-29T12:42:44+02:00;meribel;IFS;45.377853;6.6197186;2108.0;2026-10-08T19:00;4.5;29.9;323.0;6.2;0.1;97.0;94.0;2.0;82.0;97.0;5.6;794.7;0.0;;
2026-09-29T06:15:00+02:00;2026-09-29T12:42:44+02:00;meribel;IFS;45.377853;6.6197186;2108.0;2026-10-08T20:00;3.2;29.5;326.0;5.5;0.1;100.0;100.0;2.0;83.0;100.0;5.4;794.2;0.0;;
2026-09-29T06:15:00+02:00;2026-09-29T12:42:44+02:00;meribel;IFS;45.377853;6.6197186;2108.0;2026-10-08T21:00;2.2;27.7;336.0;4.9;0.0;100.0;100.0;2.0;81.0;100.0;5.2;793.9;0.0;;
2026-09-29T06:15:00+02:00;2026-09-29T12:42:44+02:00;meribel;IFS;45.377853;6.6197186;2108.0;2026-10-08T22:00;1.1;25.2;360.0;4.4;0.0;100.0;100.0;2.0;75.0;100.0;4.9;793.7;0.0;;
2026-09-29T06:15:00+02:00;2026-09-29T12:42:44+02:00;meribel;IFS;45.377853;6.6197186;2108.0;2026-10-08T23:00;0.9;22.0;79.0;4.0;0.0;100.0;100.0;1.0;68.0;100.0;4.6;793.4;0.0;;
