run_id;fetched_at;spot_key;model_key;grid_latitude;grid_longitude;grid_elevation_m;valid_at;wind_speed_10m_kmh;wind_gusts_10m_kmh;wind_direction_10m_deg;temperature_2m_c;precipitation_mm;cloud_cover_pct;cloud_cover_low_pct;cloud_cover_mid_pct;cloud_cover_high_pct;cloud_cover_max_pct;dew_point_2m_c;surface_pressure_hpa;snowfall_cm;freezing_level_height_m;freeze_source_model
2026-10-09T19:15:00+02:00;2026-10-09T23:42:05+02:00;ferme_de_sauze;AROMEHD;45.09;4.709999;467.0;2026-10-09T00:00;23.2;52.2;344.0;9.7;0.0;;0.0;0.0;0.0;0.0;4.3;;;1800.0;ICON
2026-10-09T19:15:00+02:00;2026-10-09T23:42:05+02:00;ferme_de_sauze;AROMEHD;45.09;4.709999;467.0;2026-10-09T01:00;20.3;50.0;343.0;9.3;0.0;;4.0;0.0;0.0;4.0;4.1;;;1840.0;ICON
2026-10-09T19:15:00+02:00;2026-10-09T23:42:05+02:00;ferme_de_sauze;AROMEHD;45.09;4.709999;467.0;2026-10-09T02:00;22.5;46.1;347.0;9.4;0.0;;15.0;0.0;0.0;15.0;4.0;;;3020.0;ICON
2026-10-09T19:15:00+02:00;2026-10-09T23:42:05+02:00;ferme_de_sauze;AROMEHD;45.09;4.709999;467.0;2026-10-09T03:00;21.5;47.5;351.0;9.4;0.0;;13.0;0.0;0.0;13.0;4.2;;;3140.0;ICON
2026-10-09T19:15:00+02:00;2026-10-09T23:42:05+02:00;ferme_de_sauze;AROMEHD;45.09;4.709999;467.0;2026-10-09T04:00;23.5;51.1;355.0;9.0;0.0;;1.0;0.0;0.0;1.0;4.6;;;3180.0;ICON
2026-10-09T19:15:00+02:00;2026-10-09T23:42:05+02:00;ferme_de_sauze;AROMEHD;45.09;4.709999;467.0;2026-10-09T05:00;21.6;50.8;356.0;9.2;0.0;;0.0;0.0;30.0;30.0;4.4;;;3100.0;ICON
2026-10-09T19:15:00+02:00;2026-10-09T23:42:05+02:00;ferme_de_sauze;AROMEHD;45.09;4.709999;467.0;2026-10-09T06:00;22.3;49.0;359.0;8.7;0.0;;0.0;0.0;0.0;0.0;4.3;;;3370.0;ICON
2026-10-09T19:15:00+02:00;2026-10-09T23:42:05+02:00;ferme_de_sauze;AROMEHD;45.09;4.709999;467.0;2026-10-09T07:00;20.6;48.2;356.0;8.4;0.0;;0.0;0.0;0.0;0.0;4.6;;;3360.0;ICON
2026-10-09T19:15:00+02:00;2026-10-09T23:42:05+02:00;ferme_de_sauze;AROMEHD;45.09;4.709999;467.0;2026-10-09T08:00;22.1;47.5;353.0;8.9;0.0;;0.0;0.0;0.0;0.0;4.5;;;3480.0;ICON
2026-10-09T19:15:00+02:00;2026-10-09T23:42:05+02:00;ferme_de_sauze;AROMEHD;45.09;4.709999;467.0;2026-10-09T09:00;19.1;47.9;356.0;9.1;0.0;;0.0;0.0;0.0;0.0;4.1;;;3510.0;ICON
2026-10-09T19:15:00+02:00;2026-10-09T23:42:05+02:00;ferme_de_sauze;AROMEHD;45.09;4.709999;467.0;2026-10-09T10:00;17.3;42.1;355.0;9.9;0.0;;0.0;0.0;0.0;0.0;3.4;;;3490.0;ICON
2026-10-09T19:15:00+02:00;2026-10-09T23:42:05+02:00;ferme_de_sauze;AROMEHD;45.09;4.709999;467.0;2026-10-09T11:00;17.8;40.7;353.0;11.9;0.0;;0.0;0.0;0.0;0.0;3.1;;;3580.0;ICON
2026-10-09T19:15:00+02:00;2026-10-09T23:42:05+02:00;ferme_de_sauze;AROMEHD;45.09;4.709999;467.0;2026-10-09T12:00;21.9;46.8;17.0;11.9;0.0;;0.0;0.0;0.0;0.0;3.3;;;3570.0;ICON
2026-10-09T19:15:00+02:00;2026-10-09T23:42:05+02:00;ferme_de_sauze;AROMEHD;45.09;4.709999;467.0;2026-10-09T13:00;22.7;49.0;11.0;12.2;0.0;;0.0;0.0;0.0;0.0;4.2;;;3520.0;ICON
2026-10-09T19:15:00+02:00;2026-10-09T23:42:05+02:00;ferme_de_sauze;AROMEHD;45.09;4.709999;467.0;2026-10-09T14:00;20.2;48.2;16.0;13.7;0.0;;0.0;0.0;2.0;2.0;4.0;;;3490.0;ICON
2026-10-09T19:15:00+02:00;2026-10-09T23:42:05+02:00;ferme_de_sauze;AROMEHD;45.09;4.709999;467.0;2026-10-09T15:00;17.3;43.2;17.0;13.8;0.0;;0.0;0.0;17.0;17.0;4.6;;;3440.0;ICON
2026-10-09T19:15:00+02:00;2026-10-09T23:42:05+02:00;ferme_de_sauze;AROMEHD;45.09;4.709999;467.0;2026-10-09T16:00;16.1;37.4;20.0;14.1;0.0;;0.0;0.0;18.0;18.0;5.1;;;3260.0;ICON
2026-10-09T19:15:00+02:00;2026-10-09T23:42:05+02:00;ferme_de_sauze;AROMEHD;45.09;4.709999;467.0;2026-10-09T17:00;14.3;35.3;18.0;14.3;0.0;;0.0;0.0;23.0;23.0;4.3;;;3190.0;ICON
2026-10-09T19:15:00+02:00;2026-10-09T23:42:05+02:00;ferme_de_sauze;AROMEHD;45.09;4.709999;467.0;2026-10-09T18:00;14.1;32.0;15.0;13.6;0.0;;0.0;0.0;0.0;0.0;4.7;;;3180.0;ICON
2026-10-09T19:15:00+02:00;2026-10-09T23:42:05+02:00;ferme_de_sauze;AROMEHD;45.09;4.709999;467.0;2026-10-09T19:00;13.0;31.3;6.0;12.2;0.0;;0.0;0.0;100.0;100.0;4.9;;;3200.0;ICON
2026-10-09T19:15:00+02:00;2026-10-09T23:42:05+02:00;ferme_de_sauze;AROMEHD;45.09;4.709999;467.0;2026-10-09T20:00;10.9;27.7;9.0;11.2;0.0;;0.0;0.0;100.0;100.0;5.7;;;3240.0;ICON
2026-10-09T19:15:00+02:00;2026-10-09T23:42:05+02:00;ferme_de_sauze;AROMEHD;45.09;4.709999;467.0;2026-10-09T21:00;10.2;24.1;10.0;10.3;0.0;;0.0;0.0;99.0;99.0;5.9;;;3230.0;ICON
2026-10-09T19:15:00+02:00;2026-10-09T23:42:05+02:00;ferme_de_sauze;AROMEHD;45.09;4.709999;467.0;2026-10-09T22:00;10.1;20.9;2.0;9.7;0.0;;85.0;1.0;87.0;87.0;6.0;;;3280.0;ICON
2026-10-09T19:15:00+02:00;2026-10-09T23:42:05+02:00;ferme_de_sauze;AROMEHD;45.09;4.709999;467.0;2026-10-09T23:00;9.0;19.4;360.0;9.6;0.0;;3.0;11.0;100.0;100.0;6.1;;;3240.0;ICON
2026-10-09T19:15:00+02:00;2026-10-09T23:42:05+02:00;ferme_de_sauze;AROMEHD;45.09;4.709999;467.0;2026-10-10T00:00;10.5;21.2;354.0;9.6;0.0;;0.0;1.0;100.0;100.0;6.3;;;3220.0;ICON
2026-10-09T19:15:00+02:00;2026-10-09T23:42:05+02:00;ferme_de_sauze;AROMEHD;45.09;4.709999;467.0;2026-10-10T01:00;8.6;20.9;358.0;9.5;0.0;;0.0;0.0;100.0;100.0;6.4;;;3150.0;ICON
2026-10-09T19:15:00+02:00;2026-10-09T23:42:05+02:00;ferme_de_sauze;AROMEHD;45.09;4.709999;467.0;2026-10-10T02:00;5.8;17.3;356.0;9.0;0.0;;30.0;0.0;100.0;100.0;6.4;;;3160.0;ICON
2026-10-09T19:15:00+02:00;2026-10-09T23:42:05+02:00;ferme_de_sauze;AROMEHD;45.09;4.709999;467.0;2026-10-10T03:00;7.5;14.4;343.0;9.1;0.0;;96.0;67.0;100.0;100.0;6.7;;;3080.0;ICON
2026-10-09T19:15:00+02:00;2026-10-09T23:42:05+02:00;ferme_de_sauze;AROMEHD;45.09;4.709999;467.0;2026-10-10T04:00;6.4;15.5;344.0;9.9;0.0;;83.0;100.0;100.0;100.0;6.8;;;3140.0;ICON
2026-10-09T19:15:00+02:00;2026-10-09T23:42:05+02:00;ferme_de_sauze;AROMEHD;45.09;4.709999;467.0;2026-10-10T05:00;3.6;11.9;360.0;9.9;0.0;;58.0;100.0;100.0;100.0;6.9;;;2970.0;ICON
2026-10-09T19:15:00+02:00;2026-10-09T23:42:05+02:00;ferme_de_sauze;AROMEHD;45.09;4.709999;467.0;2026-10-10T06:00;3.1;7.6;315.0;9.8;0.1;;100.0;100.0;100.0;100.0;7.6;;;2950.0;ICON
2026-10-09T19:15:00+02:00;2026-10-09T23:42:05+02:00;ferme_de_sauze;AROMEHD;45.09;4.709999;467.0;2026-10-10T07:00;4.1;6.8;285.0;10.0;0.0;;100.0;97.0;0.0;100.0;8.2;;;2940.0;ICON
2026-10-09T19:15:00+02:00;2026-10-09T23:42:05+02:00;ferme_de_sauze;AROMEHD;45.09;4.709999;467.0;2026-10-10T08:00;4.0;5.0;5.0;9.5;0.0;;0.0;38.0;0.0;38.0;8.2;;;2950.0;ICON
2026-10-09T19:15:00+02:00;2026-10-09T23:42:05+02:00;ferme_de_sauze;AROMEHD;45.09;4.709999;467.0;2026-10-10T09:00;2.7;9.4;23.0;10.3;0.0;;0.0;100.0;0.0;100.0;8.6;;;2940.0;ICON
2026-10-09T19:15:00+02:00;2026-10-09T23:42:05+02:00;ferme_de_sauze;AROMEHD;45.09;4.709999;467.0;2026-10-10T10:00;1.6;5.4;63.0;12.5;0.0;;3.0;11.0;0.0;11.0;9.9;;;2960.0;ICON
2026-10-09T19:15:00+02:00;2026-10-09T23:42:05+02:00;ferme_de_sauze;AROMEHD;45.09;4.709999;467.0;2026-10-10T11:00;2.7;9.7;113.0;14.0;0.0;;0.0;100.0;0.0;100.0;10.6;;;2920.0;ICON
2026-10-09T19:15:00+02:00;2026-10-09T23:42:05+02:00;ferme_de_sauze;AROMEHD;45.09;4.709999;467.0;2026-10-10T12:00;3.0;9.4;104.0;14.5;0.0;;100.0;95.0;0.0;100.0;10.7;;;2910.0;ICON
2026-10-09T19:15:00+02:00;2026-10-09T23:42:05+02:00;ferme_de_sauze;AROMEHD;45.09;4.709999;467.0;2026-10-10T13:00;3.6;11.9;37.0;15.6;0.0;;78.0;100.0;0.0;100.0;11.2;;;2770.0;ICON
2026-10-09T19:15:00+02:00;2026-10-09T23:42:05+02:00;ferme_de_sauze;AROMEHD;45.09;4.709999;467.0;2026-10-10T14:00;5.9;15.1;43.0;16.4;0.0;;84.0;35.0;0.0;84.0;11.3;;;2870.0;ICON
2026-10-09T19:15:00+02:00;2026-10-09T23:42:05+02:00;ferme_de_sauze;AROMEHD;45.09;4.709999;467.0;2026-10-10T15:00;7.3;18.4;79.0;16.9;0.0;;63.0;0.0;0.0;63.0;11.2;;;2770.0;ICON
2026-10-09T19:15:00+02:00;2026-10-09T23:42:05+02:00;ferme_de_sauze;AROMEHD;45.09;4.709999;467.0;2026-10-10T16:00;6.4;19.1;63.0;16.1;0.0;;100.0;99.0;0.0;100.0;11.2;;;2740.0;ICON
2026-10-09T19:15:00+02:00;2026-10-09T23:42:05+02:00;ferme_de_sauze;AROMEHD;45.09;4.709999;467.0;2026-10-10T17:00;2.5;14.4;82.0;16.4;0.0;;25.0;0.0;0.0;25.0;11.7;;;2700.0;ICON
2026-10-09T19:15:00+02:00;2026-10-09T23:42:05+02:00;ferme_de_sauze;AROMEHD;45.09;4.709999;467.0;2026-10-10T18:00;2.2;8.6;171.0;16.3;0.0;;100.0;100.0;0.0;100.0;11.6;;;2710.0;ICON
2026-10-09T19:15:00+02:00;2026-10-09T23:42:05+02:00;ferme_de_sauze;AROMEHD;45.09;4.709999;467.0;2026-10-10T19:00;4.5;18.4;346.0;14.1;3.8;;100.0;100.0;0.0;100.0;13.1;;;3280.0;ICON
2026-10-09T19:15:00+02:00;2026-10-09T23:42:05+02:00;ferme_de_sauze;AROMEHD;45.09;4.709999;467.0;2026-10-10T20:00;12.9;28.1;13.0;12.4;0.3;;12.0;0.0;0.0;12.0;11.2;;;2770.0;ICON
2026-10-09T19:15:00+02:00;2026-10-09T23:42:05+02:00;ferme_de_sauze;AROMEHD;45.09;4.709999;467.0;2026-10-10T21:00;10.9;26.6;8.0;11.1;0.0;;0.0;0.0;0.0;0.0;10.3;;;2730.0;ICON
2026-10-09T19:15:00+02:00;2026-10-09T23:42:05+02:00;ferme_de_sauze;AROMEHD;45.09;4.709999;467.0;2026-10-10T22:00;8.4;21.6;350.0;10.4;0.0;;32.0;0.0;0.0;32.0;9.3;;;2580.0;ICON
2026-10-09T19:15:00+02:00;2026-10-09T23:42:05+02:00;ferme_de_sauze;AROMEHD;45.09;4.709999;467.0;2026-10-10T23:00;9.2;18.7;349.0;10.0;0.0;;5.0;0.0;0.0;5.0;8.1;;;3130.0;ICON
2026-10-09T19:15:00+02:00;2026-10-09T23:42:05+02:00;ferme_de_sauze;AROMEHD;45.09;4.709999;467.0;2026-10-11T00:00;9.0;18.7;337.0;9.5;0.0;;10.0;0.0;0.0;10.0;7.2;;;3190.0;ICON
2026-10-09T19:15:00+02:00;2026-10-09T23:42:05+02:00;ferme_de_sauze;AROMEHD;45.09;4.709999;467.0;2026-10-11T01:00;8.9;17.3;328.0;9.0;0.0;;1.0;0.0;0.0;1.0;6.3;;;3180.0;ICON
2026-10-09T19:15:00+02:00;2026-10-09T23:42:05+02:00;ferme_de_sauze;AROMEHD;45.09;4.709999;467.0;2026-10-11T02:00;9.2;18.4;334.0;8.7;0.0;;2.0;0.0;0.0;2.0;6.0;;;3170.0;ICON
2026-10-09T19:15:00+02:00;2026-10-09T23:42:05+02:00;ferme_de_sauze;AROMEHD;45.09;4.709999;467.0;2026-10-11T03:00;9.0;18.0;344.0;8.3;0.0;;0.0;0.0;0.0;0.0;5.4;;;3270.0;ICON
2026-10-09T19:15:00+02:00;2026-10-09T23:42:05+02:00;ferme_de_sauze;AROMEHD;45.09;4.709999;467.0;2026-10-11T04:00;8.2;17.3;345.0;7.9;0.0;;0.0;0.0;95.0;95.0;5.0;;;3290.0;ICON
2026-10-09T19:15:00+02:00;2026-10-09T23:42:05+02:00;ferme_de_sauze;AROMEHD;45.09;4.709999;467.0;2026-10-11T05:00;9.8;19.1;336.0;7.7;0.0;;0.0;0.0;100.0;100.0;4.5;;;3280.0;ICON
2026-10-09T19:15:00+02:00;2026-10-09T23:42:05+02:00;ferme_de_sauze;AROMEHD;45.09;4.709999;467.0;2026-10-11T06:00;9.4;19.1;337.0;7.8;0.0;;0.0;0.0;100.0;100.0;4.4;;;3290.0;ICON
2026-10-09T19:15:00+02:00;2026-10-09T23:42:05+02:00;ferme_de_sauze;AROMEHD;45.09;4.709999;467.0;2026-10-11T07:00;8.9;18.0;333.0;7.7;0.0;;0.0;0.0;98.0;98.0;4.4;;;3280.0;ICON
2026-10-09T19:15:00+02:00;2026-10-09T23:42:05+02:00;ferme_de_sauze;AROMEHD;45.09;4.709999;467.0;2026-10-11T08:00;10.1;19.8;343.0;7.5;0.0;;0.0;0.0;65.0;65.0;4.4;;;3280.0;ICON
2026-10-09T19:15:00+02:00;2026-10-09T23:42:05+02:00;ferme_de_sauze;AROMEHD;45.09;4.709999;467.0;2026-10-11T09:00;10.5;21.2;352.0;8.8;0.0;;0.0;0.0;10.0;10.0;5.5;;;3290.0;ICON
2026-10-09T19:15:00+02:00;2026-10-09T23:42:05+02:00;ferme_de_sauze;AROMEHD;45.09;4.709999;467.0;2026-10-11T10:00;10.8;22.7;4.0;9.8;0.0;;0.0;0.0;47.0;47.0;6.3;;;3350.0;ICON
2026-10-09T19:15:00+02:00;2026-10-09T23:42:05+02:00;ferme_de_sauze;AROMEHD;45.09;4.709999;467.0;2026-10-11T11:00;12.1;27.0;10.0;11.1;0.0;;0.0;0.0;38.0;38.0;7.0;;;3370.0;ICON
2026-10-09T19:15:00+02:00;2026-10-09T23:42:05+02:00;ferme_de_sauze;AROMEHD;45.09;4.709999;467.0;2026-10-11T12:00;15.8;34.2;12.0;12.1;0.0;;1.0;0.0;100.0;100.0;6.6;;;3400.0;ICON
2026-10-09T19:15:00+02:00;2026-10-09T23:42:05+02:00;ferme_de_sauze;AROMEHD;45.09;4.709999;467.0;2026-10-11T13:00;15.4;34.2;21.0;13.0;0.0;;1.0;0.0;100.0;100.0;6.1;;;3400.0;ICON
2026-10-09T19:15:00+02:00;2026-10-09T23:42:05+02:00;ferme_de_sauze;AROMEHD;45.09;4.709999;467.0;2026-10-11T14:00;14.7;33.8;22.0;13.6;0.0;;0.0;0.0;100.0;100.0;5.7;;;3400.0;ICON
2026-10-09T19:15:00+02:00;2026-10-09T23:42:05+02:00;ferme_de_sauze;AROMEHD;45.09;4.709999;467.0;2026-10-11T15:00;15.4;34.2;21.0;13.9;0.0;;0.0;45.0;100.0;100.0;5.5;;;3370.0;ICON
2026-10-09T19:15:00+02:00;2026-10-09T23:42:05+02:00;ferme_de_sauze;AROMEHD;45.09;4.709999;467.0;2026-10-11T16:00;15.0;34.9;17.0;13.8;0.0;;0.0;100.0;100.0;100.0;4.9;;;3390.0;ICON
2026-10-09T19:15:00+02:00;2026-10-09T23:42:05+02:00;ferme_de_sauze;AROMEHD;45.09;4.709999;467.0;2026-10-11T17:00;13.3;32.8;19.0;13.4;0.0;;0.0;99.0;100.0;100.0;5.1;;;3400.0;ICON
2026-10-09T19:15:00+02:00;2026-10-09T23:42:05+02:00;ferme_de_sauze;AROMEHD;45.09;4.709999;467.0;2026-10-11T18:00;11.0;29.5;19.0;13.0;0.0;;0.0;95.0;100.0;100.0;5.4;;;3322.5;ICON
2026-10-09T19:15:00+02:00;2026-10-09T23:42:05+02:00;ferme_de_sauze;AROMEHD;45.09;4.709999;467.0;2026-10-11T19:00;10.4;24.5;20.0;12.0;0.0;;0.0;100.0;100.0;100.0;5.6;;;3300.0;ICON
2026-10-09T19:15:00+02:00;2026-10-09T23:42:05+02:00;ferme_de_sauze;AROMEHD;45.09;4.709999;467.0;2026-10-11T20:00;10.0;23.4;13.0;10.9;0.0;;0.0;23.0;100.0;100.0;6.2;;;3280.0;ICON
2026-10-09T19:15:00+02:00;2026-10-09T23:42:05+02:00;lyon;AROMEHD;45.78;4.8500004;172.0;2026-10-09T00:00;15.2;30.6;338.0;11.9;0.0;;3.0;0.0;0.0;3.0;5.0;;;1810.0;ICON
2026-10-09T19:15:00+02:00;2026-10-09T23:42:05+02:00;lyon;AROMEHD;45.78;4.8500004;172.0;2026-10-09T01:00;15.3;34.9;341.0;11.5;0.0;;15.0;0.0;0.0;15.0;4.9;;;1910.0;ICON
2026-10-09T19:15:00+02:00;2026-10-09T23:42:05+02:00;lyon;AROMEHD;45.78;4.8500004;172.0;2026-10-09T02:00;16.9;32.8;348.0;11.5;0.0;;100.0;0.0;0.0;100.0;4.9;;;1810.0;ICON
2026-10-09T19:15:00+02:00;2026-10-09T23:42:05+02:00;lyon;AROMEHD;45.78;4.8500004;172.0;2026-10-09T03:00;14.3;34.2;342.0;10.9;0.0;;0.0;0.0;0.0;0.0;5.4;;;1820.0;ICON
2026-10-09T19:15:00+02:00;2026-10-09T23:42:05+02:00;lyon;AROMEHD;45.78;4.8500004;172.0;2026-10-09T04:00;14.5;29.5;346.0;10.7;0.0;;0.0;0.0;6.0;6.0;5.4;;;2870.0;ICON
2026-10-09T19:15:00+02:00;2026-10-09T23:42:05+02:00;lyon;AROMEHD;45.78;4.8500004;172.0;2026-10-09T05:00;15.3;29.5;341.0;10.7;0.0;;0.0;0.0;90.0;90.0;5.2;;;3040.0;ICON
2026-10-09T19:15:00+02:00;2026-10-09T23:42:05+02:00;lyon;AROMEHD;45.78;4.8500004;172.0;2026-10-09T06:00;12.3;30.2;345.0;10.3;0.0;;0.0;0.0;96.0;96.0;5.0;;;3100.0;ICON
2026-10-09T19:15:00+02:00;2026-10-09T23:42:05+02:00;lyon;AROMEHD;45.78;4.8500004;172.0;2026-10-09T07:00;12.4;25.2;343.0;10.0;0.0;;0.0;0.0;5.0;5.0;5.1;;;3410.0;ICON
2026-10-09T19:15:00+02:00;2026-10-09T23:42:05+02:00;lyon;AROMEHD;45.78;4.8500004;172.0;2026-10-09T08:00;10.9;24.5;333.0;10.2;0.0;;1.0;0.0;97.0;97.0;5.1;;;3280.0;ICON
2026-10-09T19:15:00+02:00;2026-10-09T23:42:05+02:00;lyon;AROMEHD;45.78;4.8500004;172.0;2026-10-09T09:00;6.1;19.4;315.0;10.0;0.0;;0.0;0.0;99.0;99.0;5.2;;;3450.0;ICON
2026-10-09T19:15:00+02:00;2026-10-09T23:42:05+02:00;lyon;AROMEHD;45.78;4.8500004;172.0;2026-10-09T10:00;12.1;24.8;337.0;11.5;0.0;;0.0;0.0;39.0;39.0;6.0;;;3470.0;ICON
2026-10-09T19:15:00+02:00;2026-10-09T23:42:05+02:00;lyon;AROMEHD;45.78;4.8500004;172.0;2026-10-09T11:00;14.4;27.0;357.0;12.6;0.0;;0.0;0.0;8.0;8.0;6.1;;;3440.0;ICON
2026-10-09T19:15:00+02:00;2026-10-09T23:42:05+02:00;lyon;AROMEHD;45.78;4.8500004;172.0;2026-10-09T12:00;15.9;33.5;354.0;13.7;0.0;;0.0;0.0;7.0;7.0;5.5;;;3480.0;ICON
2026-10-09T19:15:00+02:00;2026-10-09T23:42:05+02:00;lyon;AROMEHD;45.78;4.8500004;172.0;2026-10-09T13:00;14.4;32.0;357.0;14.7;0.0;;14.0;0.0;84.0;84.0;5.4;;;3330.0;ICON
2026-10-09T19:15:00+02:00;2026-10-09T23:42:05+02:00;lyon;AROMEHD;45.78;4.8500004;172.0;2026-10-09T14:00;12.8;29.5;10.0;15.9;0.0;;0.0;0.0;94.0;94.0;4.6;;;3240.0;ICON
2026-10-09T19:15:00+02:00;2026-10-09T23:42:05+02:00;lyon;AROMEHD;45.78;4.8500004;172.0;2026-10-09T15:00;12.6;27.7;3.0;16.4;0.0;;0.0;0.0;21.0;21.0;4.7;;;3220.0;ICON
2026-10-09T19:15:00+02:00;2026-10-09T23:42:05+02:00;lyon;AROMEHD;45.78;4.8500004;172.0;2026-10-09T16:00;13.7;28.4;358.0;16.5;0.0;;0.0;0.0;95.0;95.0;4.2;;;3260.0;ICON
2026-10-09T19:15:00+02:00;2026-10-09T23:42:05+02:00;lyon;AROMEHD;45.78;4.8500004;172.0;2026-10-09T17:00;9.1;27.7;9.0;16.9;0.0;;0.0;0.0;25.0;25.0;3.9;;;3290.0;ICON
2026-10-09T19:15:00+02:00;2026-10-09T23:42:05+02:00;lyon;AROMEHD;45.78;4.8500004;172.0;2026-10-09T18:00;12.3;24.5;357.0;16.5;0.0;;21.0;57.0;100.0;100.0;5.7;;;3220.0;ICON
2026-10-09T19:15:00+02:00;2026-10-09T23:42:05+02:00;lyon;AROMEHD;45.78;4.8500004;172.0;2026-10-09T19:00;10.0;24.1;347.0;15.7;0.0;;100.0;92.0;93.0;100.0;6.1;;;3150.0;ICON
2026-10-09T19:15:00+02:00;2026-10-09T23:42:05+02:00;lyon;AROMEHD;45.78;4.8500004;172.0;2026-10-09T20:00;7.1;19.1;330.0;15.2;0.0;;100.0;100.0;100.0;100.0;6.7;;;3220.0;ICON
2026-10-09T19:15:00+02:00;2026-10-09T23:42:05+02:00;lyon;AROMEHD;45.78;4.8500004;172.0;2026-10-09T21:00;7.9;15.5;321.0;14.9;0.0;;100.0;100.0;100.0;100.0;7.2;;;3220.0;ICON
2026-10-09T19:15:00+02:00;2026-10-09T23:42:05+02:00;lyon;AROMEHD;45.78;4.8500004;172.0;2026-10-09T22:00;3.3;15.8;6.0;14.7;0.0;;99.0;100.0;100.0;100.0;7.3;;;3190.0;ICON
2026-10-09T19:15:00+02:00;2026-10-09T23:42:05+02:00;lyon;AROMEHD;45.78;4.8500004;172.0;2026-10-09T23:00;4.7;7.2;67.0;14.0;0.0;;26.0;39.0;100.0;100.0;7.1;;;3150.0;ICON
2026-10-09T19:15:00+02:00;2026-10-09T23:42:05+02:00;lyon;AROMEHD;45.78;4.8500004;172.0;2026-10-10T00:00;3.3;6.8;13.0;13.7;0.0;;36.0;100.0;100.0;100.0;7.0;;;2990.0;ICON
2026-10-09T19:15:00+02:00;2026-10-09T23:42:05+02:00;lyon;AROMEHD;45.78;4.8500004;172.0;2026-10-10T01:00;2.9;5.0;83.0;13.8;0.0;;100.0;99.0;100.0;100.0;6.8;;;2980.0;ICON
2026-10-09T19:15:00+02:00;2026-10-09T23:42:05+02:00;lyon;AROMEHD;45.78;4.8500004;172.0;2026-10-10T02:00;3.8;6.5;107.0;13.8;0.0;;100.0;100.0;100.0;100.0;6.6;;;2950.0;ICON
2026-10-09T19:15:00+02:00;2026-10-09T23:42:05+02:00;lyon;AROMEHD;45.78;4.8500004;172.0;2026-10-10T03:00;4.3;7.6;156.0;13.7;0.1;;100.0;100.0;100.0;100.0;7.5;;;2950.0;ICON
2026-10-09T19:15:00+02:00;2026-10-09T23:42:05+02:00;lyon;AROMEHD;45.78;4.8500004;172.0;2026-10-10T04:00;3.7;7.9;169.0;13.4;0.3;;100.0;100.0;100.0;100.0;8.6;;;2910.0;ICON
2026-10-09T19:15:00+02:00;2026-10-09T23:42:05+02:00;lyon;AROMEHD;45.78;4.8500004;172.0;2026-10-10T05:00;4.0;7.6;175.0;13.2;0.0;;100.0;100.0;100.0;100.0;8.7;;;2930.0;ICON
2026-10-09T19:15:00+02:00;2026-10-09T23:42:05+02:00;lyon;AROMEHD;45.78;4.8500004;172.0;2026-10-10T06:00;3.8;6.8;163.0;13.3;0.0;;100.0;63.0;0.0;100.0;8.9;;;2920.0;ICON
2026-10-09T19:15:00+02:00;2026-10-09T23:42:05+02:00;lyon;AROMEHD;45.78;4.8500004;172.0;2026-10-10T07:00;2.9;6.5;180.0;13.1;0.0;;77.0;100.0;0.0;100.0;9.0;;;2940.0;ICON
2026-10-09T19:15:00+02:00;2026-10-09T23:42:05+02:00;lyon;AROMEHD;45.78;4.8500004;172.0;2026-10-10T08:00;5.4;9.4;86.0;12.3;0.1;;23.0;100.0;0.0;100.0;9.4;;;2860.0;ICON
2026-10-09T19:15:00+02:00;2026-10-09T23:42:05+02:00;lyon;AROMEHD;45.78;4.8500004;172.0;2026-10-10T09:00;4.3;9.0;85.0;12.6;0.1;;3.0;4.0;0.0;4.0;9.9;;;2850.0;ICON
2026-10-09T19:15:00+02:00;2026-10-09T23:42:05+02:00;lyon;AROMEHD;45.78;4.8500004;172.0;2026-10-10T10:00;2.2;8.3;99.0;13.7;0.0;;9.0;100.0;0.0;100.0;10.1;;;2860.0;ICON
2026-10-09T19:15:00+02:00;2026-10-09T23:42:05+02:00;lyon;AROMEHD;45.78;4.8500004;172.0;2026-10-10T11:00;2.9;9.4;97.0;14.3;0.3;;100.0;100.0;0.0;100.0;11.1;;;2850.0;ICON
2026-10-09T19:15:00+02:00;2026-10-09T23:42:05+02:00;lyon;AROMEHD;45.78;4.8500004;172.0;2026-10-10T12:00;3.3;9.4;84.0;14.7;0.0;;57.0;63.0;0.0;63.0;12.0;;;2870.0;ICON
2026-10-09T19:15:00+02:00;2026-10-09T23:42:05+02:00;lyon;AROMEHD;45.78;4.8500004;172.0;2026-10-10T13:00;4.0;10.1;80.0;16.4;0.0;;100.0;51.0;0.0;100.0;13.3;;;2830.0;ICON
2026-10-09T19:15:00+02:00;2026-10-09T23:42:05+02:00;lyon;AROMEHD;45.78;4.8500004;172.0;2026-10-10T14:00;1.1;1.8;198.0;18.4;0.0;;29.0;0.0;0.0;29.0;12.8;;;2820.0;ICON
2026-10-09T19:15:00+02:00;2026-10-09T23:42:05+02:00;lyon;AROMEHD;45.78;4.8500004;172.0;2026-10-10T15:00;8.6;18.4;303.0;18.3;0.1;;100.0;100.0;0.0;100.0;11.8;;;2700.0;ICON
2026-10-09T19:15:00+02:00;2026-10-09T23:42:05+02:00;lyon;AROMEHD;45.78;4.8500004;172.0;2026-10-10T16:00;15.0;28.8;300.0;17.5;0.0;;100.0;0.0;0.0;100.0;12.1;;;2610.0;ICON
2026-10-09T19:15:00+02:00;2026-10-09T23:42:05+02:00;lyon;AROMEHD;45.78;4.8500004;172.0;2026-10-10T17:00;13.0;32.8;309.0;17.0;0.0;;99.0;0.0;0.0;99.0;11.0;;;2610.0;ICON
2026-10-09T19:15:00+02:00;2026-10-09T23:42:05+02:00;lyon;AROMEHD;45.78;4.8500004;172.0;2026-10-10T18:00;10.4;29.5;304.0;16.5;0.0;;97.0;0.0;0.0;97.0;9.9;;;2570.0;ICON
2026-10-09T19:15:00+02:00;2026-10-09T23:42:05+02:00;lyon;AROMEHD;45.78;4.8500004;172.0;2026-10-10T19:00;7.8;21.2;304.0;15.7;0.0;;15.0;0.0;0.0;15.0;9.3;;;2690.0;ICON
2026-10-09T19:15:00+02:00;2026-10-09T23:42:05+02:00;lyon;AROMEHD;45.78;4.8500004;172.0;2026-10-10T20:00;3.8;14.8;311.0;14.3;0.0;;3.0;0.0;0.0;3.0;8.6;;;2580.0;ICON
2026-10-09T19:15:00+02:00;2026-10-09T23:42:05+02:00;lyon;AROMEHD;45.78;4.8500004;172.0;2026-10-10T21:00;6.0;6.1;295.0;12.8;0.0;;0.0;0.0;0.0;0.0;8.1;;;2720.0;ICON
2026-10-09T19:15:00+02:00;2026-10-09T23:42:05+02:00;lyon;AROMEHD;45.78;4.8500004;172.0;2026-10-10T22:00;6.3;7.6;301.0;11.7;0.0;;0.0;0.0;0.0;0.0;7.4;;;2910.0;ICON
2026-10-09T19:15:00+02:00;2026-10-09T23:42:05+02:00;lyon;AROMEHD;45.78;4.8500004;172.0;2026-10-10T23:00;6.8;9.0;302.0;11.1;0.0;;0.0;0.0;0.0;0.0;7.0;;;2910.0;ICON
2026-10-09T19:15:00+02:00;2026-10-09T23:42:05+02:00;lyon;AROMEHD;45.78;4.8500004;172.0;2026-10-11T00:00;7.1;10.1;315.0;11.0;0.0;;15.0;0.0;0.0;15.0;6.7;;;3020.0;ICON
2026-10-09T19:15:00+02:00;2026-10-09T23:42:05+02:00;lyon;AROMEHD;45.78;4.8500004;172.0;2026-10-11T01:00;6.5;9.7;304.0;10.4;0.0;;0.0;0.0;0.0;0.0;5.9;;;3040.0;ICON
2026-10-09T19:15:00+02:00;2026-10-09T23:42:05+02:00;lyon;AROMEHD;45.78;4.8500004;172.0;2026-10-11T02:00;7.2;9.7;307.0;10.0;0.0;;0.0;0.0;0.0;0.0;5.6;;;3180.0;ICON
2026-10-09T19:15:00+02:00;2026-10-09T23:42:05+02:00;lyon;AROMEHD;45.78;4.8500004;172.0;2026-10-11T03:00;7.4;11.2;309.0;9.8;0.0;;0.0;0.0;0.0;0.0;5.6;;;3200.0;ICON
2026-10-09T19:15:00+02:00;2026-10-09T23:42:05+02:00;lyon;AROMEHD;45.78;4.8500004;172.0;2026-10-11T04:00;7.7;12.2;319.0;9.6;0.0;;0.0;0.0;100.0;100.0;5.4;;;3210.0;ICON
2026-10-09T19:15:00+02:00;2026-10-09T23:42:05+02:00;lyon;AROMEHD;45.78;4.8500004;172.0;2026-10-11T05:00;3.3;10.1;41.0;8.3;0.0;;0.0;0.0;100.0;100.0;4.8;;;3170.0;ICON
2026-10-09T19:15:00+02:00;2026-10-09T23:42:05+02:00;lyon;AROMEHD;45.78;4.8500004;172.0;2026-10-11T06:00;1.0;4.0;45.0;7.6;0.0;;0.0;0.0;100.0;100.0;4.9;;;3130.0;ICON
2026-10-09T19:15:00+02:00;2026-10-09T23:42:05+02:00;lyon;AROMEHD;45.78;4.8500004;172.0;2026-10-11T07:00;0.8;1.4;297.0;7.3;0.0;;0.0;0.0;99.0;99.0;4.8;;;3090.0;ICON
2026-10-09T19:15:00+02:00;2026-10-09T23:42:05+02:00;lyon;AROMEHD;45.78;4.8500004;172.0;2026-10-11T08:00;3.6;4.3;84.0;7.7;0.0;;0.0;0.0;57.0;57.0;4.6;;;3120.0;ICON
2026-10-09T19:15:00+02:00;2026-10-09T23:42:05+02:00;lyon;AROMEHD;45.78;4.8500004;172.0;2026-10-11T09:00;3.3;5.8;96.0;8.6;0.0;;0.0;0.0;100.0;100.0;5.3;;;3190.0;ICON
2026-10-09T19:15:00+02:00;2026-10-09T23:42:05+02:00;lyon;AROMEHD;45.78;4.8500004;172.0;2026-10-11T10:00;1.6;4.3;27.0;10.9;0.0;;0.0;0.0;100.0;100.0;5.8;;;3190.0;ICON
2026-10-09T19:15:00+02:00;2026-10-09T23:42:05+02:00;lyon;AROMEHD;45.78;4.8500004;172.0;2026-10-11T11:00;2.4;7.9;27.0;13.4;0.0;;0.0;0.0;100.0;100.0;6.7;;;3190.0;ICON
2026-10-09T19:15:00+02:00;2026-10-09T23:42:05+02:00;lyon;AROMEHD;45.78;4.8500004;172.0;2026-10-11T12:00;8.7;19.4;7.0;15.0;0.0;;0.0;84.0;100.0;100.0;6.5;;;3170.0;ICON
2026-10-09T19:15:00+02:00;2026-10-09T23:42:05+02:00;lyon;AROMEHD;45.78;4.8500004;172.0;2026-10-11T13:00;10.8;24.1;4.0;15.9;0.0;;2.0;24.0;100.0;100.0;5.2;;;3140.0;ICON
2026-10-09T19:15:00+02:00;2026-10-09T23:42:05+02:00;lyon;AROMEHD;45.78;4.8500004;172.0;2026-10-11T14:00;11.6;25.6;5.0;16.6;0.0;;17.0;97.0;100.0;100.0;5.2;;;3100.0;ICON
2026-10-09T19:15:00+02:00;2026-10-09T23:42:05+02:00;lyon;AROMEHD;45.78;4.8500004;172.0;2026-10-11T15:00;12.0;25.9;7.0;17.0;0.0;;4.0;99.0;100.0;100.0;5.2;;;3070.0;ICON
2026-10-09T19:15:00+02:00;2026-10-09T23:42:05+02:00;lyon;AROMEHD;45.78;4.8500004;172.0;2026-10-11T16:00;10.4;25.6;2.0;16.9;0.0;;2.0;100.0;100.0;100.0;5.5;;;3130.0;ICON
2026-10-09T19:15:00+02:00;2026-10-09T23:42:05+02:00;lyon;AROMEHD;45.78;4.8500004;172.0;2026-10-11T17:00;12.2;24.8;14.0;16.6;0.0;;0.0;100.0;100.0;100.0;5.5;;;3230.0;ICON
2026-10-09T19:15:00+02:00;2026-10-09T23:42:05+02:00;lyon;AROMEHD;45.78;4.8500004;172.0;2026-10-11T18:00;10.2;24.1;18.0;16.2;0.0;;0.0;72.0;100.0;100.0;5.8;;;3252.5;ICON
2026-10-09T19:15:00+02:00;2026-10-09T23:42:05+02:00;lyon;AROMEHD;45.78;4.8500004;172.0;2026-10-11T19:00;8.3;20.5;18.0;15.3;0.0;;0.0;42.0;88.0;88.0;6.6;;;3105.0;ICON
2026-10-09T19:15:00+02:00;2026-10-09T23:42:05+02:00;lyon;AROMEHD;45.78;4.8500004;172.0;2026-10-11T20:00;6.8;14.8;357.0;14.0;0.0;;0.0;100.0;100.0;100.0;6.8;;;3140.0;ICON
2026-10-09T19:15:00+02:00;2026-10-09T23:42:05+02:00;hyeres;AROMEHD;43.11;6.129999;18.0;2026-10-09T00:00;15.7;37.1;302.0;14.2;0.0;;0.0;0.0;0.0;0.0;8.1;;;2680.0;ICON
2026-10-09T19:15:00+02:00;2026-10-09T23:42:05+02:00;hyeres;AROMEHD;43.11;6.129999;18.0;2026-10-09T01:00;12.9;29.2;288.0;14.2;0.0;;0.0;0.0;0.0;0.0;7.4;;;2770.0;ICON
2026-10-09T19:15:00+02:00;2026-10-09T23:42:05+02:00;hyeres;AROMEHD;43.11;6.129999;18.0;2026-10-09T02:00;7.6;22.0;270.0;13.7;0.0;;0.0;0.0;0.0;0.0;7.9;;;2710.0;ICON
2026-10-09T19:15:00+02:00;2026-10-09T23:42:05+02:00;hyeres;AROMEHD;43.11;6.129999;18.0;2026-10-09T03:00;1.8;10.8;323.0;13.2;0.0;;8.0;0.0;0.0;8.0;8.1;;;2750.0;ICON
2026-10-09T19:15:00+02:00;2026-10-09T23:42:05+02:00;hyeres;AROMEHD;43.11;6.129999;18.0;2026-10-09T04:00;12.1;22.7;333.0;13.8;0.0;;0.0;0.0;0.0;0.0;7.6;;;2790.0;ICON
2026-10-09T19:15:00+02:00;2026-10-09T23:42:05+02:00;hyeres;AROMEHD;43.11;6.129999;18.0;2026-10-09T05:00;22.6;40.3;343.0;14.7;0.0;;0.0;0.0;0.0;0.0;7.4;;;2740.0;ICON
2026-10-09T19:15:00+02:00;2026-10-09T23:42:05+02:00;hyeres;AROMEHD;43.11;6.129999;18.0;2026-10-09T06:00;18.9;43.9;342.0;14.9;0.0;;13.0;62.0;0.0;62.0;7.9;;;2730.0;ICON
2026-10-09T19:15:00+02:00;2026-10-09T23:42:05+02:00;hyeres;AROMEHD;43.11;6.129999;18.0;2026-10-09T07:00;15.9;33.5;335.0;14.5;0.0;;6.0;92.0;0.0;92.0;7.7;;;2710.0;ICON
2026-10-09T19:15:00+02:00;2026-10-09T23:42:05+02:00;hyeres;AROMEHD;43.11;6.129999;18.0;2026-10-09T08:00;16.6;29.9;338.0;14.7;0.0;;1.0;0.0;0.0;1.0;8.0;;;2700.0;ICON
2026-10-09T19:15:00+02:00;2026-10-09T23:42:05+02:00;hyeres;AROMEHD;43.11;6.129999;18.0;2026-10-09T09:00;13.8;29.9;345.0;15.2;0.0;;100.0;0.0;0.0;100.0;9.3;;;2720.0;ICON
2026-10-09T19:15:00+02:00;2026-10-09T23:42:05+02:00;hyeres;AROMEHD;43.11;6.129999;18.0;2026-10-09T10:00;15.2;28.1;346.0;16.9;0.0;;0.0;32.0;0.0;32.0;10.7;;;2720.0;ICON
2026-10-09T19:15:00+02:00;2026-10-09T23:42:05+02:00;hyeres;AROMEHD;43.11;6.129999;18.0;2026-10-09T11:00;14.1;29.9;356.0;18.9;0.0;;0.0;100.0;0.0;100.0;11.9;;;2800.0;ICON
2026-10-09T19:15:00+02:00;2026-10-09T23:42:05+02:00;hyeres;AROMEHD;43.11;6.129999;18.0;2026-10-09T12:00;14.9;31.0;8.0;20.1;0.0;;0.0;0.0;0.0;0.0;12.6;;;2780.0;ICON
2026-10-09T19:15:00+02:00;2026-10-09T23:42:05+02:00;hyeres;AROMEHD;43.11;6.129999;18.0;2026-10-09T13:00;16.0;31.7;14.0;20.7;0.0;;22.0;0.0;0.0;22.0;12.9;;;2910.0;ICON
2026-10-09T19:15:00+02:00;2026-10-09T23:42:05+02:00;hyeres;AROMEHD;43.11;6.129999;18.0;2026-10-09T14:00;14.0;31.0;46.0;22.0;0.0;;39.0;0.0;0.0;39.0;12.5;;;2790.0;ICON
2026-10-09T19:15:00+02:00;2026-10-09T23:42:05+02:00;hyeres;AROMEHD;43.11;6.129999;18.0;2026-10-09T15:00;13.4;27.4;63.0;22.6;0.0;;46.0;1.0;0.0;46.0;12.8;;;2730.0;ICON
2026-10-09T19:15:00+02:00;2026-10-09T23:42:05+02:00;hyeres;AROMEHD;43.11;6.129999;18.0;2026-10-09T16:00;15.7;30.6;70.0;21.9;0.0;;0.0;0.0;0.0;0.0;13.7;;;2680.0;ICON
2026-10-09T19:15:00+02:00;2026-10-09T23:42:05+02:00;hyeres;AROMEHD;43.11;6.129999;18.0;2026-10-09T17:00;10.9;27.4;96.0;22.0;0.0;;0.0;0.0;0.0;0.0;12.5;;;2740.0;ICON
2026-10-09T19:15:00+02:00;2026-10-09T23:42:05+02:00;hyeres;AROMEHD;43.11;6.129999;18.0;2026-10-09T18:00;5.5;20.9;349.0;21.2;0.0;;0.0;31.0;0.0;31.0;14.3;;;2770.0;ICON
2026-10-09T19:15:00+02:00;2026-10-09T23:42:05+02:00;hyeres;AROMEHD;43.11;6.129999;18.0;2026-10-09T19:00;7.0;14.4;325.0;19.9;0.0;;0.0;0.0;0.0;0.0;13.3;;;2810.0;ICON
2026-10-09T19:15:00+02:00;2026-10-09T23:42:05+02:00;hyeres;AROMEHD;43.11;6.129999;18.0;2026-10-09T20:00;4.8;11.2;318.0;18.5;0.0;;0.0;0.0;0.0;0.0;12.9;;;2860.0;ICON
2026-10-09T19:15:00+02:00;2026-10-09T23:42:05+02:00;hyeres;AROMEHD;43.11;6.129999;18.0;2026-10-09T21:00;7.5;12.2;325.0;17.7;0.0;;0.0;0.0;0.0;0.0;11.9;;;2880.0;ICON
2026-10-09T19:15:00+02:00;2026-10-09T23:42:05+02:00;hyeres;AROMEHD;43.11;6.129999;18.0;2026-10-09T22:00;3.4;11.5;18.0;16.9;0.0;;0.0;0.0;0.0;0.0;12.0;;;2900.0;ICON
2026-10-09T19:15:00+02:00;2026-10-09T23:42:05+02:00;hyeres;AROMEHD;43.11;6.129999;18.0;2026-10-09T23:00;4.7;7.6;293.0;16.4;0.0;;0.0;0.0;0.0;0.0;11.7;;;2920.0;ICON
2026-10-09T19:15:00+02:00;2026-10-09T23:42:05+02:00;hyeres;AROMEHD;43.11;6.129999;18.0;2026-10-10T00:00;8.7;13.0;318.0;16.0;0.0;;0.0;0.0;0.0;0.0;11.4;;;2960.0;ICON
2026-10-09T19:15:00+02:00;2026-10-09T23:42:05+02:00;hyeres;AROMEHD;43.11;6.129999;18.0;2026-10-10T01:00;9.0;13.7;323.0;15.7;0.0;;0.0;0.0;0.0;0.0;11.0;;;2980.0;ICON
2026-10-09T19:15:00+02:00;2026-10-09T23:42:05+02:00;hyeres;AROMEHD;43.11;6.129999;18.0;2026-10-10T02:00;9.8;16.6;336.0;15.7;0.0;;0.0;0.0;0.0;0.0;10.2;;;2960.0;ICON
2026-10-09T19:15:00+02:00;2026-10-09T23:42:05+02:00;hyeres;AROMEHD;43.11;6.129999;18.0;2026-10-10T03:00;10.8;18.0;345.0;15.7;0.0;;0.0;0.0;0.0;0.0;8.7;;;2980.0;ICON
2026-10-09T19:15:00+02:00;2026-10-09T23:42:05+02:00;hyeres;AROMEHD;43.11;6.129999;18.0;2026-10-10T04:00;12.5;21.2;342.0;15.7;0.0;;0.0;0.0;0.0;0.0;8.2;;;3010.0;ICON
2026-10-09T19:15:00+02:00;2026-10-09T23:42:05+02:00;hyeres;AROMEHD;43.11;6.129999;18.0;2026-10-10T05:00;11.0;20.9;322.0;15.3;0.0;;0.0;0.0;100.0;100.0;8.0;;;3100.0;ICON
2026-10-09T19:15:00+02:00;2026-10-09T23:42:05+02:00;hyeres;AROMEHD;43.11;6.129999;18.0;2026-10-10T06:00;9.7;18.0;338.0;15.2;0.0;;0.0;0.0;100.0;100.0;7.9;;;3150.0;ICON
2026-10-09T19:15:00+02:00;2026-10-09T23:42:05+02:00;hyeres;AROMEHD;43.11;6.129999;18.0;2026-10-10T07:00;9.8;16.9;332.0;14.9;0.0;;0.0;0.0;100.0;100.0;7.7;;;3160.0;ICON
2026-10-09T19:15:00+02:00;2026-10-09T23:42:05+02:00;hyeres;AROMEHD;43.11;6.129999;18.0;2026-10-10T08:00;12.6;22.7;347.0;15.3;0.0;;0.0;100.0;100.0;100.0;7.3;;;3170.0;ICON
2026-10-09T19:15:00+02:00;2026-10-09T23:42:05+02:00;hyeres;AROMEHD;43.11;6.129999;18.0;2026-10-10T09:00;11.9;22.3;346.0;16.1;0.0;;0.0;61.0;100.0;100.0;7.3;;;3170.0;ICON
2026-10-09T19:15:00+02:00;2026-10-09T23:42:05+02:00;hyeres;AROMEHD;43.11;6.129999;18.0;2026-10-10T10:00;11.3;23.0;353.0;17.4;0.0;;0.0;100.0;100.0;100.0;8.2;;;3210.0;ICON
2026-10-09T19:15:00+02:00;2026-10-09T23:42:05+02:00;hyeres;AROMEHD;43.11;6.129999;18.0;2026-10-10T11:00;12.3;24.1;353.0;19.1;0.0;;0.0;21.0;15.0;21.0;8.7;;;3270.0;ICON
2026-10-09T19:15:00+02:00;2026-10-09T23:42:05+02:00;hyeres;AROMEHD;43.11;6.129999;18.0;2026-10-10T12:00;11.5;24.1;340.0;20.9;0.0;;0.0;0.0;0.0;0.0;9.1;;;3310.0;ICON
2026-10-09T19:15:00+02:00;2026-10-09T23:42:05+02:00;hyeres;AROMEHD;43.11;6.129999;18.0;2026-10-10T13:00;8.5;22.7;298.0;22.3;0.0;;0.0;0.0;0.0;0.0;10.8;;;3330.0;ICON
2026-10-09T19:15:00+02:00;2026-10-09T23:42:05+02:00;hyeres;AROMEHD;43.11;6.129999;18.0;2026-10-10T14:00;8.8;19.4;258.0;22.6;0.0;;0.0;0.0;0.0;0.0;12.0;;;3380.0;ICON
2026-10-09T19:15:00+02:00;2026-10-09T23:42:05+02:00;hyeres;AROMEHD;43.11;6.129999;18.0;2026-10-10T15:00;7.9;18.0;254.0;23.5;0.0;;0.0;0.0;0.0;0.0;12.5;;;3300.0;ICON
2026-10-09T19:15:00+02:00;2026-10-09T23:42:05+02:00;hyeres;AROMEHD;43.11;6.129999;18.0;2026-10-10T16:00;7.6;17.3;245.0;24.0;0.0;;0.0;0.0;0.0;0.0;13.5;;;3240.0;ICON
2026-10-09T19:15:00+02:00;2026-10-09T23:42:05+02:00;hyeres;AROMEHD;43.11;6.129999;18.0;2026-10-10T17:00;16.3;29.5;305.0;24.5;0.0;;0.0;0.0;0.0;0.0;12.5;;;3270.0;ICON
2026-10-09T19:15:00+02:00;2026-10-09T23:42:05+02:00;hyeres;AROMEHD;43.11;6.129999;18.0;2026-10-10T18:00;19.5;35.3;304.0;23.5;0.0;;0.0;0.0;0.0;0.0;11.8;;;3310.0;ICON
2026-10-09T19:15:00+02:00;2026-10-09T23:42:05+02:00;hyeres;AROMEHD;43.11;6.129999;18.0;2026-10-10T19:00;18.5;34.9;303.0;22.1;0.0;;0.0;0.0;0.0;0.0;11.1;;;3380.0;ICON
2026-10-09T19:15:00+02:00;2026-10-09T23:42:05+02:00;hyeres;AROMEHD;43.11;6.129999;18.0;2026-10-10T20:00;18.4;32.0;309.0;21.0;0.0;;0.0;0.0;0.0;0.0;10.5;;;3420.0;ICON
2026-10-09T19:15:00+02:00;2026-10-09T23:42:05+02:00;hyeres;AROMEHD;43.11;6.129999;18.0;2026-10-10T21:00;20.2;36.0;310.0;20.6;0.0;;0.0;0.0;0.0;0.0;9.5;;;3490.0;ICON
2026-10-09T19:15:00+02:00;2026-10-09T23:42:05+02:00;hyeres;AROMEHD;43.11;6.129999;18.0;2026-10-10T22:00;15.4;35.3;303.0;19.8;0.0;;0.0;0.0;0.0;0.0;9.4;;;3520.0;ICON
2026-10-09T19:15:00+02:00;2026-10-09T23:42:05+02:00;hyeres;AROMEHD;43.11;6.129999;18.0;2026-10-10T23:00;12.1;26.6;297.0;18.9;0.0;;0.0;0.0;0.0;0.0;9.1;;;3520.0;ICON
2026-10-09T19:15:00+02:00;2026-10-09T23:42:05+02:00;hyeres;AROMEHD;43.11;6.129999;18.0;2026-10-11T00:00;11.3;20.9;277.0;17.8;0.0;;0.0;0.0;0.0;0.0;9.2;;;3500.0;ICON
2026-10-09T19:15:00+02:00;2026-10-09T23:42:05+02:00;hyeres;AROMEHD;43.11;6.129999;18.0;2026-10-11T01:00;14.5;22.3;293.0;17.5;0.0;;0.0;0.0;0.0;0.0;9.4;;;3490.0;ICON
2026-10-09T19:15:00+02:00;2026-10-09T23:42:05+02:00;hyeres;AROMEHD;43.11;6.129999;18.0;2026-10-11T02:00;16.3;27.0;295.0;17.8;0.0;;0.0;0.0;0.0;0.0;8.6;;;3470.0;ICON
2026-10-09T19:15:00+02:00;2026-10-09T23:42:05+02:00;hyeres;AROMEHD;43.11;6.129999;18.0;2026-10-11T03:00;16.8;28.4;298.0;17.4;0.0;;0.0;0.0;0.0;0.0;6.9;;;3470.0;ICON
2026-10-09T19:15:00+02:00;2026-10-09T23:42:05+02:00;hyeres;AROMEHD;43.11;6.129999;18.0;2026-10-11T04:00;22.8;37.4;288.0;16.7;0.0;;0.0;0.0;0.0;0.0;5.9;;;3490.0;ICON
2026-10-09T19:15:00+02:00;2026-10-09T23:42:05+02:00;hyeres;AROMEHD;43.11;6.129999;18.0;2026-10-11T05:00;16.3;38.9;298.0;16.1;0.0;;0.0;0.0;0.0;0.0;3.8;;;3490.0;ICON
2026-10-09T19:15:00+02:00;2026-10-09T23:42:05+02:00;hyeres;AROMEHD;43.11;6.129999;18.0;2026-10-11T06:00;4.1;28.8;322.0;14.3;0.0;;0.0;0.0;86.0;86.0;4.8;;;3520.0;ICON
2026-10-09T19:15:00+02:00;2026-10-09T23:42:05+02:00;hyeres;AROMEHD;43.11;6.129999;18.0;2026-10-11T07:00;4.4;8.3;261.0;13.5;0.0;;0.0;0.0;100.0;100.0;4.8;;;3540.0;ICON
2026-10-09T19:15:00+02:00;2026-10-09T23:42:05+02:00;hyeres;AROMEHD;43.11;6.129999;18.0;2026-10-11T08:00;6.9;9.4;261.0;13.1;0.0;;0.0;0.0;93.0;93.0;5.0;;;3580.0;ICON
2026-10-09T19:15:00+02:00;2026-10-09T23:42:05+02:00;hyeres;AROMEHD;43.11;6.129999;18.0;2026-10-11T09:00;7.6;11.2;275.0;14.2;0.0;;0.0;0.0;100.0;100.0;5.5;;;3610.0;ICON
2026-10-09T19:15:00+02:00;2026-10-09T23:42:05+02:00;hyeres;AROMEHD;43.11;6.129999;18.0;2026-10-11T10:00;5.8;12.2;300.0;16.3;0.0;;0.0;0.0;100.0;100.0;5.9;;;3640.0;ICON
2026-10-09T19:15:00+02:00;2026-10-09T23:42:05+02:00;hyeres;AROMEHD;43.11;6.129999;18.0;2026-10-11T11:00;11.2;20.5;272.0;18.3;0.0;;0.0;0.0;96.0;96.0;6.1;;;3650.0;ICON
2026-10-09T19:15:00+02:00;2026-10-09T23:42:05+02:00;hyeres;AROMEHD;43.11;6.129999;18.0;2026-10-11T12:00;9.0;20.9;272.0;20.3;0.0;;0.0;0.0;99.0;99.0;5.8;;;3680.0;ICON
2026-10-09T19:15:00+02:00;2026-10-09T23:42:05+02:00;hyeres;AROMEHD;43.11;6.129999;18.0;2026-10-11T13:00;4.3;18.0;275.0;21.9;0.0;;0.0;0.0;100.0;100.0;4.9;;;3660.0;ICON
2026-10-09T19:15:00+02:00;2026-10-09T23:42:05+02:00;hyeres;AROMEHD;43.11;6.129999;18.0;2026-10-11T14:00;10.8;21.2;266.0;23.1;0.0;;0.0;0.0;100.0;100.0;5.0;;;3640.0;ICON
2026-10-09T19:15:00+02:00;2026-10-09T23:42:05+02:00;hyeres;AROMEHD;43.11;6.129999;18.0;2026-10-11T15:00;15.2;28.1;266.0;23.5;0.0;;0.0;0.0;100.0;100.0;4.4;;;3640.0;ICON
2026-10-09T19:15:00+02:00;2026-10-09T23:42:05+02:00;hyeres;AROMEHD;43.11;6.129999;18.0;2026-10-11T16:00;18.7;33.5;259.0;23.3;0.0;;0.0;0.0;100.0;100.0;4.8;;;3650.0;ICON
2026-10-09T19:15:00+02:00;2026-10-09T23:42:05+02:00;hyeres;AROMEHD;43.11;6.129999;18.0;2026-10-11T17:00;18.9;33.8;261.0;22.3;0.0;;0.0;0.0;100.0;100.0;5.7;;;3600.0;ICON
2026-10-09T19:15:00+02:00;2026-10-09T23:42:05+02:00;hyeres;AROMEHD;43.11;6.129999;18.0;2026-10-11T18:00;16.2;33.8;269.0;21.2;0.0;;0.0;0.0;100.0;100.0;5.5;;;3570.0;ICON
2026-10-09T19:15:00+02:00;2026-10-09T23:42:05+02:00;hyeres;AROMEHD;43.11;6.129999;18.0;2026-10-11T19:00;13.0;28.8;275.0;19.8;0.0;;0.0;84.0;100.0;100.0;4.3;;;3580.0;ICON
2026-10-09T19:15:00+02:00;2026-10-09T23:42:05+02:00;hyeres;AROMEHD;43.11;6.129999;18.0;2026-10-11T20:00;11.2;23.8;276.0;18.7;0.0;;0.0;100.0;100.0;100.0;4.4;;;3600.0;ICON
2026-10-09T19:15:00+02:00;2026-10-09T23:42:05+02:00;meribel;AROMEHD;45.39;6.59;2023.0;2026-10-09T00:00;4.7;13.3;356.0;0.7;0.7;;100.0;0.0;100.0;100.0;0.7;;;2150.0;ICON
2026-10-09T19:15:00+02:00;2026-10-09T23:42:05+02:00;meribel;AROMEHD;45.39;6.59;2023.0;2026-10-09T01:00;2.9;10.1;7.0;0.3;0.2;;100.0;0.0;0.0;100.0;0.2;;;2140.0;ICON
2026-10-09T19:15:00+02:00;2026-10-09T23:42:05+02:00;meribel;AROMEHD;45.39;6.59;2023.0;2026-10-09T02:00;1.3;5.8;124.0;0.6;0.1;;100.0;0.0;0.0;100.0;0.6;;;2170.0;ICON
2026-10-09T19:15:00+02:00;2026-10-09T23:42:05+02:00;meribel;AROMEHD;45.39;6.59;2023.0;2026-10-09T03:00;2.3;10.1;39.0;0.4;0.1;;100.0;0.0;0.0;100.0;0.4;;;2130.0;ICON
2026-10-09T19:15:00+02:00;2026-10-09T23:42:05+02:00;meribel;AROMEHD;45.39;6.59;2023.0;2026-10-09T04:00;0.8;2.9;27.0;-0.1;0.0;;95.0;0.0;0.0;95.0;-0.4;;;2150.0;ICON
2026-10-09T19:15:00+02:00;2026-10-09T23:42:05+02:00;meribel;AROMEHD;45.39;6.59;2023.0;2026-10-09T05:00;0.4;1.4;90.0;-0.2;0.0;;54.0;0.0;0.0;54.0;-0.6;;;2160.0;ICON
2026-10-09T19:15:00+02:00;2026-10-09T23:42:05+02:00;meribel;AROMEHD;45.39;6.59;2023.0;2026-10-09T06:00;0.7;1.8;90.0;-0.5;0.0;;43.0;0.0;0.0;43.0;-1.3;;;2150.0;ICON
2026-10-09T19:15:00+02:00;2026-10-09T23:42:05+02:00;meribel;AROMEHD;45.39;6.59;2023.0;2026-10-09T07:00;0.8;1.8;63.0;-0.7;0.0;;36.0;0.0;0.0;36.0;-1.6;;;2170.0;ICON
2026-10-09T19:15:00+02:00;2026-10-09T23:42:05+02:00;meribel;AROMEHD;45.39;6.59;2023.0;2026-10-09T08:00;1.1;1.8;108.0;-0.6;0.0;;36.0;0.0;0.0;36.0;-1.4;;;2200.0;ICON
2026-10-09T19:15:00+02:00;2026-10-09T23:42:05+02:00;meribel;AROMEHD;45.39;6.59;2023.0;2026-10-09T09:00;0.8;1.4;117.0;-0.3;0.0;;36.0;0.0;0.0;36.0;-1.6;;;3090.0;ICON
2026-10-09T19:15:00+02:00;2026-10-09T23:42:05+02:00;meribel;AROMEHD;45.39;6.59;2023.0;2026-10-09T10:00;1.1;1.4;342.0;0.7;0.0;;36.0;0.0;0.0;36.0;-0.8;;;3080.0;ICON
2026-10-09T19:15:00+02:00;2026-10-09T23:42:05+02:00;meribel;AROMEHD;45.39;6.59;2023.0;2026-10-09T11:00;0.5;1.8;315.0;2.6;0.0;;19.0;0.0;0.0;19.0;1.1;;;3180.0;ICON
2026-10-09T19:15:00+02:00;2026-10-09T23:42:05+02:00;meribel;AROMEHD;45.39;6.59;2023.0;2026-10-09T12:00;2.2;5.4;279.0;4.3;0.0;;22.0;0.0;0.0;22.0;2.9;;;3190.0;ICON
2026-10-09T19:15:00+02:00;2026-10-09T23:42:05+02:00;meribel;AROMEHD;45.39;6.59;2023.0;2026-10-09T13:00;4.5;11.9;284.0;4.4;0.0;;100.0;0.0;0.0;100.0;3.6;;;3170.0;ICON
2026-10-09T19:15:00+02:00;2026-10-09T23:42:05+02:00;meribel;AROMEHD;45.39;6.59;2023.0;2026-10-09T14:00;5.6;15.1;297.0;3.9;0.0;;100.0;0.0;0.0;100.0;3.3;;;3150.0;ICON
2026-10-09T19:15:00+02:00;2026-10-09T23:42:05+02:00;meribel;AROMEHD;45.39;6.59;2023.0;2026-10-09T15:00;4.7;14.0;293.0;4.6;0.0;;100.0;0.0;1.0;100.0;3.7;;;3140.0;ICON
2026-10-09T19:15:00+02:00;2026-10-09T23:42:05+02:00;meribel;AROMEHD;45.39;6.59;2023.0;2026-10-09T16:00;5.0;13.3;300.0;4.8;0.0;;100.0;0.0;1.0;100.0;4.0;;;3120.0;ICON
2026-10-09T19:15:00+02:00;2026-10-09T23:42:05+02:00;meribel;AROMEHD;45.39;6.59;2023.0;2026-10-09T17:00;3.9;12.6;292.0;4.3;0.0;;96.0;0.0;0.0;96.0;3.8;;;3060.0;ICON
2026-10-09T19:15:00+02:00;2026-10-09T23:42:05+02:00;meribel;AROMEHD;45.39;6.59;2023.0;2026-10-09T18:00;2.6;10.1;286.0;4.2;0.0;;99.0;0.0;2.0;99.0;3.7;;;2960.0;ICON
2026-10-09T19:15:00+02:00;2026-10-09T23:42:05+02:00;meribel;AROMEHD;45.39;6.59;2023.0;2026-10-09T19:00;0.5;7.2;45.0;3.0;0.0;;12.0;0.0;100.0;100.0;2.7;;;2920.0;ICON
2026-10-09T19:15:00+02:00;2026-10-09T23:42:05+02:00;meribel;AROMEHD;45.39;6.59;2023.0;2026-10-09T20:00;1.8;2.2;90.0;1.6;0.0;;0.0;0.0;38.0;38.0;0.1;;;3240.0;ICON
2026-10-09T19:15:00+02:00;2026-10-09T23:42:05+02:00;meribel;AROMEHD;45.39;6.59;2023.0;2026-10-09T21:00;2.2;2.9;99.0;1.2;0.0;;0.0;0.0;100.0;100.0;-0.9;;;3340.0;ICON
2026-10-09T19:15:00+02:00;2026-10-09T23:42:05+02:00;meribel;AROMEHD;45.39;6.59;2023.0;2026-10-09T22:00;2.9;4.3;120.0;0.9;0.0;;0.0;53.0;81.0;81.0;-1.2;;;3280.0;ICON
2026-10-09T19:15:00+02:00;2026-10-09T23:42:05+02:00;meribel;AROMEHD;45.39;6.59;2023.0;2026-10-09T23:00;2.4;5.0;117.0;0.7;0.0;;0.0;89.0;81.0;89.0;-1.6;;;3170.0;ICON
2026-10-09T19:15:00+02:00;2026-10-09T23:42:05+02:00;meribel;AROMEHD;45.39;6.59;2023.0;2026-10-10T00:00;2.9;4.3;120.0;0.5;0.0;;0.0;68.0;81.0;81.0;-1.5;;;3180.0;ICON
2026-10-09T19:15:00+02:00;2026-10-09T23:42:05+02:00;meribel;AROMEHD;45.39;6.59;2023.0;2026-10-10T01:00;2.6;7.2;124.0;0.7;0.0;;0.0;73.0;46.0;73.0;-1.7;;;2900.0;ICON
2026-10-09T19:15:00+02:00;2026-10-09T23:42:05+02:00;meribel;AROMEHD;45.39;6.59;2023.0;2026-10-10T02:00;3.3;4.7;103.0;0.4;0.0;;0.0;17.0;100.0;100.0;-2.2;;;2850.0;ICON
2026-10-09T19:15:00+02:00;2026-10-09T23:42:05+02:00;meribel;AROMEHD;45.39;6.59;2023.0;2026-10-10T03:00;4.1;6.1;105.0;0.6;0.0;;3.0;70.0;100.0;100.0;-2.5;;;2850.0;ICON
2026-10-09T19:15:00+02:00;2026-10-09T23:42:05+02:00;meribel;AROMEHD;45.39;6.59;2023.0;2026-10-10T04:00;3.0;5.4;104.0;1.0;0.0;;8.0;100.0;100.0;100.0;-2.3;;;2820.0;ICON
2026-10-09T19:15:00+02:00;2026-10-09T23:42:05+02:00;meribel;AROMEHD;45.39;6.59;2023.0;2026-10-10T05:00;4.0;6.5;117.0;1.2;0.0;;9.0;100.0;100.0;100.0;-1.9;;;2810.0;ICON
2026-10-09T19:15:00+02:00;2026-10-09T23:42:05+02:00;meribel;AROMEHD;45.39;6.59;2023.0;2026-10-10T06:00;2.8;6.1;130.0;1.5;0.0;;100.0;100.0;100.0;100.0;-1.6;;;2800.0;ICON
2026-10-09T19:15:00+02:00;2026-10-09T23:42:05+02:00;meribel;AROMEHD;45.39;6.59;2023.0;2026-10-10T07:00;3.4;6.1;122.0;2.0;0.0;;100.0;100.0;100.0;100.0;-0.3;;;2790.0;ICON
2026-10-09T19:15:00+02:00;2026-10-09T23:42:05+02:00;meribel;AROMEHD;45.39;6.59;2023.0;2026-10-10T08:00;2.8;5.8;130.0;2.2;0.1;;100.0;89.0;100.0;100.0;0.7;;;2750.0;ICON
2026-10-09T19:15:00+02:00;2026-10-09T23:42:05+02:00;meribel;AROMEHD;45.39;6.59;2023.0;2026-10-10T09:00;1.8;4.7;127.0;2.5;0.2;;100.0;73.0;0.0;100.0;1.8;;;2740.0;ICON
2026-10-09T19:15:00+02:00;2026-10-09T23:42:05+02:00;meribel;AROMEHD;45.39;6.59;2023.0;2026-10-10T10:00;1.6;4.0;117.0;3.3;0.2;;100.0;98.0;0.0;100.0;2.9;;;2730.0;ICON
2026-10-09T19:15:00+02:00;2026-10-09T23:42:05+02:00;meribel;AROMEHD;45.39;6.59;2023.0;2026-10-10T11:00;0.4;2.2;90.0;4.4;0.1;;94.0;2.0;0.0;94.0;3.4;;;2690.0;ICON
2026-10-09T19:15:00+02:00;2026-10-09T23:42:05+02:00;meribel;AROMEHD;45.39;6.59;2023.0;2026-10-10T12:00;2.8;8.3;320.0;4.9;0.0;;93.0;0.0;0.0;93.0;4.0;;;2660.0;ICON
2026-10-09T19:15:00+02:00;2026-10-09T23:42:05+02:00;meribel;AROMEHD;45.39;6.59;2023.0;2026-10-10T13:00;4.3;11.5;318.0;5.4;0.0;;100.0;0.0;0.0;100.0;4.2;;;2650.0;ICON
2026-10-09T19:15:00+02:00;2026-10-09T23:42:05+02:00;meribel;AROMEHD;45.39;6.59;2023.0;2026-10-10T14:00;4.6;13.7;309.0;5.5;0.0;;100.0;0.0;0.0;100.0;4.5;;;2710.0;ICON
2026-10-09T19:15:00+02:00;2026-10-09T23:42:05+02:00;meribel;AROMEHD;45.39;6.59;2023.0;2026-10-10T15:00;5.7;15.8;325.0;5.2;0.1;;100.0;0.0;0.0;100.0;4.4;;;2730.0;ICON
2026-10-09T19:15:00+02:00;2026-10-09T23:42:05+02:00;meribel;AROMEHD;45.39;6.59;2023.0;2026-10-10T16:00;6.4;14.8;333.0;4.9;0.0;;100.0;0.0;0.0;100.0;4.4;;;2670.0;ICON
2026-10-09T19:15:00+02:00;2026-10-09T23:42:05+02:00;meribel;AROMEHD;45.39;6.59;2023.0;2026-10-10T17:00;7.9;18.0;357.0;4.6;0.0;;100.0;0.0;0.0;100.0;4.0;;;2650.0;ICON
2026-10-09T19:15:00+02:00;2026-10-09T23:42:05+02:00;meribel;AROMEHD;45.39;6.59;2023.0;2026-10-10T18:00;3.9;17.6;326.0;4.7;0.1;;95.0;0.0;0.0;95.0;3.5;;;2640.0;ICON
2026-10-09T19:15:00+02:00;2026-10-09T23:42:05+02:00;meribel;AROMEHD;45.39;6.59;2023.0;2026-10-10T19:00;0.7;9.7;180.0;3.7;0.3;;100.0;0.0;0.0;100.0;3.7;;;2610.0;ICON
2026-10-09T19:15:00+02:00;2026-10-09T23:42:05+02:00;meribel;AROMEHD;45.39;6.59;2023.0;2026-10-10T20:00;4.9;8.3;126.0;2.5;0.2;;76.0;0.0;0.0;76.0;2.0;;;2540.0;ICON
2026-10-09T19:15:00+02:00;2026-10-09T23:42:05+02:00;meribel;AROMEHD;45.39;6.59;2023.0;2026-10-10T21:00;3.8;8.3;139.0;1.3;0.0;;0.0;0.0;0.0;0.0;-0.1;;;2500.0;ICON
2026-10-09T19:15:00+02:00;2026-10-09T23:42:05+02:00;meribel;AROMEHD;45.39;6.59;2023.0;2026-10-10T22:00;3.7;7.2;119.0;0.7;0.0;;0.0;0.0;0.0;0.0;-1.9;;;2460.0;ICON
2026-10-09T19:15:00+02:00;2026-10-09T23:42:05+02:00;meribel;AROMEHD;45.39;6.59;2023.0;2026-10-10T23:00;3.2;6.1;117.0;0.4;0.0;;0.0;0.0;0.0;0.0;-3.2;;;2420.0;ICON
2026-10-09T19:15:00+02:00;2026-10-09T23:42:05+02:00;meribel;AROMEHD;45.39;6.59;2023.0;2026-10-11T00:00;3.0;5.4;104.0;0.0;0.0;;0.0;0.0;0.0;0.0;-3.9;;;2410.0;ICON
2026-10-09T19:15:00+02:00;2026-10-09T23:42:05+02:00;meribel;AROMEHD;45.39;6.59;2023.0;2026-10-11T01:00;3.0;4.3;104.0;-0.4;0.0;;0.0;0.0;0.0;0.0;-4.6;;;2370.0;ICON
2026-10-09T19:15:00+02:00;2026-10-09T23:42:05+02:00;meribel;AROMEHD;45.39;6.59;2023.0;2026-10-11T02:00;3.0;4.0;104.0;-0.9;0.0;;0.0;0.0;0.0;0.0;-4.9;;;2350.0;ICON
2026-10-09T19:15:00+02:00;2026-10-09T23:42:05+02:00;meribel;AROMEHD;45.39;6.59;2023.0;2026-10-11T03:00;3.0;4.0;104.0;-1.1;0.0;;0.0;0.0;0.0;0.0;-5.7;;;2340.0;ICON
2026-10-09T19:15:00+02:00;2026-10-09T23:42:05+02:00;meribel;AROMEHD;45.39;6.59;2023.0;2026-10-11T04:00;3.5;5.8;114.0;-1.1;0.0;;0.0;0.0;0.0;0.0;-6.8;;;2350.0;ICON
2026-10-09T19:15:00+02:00;2026-10-09T23:42:05+02:00;meribel;AROMEHD;45.39;6.59;2023.0;2026-10-11T05:00;3.4;5.4;108.0;-1.1;0.0;;0.0;0.0;0.0;0.0;-7.2;;;2360.0;ICON
2026-10-09T19:15:00+02:00;2026-10-09T23:42:05+02:00;meribel;AROMEHD;45.39;6.59;2023.0;2026-10-11T06:00;4.0;5.4;100.0;-1.1;0.0;;0.0;0.0;13.0;13.0;-6.6;;;2460.0;ICON
2026-10-09T19:15:00+02:00;2026-10-09T23:42:05+02:00;meribel;AROMEHD;45.39;6.59;2023.0;2026-10-11T07:00;4.0;5.4;100.0;-1.1;0.0;;0.0;0.0;71.0;71.0;-7.2;;;2580.0;ICON
2026-10-09T19:15:00+02:00;2026-10-09T23:42:05+02:00;meribel;AROMEHD;45.39;6.59;2023.0;2026-10-11T08:00;4.1;5.0;105.0;-0.8;0.0;;0.0;0.0;3.0;3.0;-7.6;;;2740.0;ICON
2026-10-09T19:15:00+02:00;2026-10-09T23:42:05+02:00;meribel;AROMEHD;45.39;6.59;2023.0;2026-10-11T09:00;3.8;5.0;107.0;-0.4;0.0;;0.0;0.0;2.0;2.0;-6.8;;;2840.0;ICON
2026-10-09T19:15:00+02:00;2026-10-09T23:42:05+02:00;meribel;AROMEHD;45.39;6.59;2023.0;2026-10-11T10:00;2.6;4.7;106.0;0.5;0.0;;0.0;0.0;0.0;0.0;-6.4;;;2950.0;ICON
2026-10-09T19:15:00+02:00;2026-10-09T23:42:05+02:00;meribel;AROMEHD;45.39;6.59;2023.0;2026-10-11T11:00;0.7;3.6;90.0;3.4;0.0;;0.0;0.0;0.0;0.0;-3.0;;;2980.0;ICON
2026-10-09T19:15:00+02:00;2026-10-09T23:42:05+02:00;meribel;AROMEHD;45.39;6.59;2023.0;2026-10-11T12:00;1.3;1.8;304.0;5.2;0.0;;0.0;2.0;1.0;2.0;-1.5;;;3050.0;ICON
2026-10-09T19:15:00+02:00;2026-10-09T23:42:05+02:00;meribel;AROMEHD;45.39;6.59;2023.0;2026-10-11T13:00;2.9;7.9;300.0;6.0;0.0;;0.0;5.0;0.0;5.0;1.3;;;3130.0;ICON
2026-10-09T19:15:00+02:00;2026-10-09T23:42:05+02:00;meribel;AROMEHD;45.39;6.59;2023.0;2026-10-11T14:00;4.8;12.2;297.0;6.6;0.0;;0.0;11.0;100.0;100.0;2.1;;;3120.0;ICON
2026-10-09T19:15:00+02:00;2026-10-09T23:42:05+02:00;meribel;AROMEHD;45.39;6.59;2023.0;2026-10-11T15:00;6.0;14.0;303.0;6.9;0.0;;0.0;0.0;100.0;100.0;1.4;;;3070.0;ICON
2026-10-09T19:15:00+02:00;2026-10-09T23:42:05+02:00;meribel;AROMEHD;45.39;6.59;2023.0;2026-10-11T16:00;5.2;14.4;304.0;6.7;0.0;;0.0;3.0;100.0;100.0;-0.1;;;3040.0;ICON
2026-10-09T19:15:00+02:00;2026-10-09T23:42:05+02:00;meribel;AROMEHD;45.39;6.59;2023.0;2026-10-11T17:00;4.3;13.0;294.0;6.2;0.0;;0.0;0.0;100.0;100.0;0.1;;;3070.0;ICON
2026-10-09T19:15:00+02:00;2026-10-09T23:42:05+02:00;meribel;AROMEHD;45.39;6.59;2023.0;2026-10-11T18:00;1.1;10.8;270.0;5.0;0.0;;0.0;8.0;100.0;100.0;0.3;;;3117.5;ICON
2026-10-09T19:15:00+02:00;2026-10-09T23:42:05+02:00;meribel;AROMEHD;45.39;6.59;2023.0;2026-10-11T19:00;1.8;2.5;127.0;3.4;0.0;;0.0;34.0;100.0;100.0;0.1;;;3100.0;ICON
2026-10-09T19:15:00+02:00;2026-10-09T23:42:05+02:00;meribel;AROMEHD;45.39;6.59;2023.0;2026-10-11T20:00;2.5;2.9;98.0;2.3;0.0;;0.0;99.0;100.0;100.0;-2.7;;;3092.5;ICON
2026-10-09T19:15:00+02:00;2026-10-09T23:42:05+02:00;ferme_de_sauze;ARPEGE;45.1;4.700001;444.0;2026-10-09T00:00;25.2;50.0;343.0;10.3;0.0;47.0;33.0;43.0;0.0;47.0;4.4;969.6;0.0;1800.0;ICON
2026-10-09T19:15:00+02:00;2026-10-09T23:42:05+02:00;ferme_de_sauze;ARPEGE;45.1;4.700001;444.0;2026-10-09T01:00;23.5;50.0;349.0;10.0;0.0;79.0;71.0;69.0;0.0;79.0;4.3;969.6;0.0;1840.0;ICON
2026-10-09T19:15:00+02:00;2026-10-09T23:42:05+02:00;ferme_de_sauze;ARPEGE;45.1;4.700001;444.0;2026-10-09T02:00;23.3;47.9;347.0;9.6;0.0;62.0;61.0;27.0;2.0;62.0;3.5;969.7;0.0;3020.0;ICON
2026-10-09T19:15:00+02:00;2026-10-09T23:42:05+02:00;ferme_de_sauze;ARPEGE;45.1;4.700001;444.0;2026-10-09T03:00;24.3;47.9;348.0;9.3;0.0;50.0;45.0;1.0;8.0;50.0;3.5;969.6;0.0;3140.0;ICON
2026-10-09T19:15:00+02:00;2026-10-09T23:42:05+02:00;ferme_de_sauze;ARPEGE;45.1;4.700001;444.0;2026-10-09T04:00;23.0;47.5;350.0;9.0;0.0;61.0;35.0;0.0;39.0;61.0;3.6;969.3;0.0;3180.0;ICON
2026-10-09T19:15:00+02:00;2026-10-09T23:42:05+02:00;ferme_de_sauze;ARPEGE;45.1;4.700001;444.0;2026-10-09T05:00;22.3;44.6;350.0;8.6;0.0;61.0;39.0;0.0;37.0;61.0;3.8;969.5;0.0;3100.0;ICON
2026-10-09T19:15:00+02:00;2026-10-09T23:42:05+02:00;ferme_de_sauze;ARPEGE;45.1;4.700001;444.0;2026-10-09T06:00;22.5;43.6;353.0;8.5;0.0;75.0;49.0;0.0;50.0;75.0;4.1;969.7;0.0;3370.0;ICON
2026-10-09T19:15:00+02:00;2026-10-09T23:42:05+02:00;ferme_de_sauze;ARPEGE;45.1;4.700001;444.0;2026-10-09T07:00;21.3;43.6;355.0;8.4;0.0;84.0;73.0;0.0;40.0;84.0;4.0;969.9;0.0;3360.0;ICON
2026-10-09T19:15:00+02:00;2026-10-09T23:42:05+02:00;ferme_de_sauze;ARPEGE;45.1;4.700001;444.0;2026-10-09T08:00;20.6;41.8;355.0;8.4;0.0;44.0;7.0;0.0;39.0;44.0;3.8;970.1;0.0;3480.0;ICON
2026-10-09T19:15:00+02:00;2026-10-09T23:42:05+02:00;ferme_de_sauze;ARPEGE;45.1;4.700001;444.0;2026-10-09T09:00;20.6;40.7;355.0;8.5;0.0;54.0;2.0;0.0;53.0;54.0;3.7;970.1;0.0;3510.0;ICON
2026-10-09T19:15:00+02:00;2026-10-09T23:42:05+02:00;ferme_de_sauze;ARPEGE;45.1;4.700001;444.0;2026-10-09T10:00;20.6;40.7;356.0;9.5;0.0;59.0;2.0;0.0;58.0;59.0;3.7;970.4;0.0;3490.0;ICON
2026-10-09T19:15:00+02:00;2026-10-09T23:42:05+02:00;ferme_de_sauze;ARPEGE;45.1;4.700001;444.0;2026-10-09T11:00;22.0;43.6;358.0;10.8;0.0;49.0;0.0;0.0;49.0;49.0;3.3;970.7;0.0;3580.0;ICON
2026-10-09T19:15:00+02:00;2026-10-09T23:42:05+02:00;ferme_de_sauze;ARPEGE;45.1;4.700001;444.0;2026-10-09T12:00;20.7;43.6;8.0;11.7;0.0;40.0;0.0;0.0;40.0;40.0;3.5;970.7;0.0;3570.0;ICON
2026-10-09T19:15:00+02:00;2026-10-09T23:42:05+02:00;ferme_de_sauze;ARPEGE;45.1;4.700001;444.0;2026-10-09T13:00;20.9;42.5;11.0;12.6;0.0;47.0;0.0;14.0;42.0;47.0;3.7;970.6;0.0;3520.0;ICON
2026-10-09T19:15:00+02:00;2026-10-09T23:42:05+02:00;ferme_de_sauze;ARPEGE;45.1;4.700001;444.0;2026-10-09T14:00;19.0;42.1;19.0;13.9;0.0;59.0;0.0;7.0;58.0;59.0;4.2;970.4;0.0;3490.0;ICON
2026-10-09T19:15:00+02:00;2026-10-09T23:42:05+02:00;ferme_de_sauze;ARPEGE;45.1;4.700001;444.0;2026-10-09T15:00;18.4;39.6;23.0;14.0;0.0;64.0;0.0;17.0;61.0;64.0;4.0;969.7;0.0;3440.0;ICON
2026-10-09T19:15:00+02:00;2026-10-09T23:42:05+02:00;ferme_de_sauze;ARPEGE;45.1;4.700001;444.0;2026-10-09T16:00;18.6;37.8;22.0;13.9;0.0;72.0;0.0;19.0;71.0;72.0;3.6;969.4;0.0;3260.0;ICON
2026-10-09T19:15:00+02:00;2026-10-09T23:42:05+02:00;ferme_de_sauze;ARPEGE;45.1;4.700001;444.0;2026-10-09T17:00;18.0;37.8;20.0;13.4;0.0;68.0;0.0;23.0;67.0;68.0;3.2;969.2;0.0;3190.0;ICON
2026-10-09T19:15:00+02:00;2026-10-09T23:42:05+02:00;ferme_de_sauze;ARPEGE;45.1;4.700001;444.0;2026-10-09T18:00;16.9;35.6;20.0;12.5;0.0;73.0;0.0;24.0;73.0;73.0;3.4;969.2;0.0;3180.0;ICON
2026-10-09T19:15:00+02:00;2026-10-09T23:42:05+02:00;ferme_de_sauze;ARPEGE;45.1;4.700001;444.0;2026-10-09T19:00;14.6;32.0;16.0;11.3;0.0;81.0;0.0;54.0;81.0;81.0;3.8;969.1;0.0;3200.0;ICON
2026-10-09T19:15:00+02:00;2026-10-09T23:42:05+02:00;ferme_de_sauze;ARPEGE;45.1;4.700001;444.0;2026-10-09T20:00;12.3;27.4;5.0;10.5;0.0;86.0;0.0;20.0;85.0;86.0;4.0;969.3;0.0;3240.0;ICON
2026-10-09T19:15:00+02:00;2026-10-09T23:42:05+02:00;ferme_de_sauze;ARPEGE;45.1;4.700001;444.0;2026-10-09T21:00;10.4;22.0;360.0;9.9;0.0;89.0;46.0;47.0;77.0;89.0;4.3;969.1;0.0;3230.0;ICON
2026-10-09T19:15:00+02:00;2026-10-09T23:42:05+02:00;ferme_de_sauze;ARPEGE;45.1;4.700001;444.0;2026-10-09T22:00;9.7;18.0;358.0;10.0;0.0;100.0;100.0;47.0;68.0;100.0;4.5;969.2;0.0;3280.0;ICON
2026-10-09T19:15:00+02:00;2026-10-09T23:42:05+02:00;ferme_de_sauze;ARPEGE;45.1;4.700001;444.0;2026-10-09T23:00;8.6;17.3;2.0;10.4;0.0;99.0;97.0;8.0;72.0;99.0;5.3;969.3;0.0;3240.0;ICON
2026-10-09T19:15:00+02:00;2026-10-09T23:42:05+02:00;ferme_de_sauze;ARPEGE;45.1;4.700001;444.0;2026-10-10T00:00;8.0;15.5;8.0;10.6;0.0;100.0;100.0;6.0;88.0;100.0;6.1;969.1;0.0;3220.0;ICON
2026-10-09T19:15:00+02:00;2026-10-09T23:42:05+02:00;ferme_de_sauze;ARPEGE;45.1;4.700001;444.0;2026-10-10T01:00;8.0;14.4;8.0;10.7;0.0;100.0;100.0;31.0;87.0;100.0;6.4;969.0;0.0;3150.0;ICON
2026-10-09T19:15:00+02:00;2026-10-09T23:42:05+02:00;ferme_de_sauze;ARPEGE;45.1;4.700001;444.0;2026-10-10T02:00;7.6;14.4;5.0;10.6;0.0;100.0;100.0;30.0;87.0;100.0;7.1;968.5;0.0;3160.0;ICON
2026-10-09T19:15:00+02:00;2026-10-09T23:42:05+02:00;ferme_de_sauze;ARPEGE;45.1;4.700001;444.0;2026-10-10T03:00;7.9;14.8;357.0;10.4;0.0;100.0;100.0;38.0;97.0;100.0;7.8;968.1;0.0;3080.0;ICON
2026-10-09T19:15:00+02:00;2026-10-09T23:42:05+02:00;ferme_de_sauze;ARPEGE;45.1;4.700001;444.0;2026-10-10T04:00;7.2;14.8;357.0;10.3;0.0;100.0;100.0;36.0;98.0;100.0;8.2;967.4;0.0;3140.0;ICON
2026-10-09T19:15:00+02:00;2026-10-09T23:42:05+02:00;ferme_de_sauze;ARPEGE;45.1;4.700001;444.0;2026-10-10T05:00;4.7;12.6;4.0;10.3;0.0;98.0;81.0;51.0;89.0;98.0;8.3;967.0;0.0;2970.0;ICON
2026-10-09T19:15:00+02:00;2026-10-09T23:42:05+02:00;ferme_de_sauze;ARPEGE;45.1;4.700001;444.0;2026-10-10T06:00;1.9;7.9;338.0;10.0;0.0;95.0;64.0;68.0;83.0;95.0;8.4;966.7;0.0;2950.0;ICON
2026-10-09T19:15:00+02:00;2026-10-09T23:42:05+02:00;ferme_de_sauze;ARPEGE;45.1;4.700001;444.0;2026-10-10T07:00;4.0;3.6;280.0;10.1;0.0;100.0;100.0;100.0;3.0;100.0;8.8;966.6;0.0;2940.0;ICON
2026-10-09T19:15:00+02:00;2026-10-09T23:42:05+02:00;ferme_de_sauze;ARPEGE;45.1;4.700001;444.0;2026-10-10T08:00;3.7;5.0;299.0;10.4;0.1;97.0;93.0;93.0;0.0;97.0;9.4;966.5;0.0;2950.0;ICON
2026-10-09T19:15:00+02:00;2026-10-09T23:42:05+02:00;ferme_de_sauze;ARPEGE;45.1;4.700001;444.0;2026-10-10T09:00;1.9;4.0;338.0;10.7;0.0;100.0;100.0;33.0;2.0;100.0;9.7;966.7;0.0;2940.0;ICON
2026-10-09T19:15:00+02:00;2026-10-09T23:42:05+02:00;ferme_de_sauze;ARPEGE;45.1;4.700001;444.0;2026-10-10T10:00;2.9;6.1;353.0;11.0;0.0;100.0;100.0;41.0;0.0;100.0;10.0;967.0;0.0;2960.0;ICON
2026-10-09T19:15:00+02:00;2026-10-09T23:42:05+02:00;ferme_de_sauze;ARPEGE;45.1;4.700001;444.0;2026-10-10T11:00;3.5;7.6;336.0;11.4;0.0;100.0;100.0;90.0;0.0;100.0;10.1;967.1;0.0;2920.0;ICON
2026-10-09T19:15:00+02:00;2026-10-09T23:42:05+02:00;ferme_de_sauze;ARPEGE;45.1;4.700001;444.0;2026-10-10T12:00;3.2;6.8;333.0;11.9;0.0;100.0;100.0;97.0;0.0;100.0;10.5;967.1;0.0;2910.0;ICON
2026-10-09T19:15:00+02:00;2026-10-09T23:42:05+02:00;ferme_de_sauze;ARPEGE;45.1;4.700001;444.0;2026-10-10T13:00;2.6;5.8;344.0;12.2;0.0;91.0;91.0;87.0;0.0;91.0;10.7;966.9;0.0;2770.0;ICON
2026-10-09T19:15:00+02:00;2026-10-09T23:42:05+02:00;ferme_de_sauze;ARPEGE;45.1;4.700001;444.0;2026-10-10T14:00;3.3;7.6;6.0;12.8;0.0;100.0;100.0;97.0;0.0;100.0;11.0;966.7;0.0;2870.0;ICON
2026-10-09T19:15:00+02:00;2026-10-09T23:42:05+02:00;ferme_de_sauze;ARPEGE;45.1;4.700001;444.0;2026-10-10T15:00;3.3;7.6;13.0;12.6;0.3;100.0;100.0;100.0;0.0;100.0;11.5;966.0;0.0;2770.0;ICON
2026-10-09T19:15:00+02:00;2026-10-09T23:42:05+02:00;ferme_de_sauze;ARPEGE;45.1;4.700001;444.0;2026-10-10T16:00;2.5;6.5;45.0;12.5;0.0;25.0;25.0;0.0;0.0;25.0;11.7;965.5;0.0;2740.0;ICON
2026-10-09T19:15:00+02:00;2026-10-09T23:42:05+02:00;ferme_de_sauze;ARPEGE;45.1;4.700001;444.0;2026-10-10T17:00;4.7;10.8;58.0;13.5;0.0;2.0;2.0;0.0;0.0;2.0;12.4;965.3;0.0;2700.0;ICON
2026-10-09T19:15:00+02:00;2026-10-09T23:42:05+02:00;ferme_de_sauze;ARPEGE;45.1;4.700001;444.0;2026-10-10T18:00;5.0;10.8;30.0;13.4;0.0;13.0;13.0;0.0;0.0;13.0;12.1;965.4;0.0;2710.0;ICON
2026-10-09T19:15:00+02:00;2026-10-09T23:42:05+02:00;ferme_de_sauze;ARPEGE;45.1;4.700001;444.0;2026-10-10T19:00;7.2;12.2;6.0;12.5;0.0;37.0;37.0;0.0;0.0;37.0;11.6;965.5;0.0;3280.0;ICON
2026-10-09T19:15:00+02:00;2026-10-09T23:42:05+02:00;ferme_de_sauze;ARPEGE;45.1;4.700001;444.0;2026-10-10T20:00;10.3;19.1;12.0;11.8;0.0;85.0;85.0;0.0;0.0;85.0;11.4;965.8;0.0;2770.0;ICON
2026-10-09T19:15:00+02:00;2026-10-09T23:42:05+02:00;ferme_de_sauze;ARPEGE;45.1;4.700001;444.0;2026-10-10T21:00;10.5;21.6;8.0;11.6;0.0;61.0;61.0;0.0;0.0;61.0;11.4;965.9;0.0;2730.0;ICON
2026-10-09T19:15:00+02:00;2026-10-09T23:42:05+02:00;ferme_de_sauze;ARPEGE;45.1;4.700001;444.0;2026-10-10T22:00;8.7;20.2;355.0;11.1;0.0;13.0;4.0;0.0;9.0;13.0;10.4;965.8;0.0;2580.0;ICON
2026-10-09T19:15:00+02:00;2026-10-09T23:42:05+02:00;ferme_de_sauze;ARPEGE;45.1;4.700001;444.0;2026-10-10T23:00;9.1;16.6;353.0;10.1;0.0;8.0;0.0;0.0;8.0;8.0;9.0;965.7;0.0;3130.0;ICON
2026-10-09T19:15:00+02:00;2026-10-09T23:42:05+02:00;ferme_de_sauze;ARPEGE;45.1;4.700001;444.0;2026-10-11T00:00;8.1;15.8;339.0;9.2;0.0;1.0;0.0;0.0;1.0;1.0;7.5;965.5;0.0;3190.0;ICON
2026-10-09T19:15:00+02:00;2026-10-09T23:42:05+02:00;ferme_de_sauze;ARPEGE;45.1;4.700001;444.0;2026-10-11T01:00;8.6;14.4;327.0;8.7;0.0;1.0;1.0;0.0;0.0;1.0;6.1;965.3;0.0;3180.0;ICON
2026-10-09T19:15:00+02:00;2026-10-09T23:42:05+02:00;ferme_de_sauze;ARPEGE;45.1;4.700001;444.0;2026-10-11T02:00;9.7;15.8;318.0;8.4;0.0;0.0;0.0;0.0;0.0;0.0;5.8;964.9;0.0;3170.0;ICON
2026-10-09T19:15:00+02:00;2026-10-09T23:42:05+02:00;ferme_de_sauze;ARPEGE;45.1;4.700001;444.0;2026-10-11T03:00;10.7;17.3;327.0;8.3;0.0;46.0;0.0;0.0;46.0;46.0;5.9;964.6;0.0;3270.0;ICON
2026-10-09T19:15:00+02:00;2026-10-09T23:42:05+02:00;ferme_de_sauze;ARPEGE;45.1;4.700001;444.0;2026-10-11T04:00;11.3;18.4;329.0;8.2;0.0;79.0;0.0;0.0;79.0;79.0;5.8;964.0;0.0;3290.0;ICON
2026-10-09T19:15:00+02:00;2026-10-09T23:42:05+02:00;ferme_de_sauze;ARPEGE;45.1;4.700001;444.0;2026-10-11T05:00;11.6;19.1;330.0;8.2;0.0;78.0;0.0;0.0;78.0;78.0;5.8;963.6;0.0;3280.0;ICON
2026-10-09T19:15:00+02:00;2026-10-09T23:42:05+02:00;ferme_de_sauze;ARPEGE;45.1;4.700001;444.0;2026-10-11T06:00;11.4;19.1;336.0;8.1;0.0;72.0;0.0;0.0;72.0;72.0;5.7;963.6;0.0;3290.0;ICON
2026-10-09T19:15:00+02:00;2026-10-09T23:42:05+02:00;ferme_de_sauze;ARPEGE;45.1;4.700001;444.0;2026-10-11T07:00;11.0;18.7;337.0;8.1;0.0;78.0;0.0;0.0;78.0;78.0;5.5;963.7;0.0;3280.0;ICON
2026-10-09T19:15:00+02:00;2026-10-09T23:42:05+02:00;ferme_de_sauze;ARPEGE;45.1;4.700001;444.0;2026-10-11T08:00;11.0;19.1;349.0;8.0;0.0;57.0;0.0;0.0;57.0;57.0;5.4;963.7;0.0;3280.0;ICON
2026-10-09T19:15:00+02:00;2026-10-09T23:42:05+02:00;ferme_de_sauze;ARPEGE;45.1;4.700001;444.0;2026-10-11T09:00;10.4;18.7;346.0;8.4;0.0;65.0;0.0;0.0;65.0;65.0;5.6;964.3;0.0;3290.0;ICON
2026-10-09T19:15:00+02:00;2026-10-09T23:42:05+02:00;ferme_de_sauze;ARPEGE;45.1;4.700001;444.0;2026-10-11T10:00;9.7;18.4;345.0;10.1;0.0;51.0;0.0;14.0;51.0;51.0;6.4;964.8;0.0;3350.0;ICON
2026-10-09T19:15:00+02:00;2026-10-09T23:42:05+02:00;ferme_de_sauze;ARPEGE;45.1;4.700001;444.0;2026-10-11T11:00;12.6;26.6;3.0;11.8;0.0;66.0;0.0;1.0;66.0;66.0;6.9;964.9;0.0;3370.0;ICON
2026-10-09T19:15:00+02:00;2026-10-09T23:42:05+02:00;ferme_de_sauze;ARPEGE;45.1;4.700001;444.0;2026-10-11T12:00;15.3;32.0;19.0;13.0;0.0;93.0;0.0;8.0;93.0;93.0;6.6;964.8;0.0;3400.0;ICON
2026-10-09T19:15:00+02:00;2026-10-09T23:42:05+02:00;ferme_de_sauze;ARPEGE;45.1;4.700001;444.0;2026-10-11T13:00;16.6;34.9;22.0;13.8;0.0;89.0;0.0;15.0;89.0;89.0;6.9;965.0;0.0;3400.0;ICON
2026-10-09T19:15:00+02:00;2026-10-09T23:42:05+02:00;ferme_de_sauze;ARPEGE;45.1;4.700001;444.0;2026-10-11T14:00;18.9;38.9;24.0;14.5;0.0;84.0;0.0;25.0;84.0;84.0;6.3;964.6;0.0;3400.0;ICON
2026-10-09T19:15:00+02:00;2026-10-09T23:42:05+02:00;ferme_de_sauze;ARPEGE;45.1;4.700001;444.0;2026-10-11T15:00;20.7;41.8;23.0;14.4;0.0;98.0;0.0;34.0;98.0;98.0;5.2;964.2;0.0;3370.0;ICON
2026-10-09T19:15:00+02:00;2026-10-09T23:42:05+02:00;ferme_de_sauze;ARPEGE;45.1;4.700001;444.0;2026-10-11T16:00;19.7;41.8;24.0;14.2;0.0;100.0;0.0;41.0;100.0;100.0;5.3;964.1;0.0;3390.0;ICON
2026-10-09T19:15:00+02:00;2026-10-09T23:42:05+02:00;ferme_de_sauze;ARPEGE;45.1;4.700001;444.0;2026-10-11T17:00;18.9;40.0;21.0;13.8;0.0;100.0;0.0;40.0;100.0;100.0;5.9;964.1;0.0;3400.0;ICON
2026-10-09T19:15:00+02:00;2026-10-09T23:42:05+02:00;ferme_de_sauze;ARPEGE;45.1;4.700001;444.0;2026-10-11T18:00;17.0;37.8;21.0;13.3;0.0;100.0;0.0;45.0;100.0;100.0;5.9;964.2;0.0;3322.5;ICON
2026-10-09T19:15:00+02:00;2026-10-09T23:42:05+02:00;ferme_de_sauze;ARPEGE;45.1;4.700001;444.0;2026-10-11T19:00;15.0;33.1;17.0;12.5;0.0;93.0;0.0;28.0;93.0;93.0;5.6;964.5;0.0;3300.0;ICON
2026-10-09T19:15:00+02:00;2026-10-09T23:42:05+02:00;ferme_de_sauze;ARPEGE;45.1;4.700001;444.0;2026-10-11T20:00;13.0;28.8;3.0;11.7;0.0;73.0;0.0;20.0;73.0;73.0;5.8;965.0;0.0;3280.0;ICON
2026-10-09T19:15:00+02:00;2026-10-09T23:42:05+02:00;ferme_de_sauze;ARPEGE;45.1;4.700001;444.0;2026-10-11T21:00;13.1;24.1;352.0;11.1;0.0;22.0;0.0;15.0;15.0;22.0;5.6;965.3;0.0;3200.0;ICON
2026-10-09T19:15:00+02:00;2026-10-09T23:42:05+02:00;ferme_de_sauze;ARPEGE;45.1;4.700001;444.0;2026-10-11T22:00;14.1;25.9;354.0;10.8;0.0;14.0;0.0;9.0;5.0;14.0;4.7;965.7;0.0;3180.0;ICON
2026-10-09T19:15:00+02:00;2026-10-09T23:42:05+02:00;ferme_de_sauze;ARPEGE;45.1;4.700001;444.0;2026-10-11T23:00;12.8;25.6;350.0;10.3;0.0;7.0;0.0;4.0;5.0;7.0;4.4;965.8;0.0;3150.0;ICON
2026-10-09T19:15:00+02:00;2026-10-09T23:42:05+02:00;ferme_de_sauze;ARPEGE;45.1;4.700001;444.0;2026-10-12T00:00;13.9;24.8;339.0;9.9;0.0;1.0;0.0;1.0;0.0;1.0;4.3;965.9;0.0;3140.0;ICON
2026-10-09T19:15:00+02:00;2026-10-09T23:42:05+02:00;ferme_de_sauze;ARPEGE;45.1;4.700001;444.0;2026-10-12T01:00;13.5;24.8;335.0;9.8;0.0;1.0;0.0;1.0;0.0;1.0;3.7;966.0;0.0;3100.0;ICON
2026-10-09T19:15:00+02:00;2026-10-09T23:42:05+02:00;ferme_de_sauze;ARPEGE;45.1;4.700001;444.0;2026-10-12T02:00;13.4;24.1;329.0;9.7;0.0;0.0;0.0;0.0;0.0;0.0;3.4;966.0;0.0;3060.0;ICON
2026-10-09T19:15:00+02:00;2026-10-09T23:42:05+02:00;ferme_de_sauze;ARPEGE;45.1;4.700001;444.0;2026-10-12T03:00;13.5;24.1;331.0;9.7;0.0;0.0;0.0;0.0;0.0;0.0;3.2;966.1;0.0;3060.0;ICON
2026-10-09T19:15:00+02:00;2026-10-09T23:42:05+02:00;ferme_de_sauze;ARPEGE;45.1;4.700001;444.0;2026-10-12T04:00;13.4;24.1;336.0;9.6;0.0;0.0;0.0;0.0;0.0;0.0;3.1;965.8;0.0;3040.0;ICON
2026-10-09T19:15:00+02:00;2026-10-09T23:42:05+02:00;ferme_de_sauze;ARPEGE;45.1;4.700001;444.0;2026-10-12T05:00;14.1;26.3;345.0;9.6;0.0;0.0;0.0;0.0;0.0;0.0;3.1;966.2;0.0;3030.0;ICON
2026-10-09T19:15:00+02:00;2026-10-09T23:42:05+02:00;ferme_de_sauze;ARPEGE;45.1;4.700001;444.0;2026-10-12T06:00;14.8;28.4;347.0;9.6;0.0;9.0;0.0;0.0;9.0;9.0;3.1;966.7;0.0;3050.0;ICON
2026-10-09T19:15:00+02:00;2026-10-09T23:42:05+02:00;ferme_de_sauze;ARPEGE;45.1;4.700001;444.0;2026-10-12T07:00;14.2;27.0;344.0;9.5;0.0;53.0;0.0;0.0;53.0;53.0;3.5;967.0;0.0;3180.0;ICON
2026-10-09T19:15:00+02:00;2026-10-09T23:42:05+02:00;ferme_de_sauze;ARPEGE;45.1;4.700001;444.0;2026-10-12T08:00;13.0;25.9;341.0;9.4;0.0;76.0;0.0;0.0;76.0;76.0;3.3;967.0;0.0;3290.0;ICON
2026-10-09T19:15:00+02:00;2026-10-09T23:42:05+02:00;ferme_de_sauze;ARPEGE;45.1;4.700001;444.0;2026-10-12T09:00;12.3;22.7;345.0;9.9;0.0;36.0;0.0;0.0;36.0;36.0;3.6;967.7;0.0;3390.0;ICON
2026-10-09T19:15:00+02:00;2026-10-09T23:42:05+02:00;ferme_de_sauze;ARPEGE;45.1;4.700001;444.0;2026-10-12T10:00;10.4;22.0;358.0;11.4;0.0;41.0;0.0;0.0;41.0;41.0;3.9;968.6;0.0;3460.0;ICON
2026-10-09T19:15:00+02:00;2026-10-09T23:42:05+02:00;ferme_de_sauze;ARPEGE;45.1;4.700001;444.0;2026-10-12T11:00;11.0;22.7;11.0;12.6;0.0;13.0;0.0;0.0;13.0;13.0;4.5;969.2;0.0;3540.0;ICON
2026-10-09T19:15:00+02:00;2026-10-09T23:42:05+02:00;ferme_de_sauze;ARPEGE;45.1;4.700001;444.0;2026-10-12T12:00;12.0;25.9;21.0;13.7;0.0;16.0;0.0;0.0;16.0;16.0;5.0;969.5;0.0;3800.0;ICON
2026-10-09T19:15:00+02:00;2026-10-09T23:42:05+02:00;ferme_de_sauze;ARPEGE;45.1;4.700001;444.0;2026-10-12T13:00;11.4;26.3;28.0;15.4;0.0;34.0;0.0;0.0;34.0;34.0;5.0;969.6;0.0;3840.0;ICON
2026-10-09T19:15:00+02:00;2026-10-09T23:42:05+02:00;ferme_de_sauze;ARPEGE;45.1;4.700001;444.0;2026-10-12T14:00;12.4;27.7;30.0;16.6;0.0;11.0;0.0;0.0;11.0;11.0;4.6;969.6;0.0;3840.0;ICON
2026-10-09T19:15:00+02:00;2026-10-09T23:42:05+02:00;ferme_de_sauze;ARPEGE;45.1;4.700001;444.0;2026-10-12T15:00;11.8;27.7;31.0;17.2;0.0;9.0;0.0;0.0;9.0;9.0;4.2;969.6;0.0;3880.0;ICON
2026-10-09T19:15:00+02:00;2026-10-09T23:42:05+02:00;ferme_de_sauze;ARPEGE;45.1;4.700001;444.0;2026-10-12T16:00;11.6;25.9;30.0;17.5;0.0;4.0;0.0;0.0;4.0;4.0;4.1;969.4;0.0;3840.0;ICON
2026-10-09T19:15:00+02:00;2026-10-09T23:42:05+02:00;ferme_de_sauze;ARPEGE;45.1;4.700001;444.0;2026-10-12T17:00;11.4;24.8;24.0;17.4;0.0;19.0;0.0;0.0;19.0;19.0;3.6;969.7;0.0;3810.0;ICON
2026-10-09T19:15:00+02:00;2026-10-09T23:42:05+02:00;ferme_de_sauze;ARPEGE;45.1;4.700001;444.0;2026-10-12T18:00;10.9;23.4;17.0;16.6;0.0;14.0;0.0;0.0;14.0;14.0;2.9;969.9;0.0;3820.0;ICON
2026-10-09T19:15:00+02:00;2026-10-09T23:42:05+02:00;ferme_de_sauze;ARPEGE;45.1;4.700001;444.0;2026-10-12T19:00;10.5;21.2;4.0;15.0;0.0;32.0;0.0;0.0;32.0;32.0;2.1;970.0;0.0;3810.0;ICON
2026-10-09T19:15:00+02:00;2026-10-09T23:42:05+02:00;ferme_de_sauze;ARPEGE;45.1;4.700001;444.0;2026-10-12T20:00;9.5;17.6;351.0;13.2;0.0;57.0;0.0;0.0;57.0;57.0;2.4;970.5;0.0;3770.0;ICON
2026-10-09T19:15:00+02:00;2026-10-09T23:42:05+02:00;ferme_de_sauze;ARPEGE;45.1;4.700001;444.0;2026-10-12T21:00;8.2;15.1;337.0;12.1;0.0;62.0;0.0;6.0;62.0;62.0;2.8;970.7;0.0;3780.0;ICON
2026-10-09T19:15:00+02:00;2026-10-09T23:42:05+02:00;ferme_de_sauze;ARPEGE;45.1;4.700001;444.0;2026-10-12T22:00;8.7;15.5;336.0;11.6;0.0;61.0;0.0;22.0;61.0;61.0;2.9;971.0;0.0;3800.0;ICON
2026-10-09T19:15:00+02:00;2026-10-09T23:42:05+02:00;ferme_de_sauze;ARPEGE;45.1;4.700001;444.0;2026-10-12T23:00;7.3;15.5;327.0;11.3;0.0;50.0;0.0;31.0;50.0;50.0;3.0;971.2;0.0;3810.0;ICON
2026-10-09T19:15:00+02:00;2026-10-09T23:42:05+02:00;lyon;ARPEGE;45.800003;4.9000015;225.0;2026-10-09T00:00;20.9;35.6;333.0;10.3;0.0;12.0;1.0;12.0;0.0;12.0;7.1;996.4;0.0;1810.0;ICON
2026-10-09T19:15:00+02:00;2026-10-09T23:42:05+02:00;lyon;ARPEGE;45.800003;4.9000015;225.0;2026-10-09T01:00;20.3;35.3;333.0;9.9;0.0;37.0;7.0;35.0;1.0;37.0;6.6;996.2;0.0;1910.0;ICON
2026-10-09T19:15:00+02:00;2026-10-09T23:42:05+02:00;lyon;ARPEGE;45.800003;4.9000015;225.0;2026-10-09T02:00;20.1;35.3;333.0;9.8;0.0;44.0;0.0;19.0;31.0;44.0;5.7;996.2;0.0;1810.0;ICON
2026-10-09T19:15:00+02:00;2026-10-09T23:42:05+02:00;lyon;ARPEGE;45.800003;4.9000015;225.0;2026-10-09T03:00;19.0;34.2;335.0;9.3;0.0;66.0;0.0;4.0;65.0;66.0;5.5;996.2;0.0;1820.0;ICON
2026-10-09T19:15:00+02:00;2026-10-09T23:42:05+02:00;lyon;ARPEGE;45.800003;4.9000015;225.0;2026-10-09T04:00;17.9;31.3;332.0;8.9;0.0;53.0;0.0;0.0;53.0;53.0;5.4;996.1;0.0;2870.0;ICON
2026-10-09T19:15:00+02:00;2026-10-09T23:42:05+02:00;lyon;ARPEGE;45.800003;4.9000015;225.0;2026-10-09T05:00;17.1;29.5;335.0;8.5;0.0;69.0;11.0;0.0;65.0;69.0;5.4;996.4;0.0;3040.0;ICON
2026-10-09T19:15:00+02:00;2026-10-09T23:42:05+02:00;lyon;ARPEGE;45.800003;4.9000015;225.0;2026-10-09T06:00;16.3;28.4;335.0;8.3;0.0;88.0;23.0;1.0;84.0;88.0;5.6;996.6;0.0;3100.0;ICON
2026-10-09T19:15:00+02:00;2026-10-09T23:42:05+02:00;lyon;ARPEGE;45.800003;4.9000015;225.0;2026-10-09T07:00;15.8;27.4;333.0;8.3;0.0;91.0;31.0;2.0;87.0;91.0;5.7;996.9;0.0;3410.0;ICON
2026-10-09T19:15:00+02:00;2026-10-09T23:42:05+02:00;lyon;ARPEGE;45.800003;4.9000015;225.0;2026-10-09T08:00;15.3;26.6;330.0;8.3;0.0;85.0;1.0;0.0;85.0;85.0;5.6;996.9;0.0;3280.0;ICON
2026-10-09T19:15:00+02:00;2026-10-09T23:42:05+02:00;lyon;ARPEGE;45.800003;4.9000015;225.0;2026-10-09T09:00;13.5;25.6;331.0;8.6;0.0;98.0;0.0;0.0;98.0;98.0;5.9;997.1;0.0;3450.0;ICON
2026-10-09T19:15:00+02:00;2026-10-09T23:42:05+02:00;lyon;ARPEGE;45.800003;4.9000015;225.0;2026-10-09T10:00;13.7;25.2;337.0;9.7;0.0;100.0;0.0;0.0;100.0;100.0;6.4;997.5;0.0;3470.0;ICON
2026-10-09T19:15:00+02:00;2026-10-09T23:42:05+02:00;lyon;ARPEGE;45.800003;4.9000015;225.0;2026-10-09T11:00;12.6;26.3;347.0;10.8;0.0;91.0;0.0;15.0;90.0;91.0;7.1;997.6;0.0;3440.0;ICON
2026-10-09T19:15:00+02:00;2026-10-09T23:42:05+02:00;lyon;ARPEGE;45.800003;4.9000015;225.0;2026-10-09T12:00;15.5;30.6;347.0;12.1;0.0;83.0;0.0;17.0;81.0;83.0;7.4;997.7;0.0;3480.0;ICON
2026-10-09T19:15:00+02:00;2026-10-09T23:42:05+02:00;lyon;ARPEGE;45.800003;4.9000015;225.0;2026-10-09T13:00;13.6;31.0;349.0;13.0;0.0;78.0;0.0;10.0;78.0;78.0;6.5;997.2;0.0;3330.0;ICON
2026-10-09T19:15:00+02:00;2026-10-09T23:42:05+02:00;lyon;ARPEGE;45.800003;4.9000015;225.0;2026-10-09T14:00;11.7;27.4;349.0;14.3;0.0;85.0;0.0;34.0;81.0;85.0;6.1;996.8;0.0;3240.0;ICON
2026-10-09T19:15:00+02:00;2026-10-09T23:42:05+02:00;lyon;ARPEGE;45.800003;4.9000015;225.0;2026-10-09T15:00;12.7;25.9;352.0;14.2;0.0;79.0;0.0;31.0;77.0;79.0;5.2;996.2;0.0;3220.0;ICON
2026-10-09T19:15:00+02:00;2026-10-09T23:42:05+02:00;lyon;ARPEGE;45.800003;4.9000015;225.0;2026-10-09T16:00;12.6;25.6;358.0;14.1;0.0;68.0;0.0;21.0;66.0;68.0;4.7;995.8;0.0;3260.0;ICON
2026-10-09T19:15:00+02:00;2026-10-09T23:42:05+02:00;lyon;ARPEGE;45.800003;4.9000015;225.0;2026-10-09T17:00;12.6;24.5;2.0;13.9;0.0;75.0;0.0;39.0;70.0;75.0;5.3;995.6;0.0;3290.0;ICON
2026-10-09T19:15:00+02:00;2026-10-09T23:42:05+02:00;lyon;ARPEGE;45.800003;4.9000015;225.0;2026-10-09T18:00;10.9;22.7;9.0;13.4;0.0;87.0;0.0;56.0;80.0;87.0;6.5;995.3;0.0;3220.0;ICON
2026-10-09T19:15:00+02:00;2026-10-09T23:42:05+02:00;lyon;ARPEGE;45.800003;4.9000015;225.0;2026-10-09T19:00;9.5;18.0;9.0;12.6;0.0;98.0;64.0;83.0;87.0;98.0;6.8;995.2;0.0;3150.0;ICON
2026-10-09T19:15:00+02:00;2026-10-09T23:42:05+02:00;lyon;ARPEGE;45.800003;4.9000015;225.0;2026-10-09T20:00;7.2;14.4;6.0;12.2;0.0;100.0;100.0;99.0;78.0;100.0;7.0;995.3;0.0;3220.0;ICON
2026-10-09T19:15:00+02:00;2026-10-09T23:42:05+02:00;lyon;ARPEGE;45.800003;4.9000015;225.0;2026-10-09T21:00;6.5;11.2;354.0;12.1;0.0;100.0;99.0;64.0;65.0;100.0;7.2;995.2;0.0;3220.0;ICON
2026-10-09T19:15:00+02:00;2026-10-09T23:42:05+02:00;lyon;ARPEGE;45.800003;4.9000015;225.0;2026-10-09T22:00;4.7;10.1;337.0;12.0;0.0;100.0;100.0;91.0;79.0;100.0;7.5;995.3;0.0;3190.0;ICON
2026-10-09T19:15:00+02:00;2026-10-09T23:42:05+02:00;lyon;ARPEGE;45.800003;4.9000015;225.0;2026-10-09T23:00;3.4;6.8;302.0;12.0;0.0;100.0;100.0;73.0;100.0;100.0;7.7;995.3;0.0;3150.0;ICON
2026-10-09T19:15:00+02:00;2026-10-09T23:42:05+02:00;lyon;ARPEGE;45.800003;4.9000015;225.0;2026-10-10T00:00;1.3;4.7;304.0;12.0;0.0;100.0;100.0;97.0;100.0;100.0;8.2;995.1;0.0;2990.0;ICON
2026-10-09T19:15:00+02:00;2026-10-09T23:42:05+02:00;lyon;ARPEGE;45.800003;4.9000015;225.0;2026-10-10T01:00;0.7;1.8;270.0;11.8;0.2;100.0;100.0;100.0;94.0;100.0;9.2;994.8;0.0;2980.0;ICON
2026-10-09T19:15:00+02:00;2026-10-09T23:42:05+02:00;lyon;ARPEGE;45.800003;4.9000015;225.0;2026-10-10T02:00;1.6;1.8;117.0;11.4;0.4;100.0;100.0;100.0;100.0;100.0;10.3;994.1;0.0;2950.0;ICON
2026-10-09T19:15:00+02:00;2026-10-09T23:42:05+02:00;lyon;ARPEGE;45.800003;4.9000015;225.0;2026-10-10T03:00;1.8;2.2;191.0;11.4;0.0;100.0;100.0;81.0;100.0;100.0;10.7;993.9;0.0;2950.0;ICON
2026-10-09T19:15:00+02:00;2026-10-09T23:42:05+02:00;lyon;ARPEGE;45.800003;4.9000015;225.0;2026-10-10T04:00;3.7;6.1;191.0;11.4;0.0;100.0;100.0;84.0;97.0;100.0;10.6;993.1;0.0;2910.0;ICON
2026-10-09T19:15:00+02:00;2026-10-09T23:42:05+02:00;lyon;ARPEGE;45.800003;4.9000015;225.0;2026-10-10T05:00;3.6;7.6;180.0;11.2;0.1;100.0;96.0;98.0;99.0;100.0;9.9;992.7;0.0;2930.0;ICON
2026-10-09T19:15:00+02:00;2026-10-09T23:42:05+02:00;lyon;ARPEGE;45.800003;4.9000015;225.0;2026-10-10T06:00;2.9;6.1;173.0;11.0;0.8;100.0;100.0;93.0;20.0;100.0;10.1;992.4;0.0;2920.0;ICON
2026-10-09T19:15:00+02:00;2026-10-09T23:42:05+02:00;lyon;ARPEGE;45.800003;4.9000015;225.0;2026-10-10T07:00;2.4;4.3;117.0;11.0;0.4;100.0;100.0;79.0;1.0;100.0;10.2;992.5;0.0;2940.0;ICON
2026-10-09T19:15:00+02:00;2026-10-09T23:42:05+02:00;lyon;ARPEGE;45.800003;4.9000015;225.0;2026-10-10T08:00;4.0;6.8;80.0;10.9;0.2;90.0;74.0;71.0;0.0;90.0;10.1;992.5;0.0;2860.0;ICON
2026-10-09T19:15:00+02:00;2026-10-09T23:42:05+02:00;lyon;ARPEGE;45.800003;4.9000015;225.0;2026-10-10T09:00;4.1;7.9;105.0;10.8;0.6;92.0;57.0;88.0;0.0;92.0;10.0;992.5;0.0;2850.0;ICON
2026-10-09T19:15:00+02:00;2026-10-09T23:42:05+02:00;lyon;ARPEGE;45.800003;4.9000015;225.0;2026-10-10T10:00;3.0;9.7;166.0;11.1;0.1;94.0;89.0;78.0;0.0;94.0;10.1;992.6;0.0;2860.0;ICON
2026-10-09T19:15:00+02:00;2026-10-09T23:42:05+02:00;lyon;ARPEGE;45.800003;4.9000015;225.0;2026-10-10T11:00;3.1;6.8;159.0;11.7;0.0;100.0;100.0;55.0;0.0;100.0;10.9;992.4;0.0;2850.0;ICON
2026-10-09T19:15:00+02:00;2026-10-09T23:42:05+02:00;lyon;ARPEGE;45.800003;4.9000015;225.0;2026-10-10T12:00;3.6;7.2;186.0;12.3;0.1;100.0;100.0;89.0;0.0;100.0;11.5;992.4;0.0;2870.0;ICON
2026-10-09T19:15:00+02:00;2026-10-09T23:42:05+02:00;lyon;ARPEGE;45.800003;4.9000015;225.0;2026-10-10T13:00;3.3;6.8;221.0;12.7;0.2;100.0;100.0;100.0;1.0;100.0;11.9;992.2;0.0;2830.0;ICON
2026-10-09T19:15:00+02:00;2026-10-09T23:42:05+02:00;lyon;ARPEGE;45.800003;4.9000015;225.0;2026-10-10T14:00;3.7;5.8;259.0;12.9;0.7;100.0;100.0;100.0;1.0;100.0;12.3;992.1;0.0;2820.0;ICON
2026-10-09T19:15:00+02:00;2026-10-09T23:42:05+02:00;lyon;ARPEGE;45.800003;4.9000015;225.0;2026-10-10T15:00;2.7;6.5;247.0;13.1;0.4;100.0;100.0;85.0;0.0;100.0;12.3;991.4;0.0;2700.0;ICON
2026-10-09T19:15:00+02:00;2026-10-09T23:42:05+02:00;lyon;ARPEGE;45.800003;4.9000015;225.0;2026-10-10T16:00;2.3;5.4;252.0;13.7;0.0;100.0;100.0;21.0;0.0;100.0;12.5;991.0;0.0;2610.0;ICON
2026-10-09T19:15:00+02:00;2026-10-09T23:42:05+02:00;lyon;ARPEGE;45.800003;4.9000015;225.0;2026-10-10T17:00;0.8;3.6;333.0;14.0;0.0;21.0;21.0;1.0;0.0;21.0;12.7;990.9;0.0;2610.0;ICON
2026-10-09T19:15:00+02:00;2026-10-09T23:42:05+02:00;lyon;ARPEGE;45.800003;4.9000015;225.0;2026-10-10T18:00;1.5;4.7;346.0;14.5;0.0;0.0;0.0;0.0;0.0;0.0;13.2;991.0;0.0;2570.0;ICON
2026-10-09T19:15:00+02:00;2026-10-09T23:42:05+02:00;lyon;ARPEGE;45.800003;4.9000015;225.0;2026-10-10T19:00;6.5;11.2;354.0;13.7;0.0;0.0;0.0;0.0;0.0;0.0;12.4;991.3;0.0;2690.0;ICON
2026-10-09T19:15:00+02:00;2026-10-09T23:42:05+02:00;lyon;ARPEGE;45.800003;4.9000015;225.0;2026-10-10T20:00;4.7;11.9;351.0;12.1;0.0;0.0;0.0;0.0;0.0;0.0;10.7;991.3;0.0;2580.0;ICON
2026-10-09T19:15:00+02:00;2026-10-09T23:42:05+02:00;lyon;ARPEGE;45.800003;4.9000015;225.0;2026-10-10T21:00;1.8;7.2;323.0;10.9;0.0;0.0;0.0;0.0;0.0;0.0;9.8;991.2;0.0;2720.0;ICON
2026-10-09T19:15:00+02:00;2026-10-09T23:42:05+02:00;lyon;ARPEGE;45.800003;4.9000015;225.0;2026-10-10T22:00;3.3;3.2;311.0;9.8;0.0;0.0;0.0;0.0;0.0;0.0;8.9;991.2;0.0;2910.0;ICON
2026-10-09T19:15:00+02:00;2026-10-09T23:42:05+02:00;lyon;ARPEGE;45.800003;4.9000015;225.0;2026-10-10T23:00;3.4;4.0;328.0;9.1;0.0;3.0;2.0;0.0;1.0;3.0;8.3;991.2;0.0;2910.0;ICON
2026-10-09T19:15:00+02:00;2026-10-09T23:42:05+02:00;lyon;ARPEGE;45.800003;4.9000015;225.0;2026-10-11T00:00;1.9;2.9;338.0;8.5;0.0;18.0;16.0;0.0;2.0;18.0;7.7;991.1;0.0;3020.0;ICON
2026-10-09T19:15:00+02:00;2026-10-09T23:42:05+02:00;lyon;ARPEGE;45.800003;4.9000015;225.0;2026-10-11T01:00;0.4;1.4;360.0;8.0;0.0;13.0;12.0;0.0;1.0;13.0;7.4;991.1;0.0;3040.0;ICON
2026-10-09T19:15:00+02:00;2026-10-09T23:42:05+02:00;lyon;ARPEGE;45.800003;4.9000015;225.0;2026-10-11T02:00;1.1;0.7;18.0;7.5;0.0;31.0;30.0;0.0;1.0;31.0;7.1;990.9;0.0;3180.0;ICON
2026-10-09T19:15:00+02:00;2026-10-09T23:42:05+02:00;lyon;ARPEGE;45.800003;4.9000015;225.0;2026-10-11T03:00;1.5;1.8;14.0;7.2;0.0;69.0;49.0;0.0;33.0;69.0;6.8;990.7;0.0;3200.0;ICON
2026-10-09T19:15:00+02:00;2026-10-09T23:42:05+02:00;lyon;ARPEGE;45.800003;4.9000015;225.0;2026-10-11T04:00;1.1;1.8;18.0;7.2;0.0;99.0;59.0;0.0;89.0;99.0;6.8;990.2;0.0;3210.0;ICON
2026-10-09T19:15:00+02:00;2026-10-09T23:42:05+02:00;lyon;ARPEGE;45.800003;4.9000015;225.0;2026-10-11T05:00;2.1;2.9;59.0;7.1;0.0;100.0;58.0;0.0;100.0;100.0;6.6;990.0;0.0;3170.0;ICON
2026-10-09T19:15:00+02:00;2026-10-09T23:42:05+02:00;lyon;ARPEGE;45.800003;4.9000015;225.0;2026-10-11T06:00;1.9;3.2;68.0;7.0;0.0;100.0;58.0;0.0;100.0;100.0;6.6;990.1;0.0;3130.0;ICON
2026-10-09T19:15:00+02:00;2026-10-09T23:42:05+02:00;lyon;ARPEGE;45.800003;4.9000015;225.0;2026-10-11T07:00;1.3;2.5;124.0;7.0;0.0;100.0;59.0;0.0;100.0;100.0;6.7;990.3;0.0;3090.0;ICON
2026-10-09T19:15:00+02:00;2026-10-09T23:42:05+02:00;lyon;ARPEGE;45.800003;4.9000015;225.0;2026-10-11T08:00;0.4;2.5;90.0;7.0;0.0;93.0;60.0;0.0;79.0;93.0;6.7;990.2;0.0;3120.0;ICON
2026-10-09T19:15:00+02:00;2026-10-09T23:42:05+02:00;lyon;ARPEGE;45.800003;4.9000015;225.0;2026-10-11T09:00;2.7;5.0;203.0;7.3;0.0;78.0;58.0;0.0;44.0;78.0;7.0;990.6;0.0;3190.0;ICON
2026-10-09T19:15:00+02:00;2026-10-09T23:42:05+02:00;lyon;ARPEGE;45.800003;4.9000015;225.0;2026-10-11T10:00;3.1;6.5;216.0;8.1;0.0;86.0;58.0;0.0;61.0;86.0;7.8;990.9;0.0;3190.0;ICON
2026-10-09T19:15:00+02:00;2026-10-09T23:42:05+02:00;lyon;ARPEGE;45.800003;4.9000015;225.0;2026-10-11T11:00;3.4;7.9;198.0;9.7;0.0;63.0;27.0;25.0;49.0;63.0;8.9;991.1;0.0;3190.0;ICON
2026-10-09T19:15:00+02:00;2026-10-09T23:42:05+02:00;lyon;ARPEGE;45.800003;4.9000015;225.0;2026-10-11T12:00;2.3;4.7;141.0;11.7;0.0;83.0;9.0;25.0;80.0;83.0;10.1;991.0;0.0;3170.0;ICON
2026-10-09T19:15:00+02:00;2026-10-09T23:42:05+02:00;lyon;ARPEGE;45.800003;4.9000015;225.0;2026-10-11T13:00;4.2;12.2;59.0;13.6;0.0;90.0;0.0;30.0;90.0;90.0;10.2;990.8;0.0;3140.0;ICON
2026-10-09T19:15:00+02:00;2026-10-09T23:42:05+02:00;lyon;ARPEGE;45.800003;4.9000015;225.0;2026-10-11T14:00;6.6;18.0;22.0;15.1;0.0;100.0;1.0;33.0;100.0;100.0;9.0;990.7;0.0;3100.0;ICON
2026-10-09T19:15:00+02:00;2026-10-09T23:42:05+02:00;lyon;ARPEGE;45.800003;4.9000015;225.0;2026-10-11T15:00;11.8;24.1;12.0;15.5;0.0;100.0;0.0;34.0;100.0;100.0;8.0;990.2;0.0;3070.0;ICON
2026-10-09T19:15:00+02:00;2026-10-09T23:42:05+02:00;lyon;ARPEGE;45.800003;4.9000015;225.0;2026-10-11T16:00;12.1;24.1;12.0;15.5;0.0;99.0;0.0;32.0;99.0;99.0;8.0;990.1;0.0;3130.0;ICON
2026-10-09T19:15:00+02:00;2026-10-09T23:42:05+02:00;lyon;ARPEGE;45.800003;4.9000015;225.0;2026-10-11T17:00;12.1;23.8;10.0;15.3;0.0;100.0;0.0;27.0;100.0;100.0;7.8;990.0;0.0;3230.0;ICON
2026-10-09T19:15:00+02:00;2026-10-09T23:42:05+02:00;lyon;ARPEGE;45.800003;4.9000015;225.0;2026-10-11T18:00;11.5;22.0;4.0;14.7;0.0;92.0;0.0;24.0;91.0;92.0;7.4;990.1;0.0;3252.5;ICON
2026-10-09T19:15:00+02:00;2026-10-09T23:42:05+02:00;lyon;ARPEGE;45.800003;4.9000015;225.0;2026-10-11T19:00;9.7;18.7;2.0;13.3;0.0;98.0;0.0;24.0;98.0;98.0;7.1;990.1;0.0;3105.0;ICON
2026-10-09T19:15:00+02:00;2026-10-09T23:42:05+02:00;lyon;ARPEGE;45.800003;4.9000015;225.0;2026-10-11T20:00;8.3;14.8;5.0;12.1;0.0;49.0;0.0;27.0;37.0;49.0;6.8;990.6;0.0;3140.0;ICON
2026-10-09T19:15:00+02:00;2026-10-09T23:42:05+02:00;lyon;ARPEGE;45.800003;4.9000015;225.0;2026-10-11T21:00;8.8;13.3;348.0;11.0;0.0;44.0;0.0;18.0;32.0;44.0;5.9;991.1;0.0;3130.0;ICON
2026-10-09T19:15:00+02:00;2026-10-09T23:42:05+02:00;lyon;ARPEGE;45.800003;4.9000015;225.0;2026-10-11T22:00;7.9;13.3;336.0;10.3;0.0;10.0;0.0;8.0;3.0;10.0;5.5;991.5;0.0;3030.0;ICON
2026-10-09T19:15:00+02:00;2026-10-09T23:42:05+02:00;lyon;ARPEGE;45.800003;4.9000015;225.0;2026-10-11T23:00;7.4;11.5;321.0;9.6;0.0;4.0;0.0;4.0;0.0;4.0;4.9;991.5;0.0;3040.0;ICON
2026-10-09T19:15:00+02:00;2026-10-09T23:42:05+02:00;lyon;ARPEGE;45.800003;4.9000015;225.0;2026-10-12T00:00;8.9;12.2;310.0;9.0;0.0;1.0;0.0;1.0;0.0;1.0;4.6;991.7;0.0;3060.0;ICON
2026-10-09T19:15:00+02:00;2026-10-09T23:42:05+02:00;lyon;ARPEGE;45.800003;4.9000015;225.0;2026-10-12T01:00;9.8;14.0;306.0;8.8;0.0;0.0;0.0;0.0;0.0;0.0;4.2;992.0;0.0;3030.0;ICON
2026-10-09T19:15:00+02:00;2026-10-09T23:42:05+02:00;lyon;ARPEGE;45.800003;4.9000015;225.0;2026-10-12T02:00;10.7;15.5;310.0;8.6;0.0;0.0;0.0;0.0;0.0;0.0;4.0;992.0;0.0;3020.0;ICON
2026-10-09T19:15:00+02:00;2026-10-09T23:42:05+02:00;lyon;ARPEGE;45.800003;4.9000015;225.0;2026-10-12T03:00;9.7;15.8;312.0;8.4;0.0;0.0;0.0;0.0;0.0;0.0;4.0;992.1;0.0;3030.0;ICON
2026-10-09T19:15:00+02:00;2026-10-09T23:42:05+02:00;lyon;ARPEGE;45.800003;4.9000015;225.0;2026-10-12T04:00;8.6;14.0;327.0;8.1;0.0;0.0;0.0;0.0;0.0;0.0;4.1;992.3;0.0;3010.0;ICON
2026-10-09T19:15:00+02:00;2026-10-09T23:42:05+02:00;lyon;ARPEGE;45.800003;4.9000015;225.0;2026-10-12T05:00;11.2;17.6;327.0;7.9;0.0;0.0;0.0;0.0;0.0;0.0;4.1;992.6;0.0;3030.0;ICON
2026-10-09T19:15:00+02:00;2026-10-09T23:42:05+02:00;lyon;ARPEGE;45.800003;4.9000015;225.0;2026-10-12T06:00;10.9;18.4;316.0;7.8;0.0;18.0;0.0;0.0;18.0;18.0;4.2;992.9;0.0;3070.0;ICON
2026-10-09T19:15:00+02:00;2026-10-09T23:42:05+02:00;lyon;ARPEGE;45.800003;4.9000015;225.0;2026-10-12T07:00;4.2;16.6;329.0;7.4;0.0;49.0;0.0;0.0;49.0;49.0;4.0;993.2;0.0;3100.0;ICON
2026-10-09T19:15:00+02:00;2026-10-09T23:42:05+02:00;lyon;ARPEGE;45.800003;4.9000015;225.0;2026-10-12T08:00;2.4;6.8;333.0;6.8;0.0;72.0;0.0;0.0;72.0;72.0;4.1;993.2;0.0;3210.0;ICON
2026-10-09T19:15:00+02:00;2026-10-09T23:42:05+02:00;lyon;ARPEGE;45.800003;4.9000015;225.0;2026-10-12T09:00;1.8;3.6;11.0;7.0;0.0;57.0;0.0;0.0;57.0;57.0;4.5;994.0;0.0;3330.0;ICON
2026-10-09T19:15:00+02:00;2026-10-09T23:42:05+02:00;lyon;ARPEGE;45.800003;4.9000015;225.0;2026-10-12T10:00;1.5;2.5;14.0;8.7;0.0;45.0;0.0;0.0;45.0;45.0;5.1;994.9;0.0;3440.0;ICON
2026-10-09T19:15:00+02:00;2026-10-09T23:42:05+02:00;lyon;ARPEGE;45.800003;4.9000015;225.0;2026-10-12T11:00;3.4;9.0;328.0;11.0;0.0;15.0;0.0;0.0;15.0;15.0;5.9;995.4;0.0;3600.0;ICON
2026-10-09T19:15:00+02:00;2026-10-09T23:42:05+02:00;lyon;ARPEGE;45.800003;4.9000015;225.0;2026-10-12T12:00;6.3;16.2;336.0;13.2;0.0;23.0;0.0;0.0;23.0;23.0;6.7;995.5;0.0;3690.0;ICON
2026-10-09T19:15:00+02:00;2026-10-09T23:42:05+02:00;lyon;ARPEGE;45.800003;4.9000015;225.0;2026-10-12T13:00;8.8;20.5;351.0;14.9;0.0;34.0;0.0;0.0;34.0;34.0;6.7;995.4;0.0;3650.0;ICON
2026-10-09T19:15:00+02:00;2026-10-09T23:42:05+02:00;lyon;ARPEGE;45.800003;4.9000015;225.0;2026-10-12T14:00;8.7;20.9;336.0;16.5;0.0;15.0;0.0;0.0;15.0;15.0;6.3;995.3;0.0;3690.0;ICON
2026-10-09T19:15:00+02:00;2026-10-09T23:42:05+02:00;lyon;ARPEGE;45.800003;4.9000015;225.0;2026-10-12T15:00;8.2;21.6;345.0;17.6;0.0;9.0;0.0;0.0;9.0;9.0;5.2;994.9;0.0;3730.0;ICON
2026-10-09T19:15:00+02:00;2026-10-09T23:42:05+02:00;lyon;ARPEGE;45.800003;4.9000015;225.0;2026-10-12T16:00;6.8;20.2;357.0;18.3;0.0;7.0;0.0;0.0;7.0;7.0;4.8;995.0;0.0;3710.0;ICON
2026-10-09T19:15:00+02:00;2026-10-09T23:42:05+02:00;lyon;ARPEGE;45.800003;4.9000015;225.0;2026-10-12T17:00;7.6;17.6;19.0;18.6;0.0;20.0;0.0;0.0;20.0;20.0;4.0;995.1;0.0;3730.0;ICON
2026-10-09T19:15:00+02:00;2026-10-09T23:42:05+02:00;lyon;ARPEGE;45.800003;4.9000015;225.0;2026-10-12T18:00;8.8;17.3;19.0;17.9;0.0;20.0;0.0;0.0;20.0;20.0;4.1;995.5;0.0;3740.0;ICON
2026-10-09T19:15:00+02:00;2026-10-09T23:42:05+02:00;lyon;ARPEGE;45.800003;4.9000015;225.0;2026-10-12T19:00;8.0;16.6;27.0;15.9;0.0;33.0;0.0;0.0;33.0;33.0;4.3;995.6;0.0;3690.0;ICON
2026-10-09T19:15:00+02:00;2026-10-09T23:42:05+02:00;lyon;ARPEGE;45.800003;4.9000015;225.0;2026-10-12T20:00;4.9;11.5;17.0;13.9;0.0;57.0;0.0;0.0;57.0;57.0;4.7;996.1;0.0;3670.0;ICON
2026-10-09T19:15:00+02:00;2026-10-09T23:42:05+02:00;lyon;ARPEGE;45.800003;4.9000015;225.0;2026-10-12T21:00;4.6;5.8;309.0;12.5;0.0;78.0;0.0;7.0;78.0;78.0;4.7;996.4;0.0;3710.0;ICON
2026-10-09T19:15:00+02:00;2026-10-09T23:42:05+02:00;lyon;ARPEGE;45.800003;4.9000015;225.0;2026-10-12T22:00;5.8;6.5;300.0;11.6;0.0;78.0;0.0;27.0;78.0;78.0;4.6;996.7;0.0;3740.0;ICON
2026-10-09T19:15:00+02:00;2026-10-09T23:42:05+02:00;lyon;ARPEGE;45.800003;4.9000015;225.0;2026-10-12T23:00;4.3;6.1;318.0;11.1;0.0;60.0;0.0;29.0;60.0;60.0;4.3;996.8;0.0;3780.0;ICON
2026-10-09T19:15:00+02:00;2026-10-09T23:42:05+02:00;hyeres;ARPEGE;43.1;6.1000023;33.0;2026-10-09T00:00;19.3;38.5;297.0;14.5;0.0;1.0;0.0;1.0;0.0;1.0;8.7;1007.8;0.0;2680.0;ICON
2026-10-09T19:15:00+02:00;2026-10-09T23:42:05+02:00;hyeres;ARPEGE;43.1;6.1000023;33.0;2026-10-09T01:00;13.1;34.2;291.0;14.3;0.0;4.0;0.0;4.0;0.0;4.0;8.3;1007.6;0.0;2770.0;ICON
2026-10-09T19:15:00+02:00;2026-10-09T23:42:05+02:00;hyeres;ARPEGE;43.1;6.1000023;33.0;2026-10-09T02:00;16.3;29.9;317.0;14.6;0.0;56.0;15.0;8.0;47.0;56.0;8.8;1007.7;0.0;2710.0;ICON
2026-10-09T19:15:00+02:00;2026-10-09T23:42:05+02:00;hyeres;ARPEGE;43.1;6.1000023;33.0;2026-10-09T03:00;11.6;33.5;324.0;14.2;0.0;22.0;22.0;9.0;0.0;22.0;8.8;1007.9;0.0;2750.0;ICON
2026-10-09T19:15:00+02:00;2026-10-09T23:42:05+02:00;hyeres;ARPEGE;43.1;6.1000023;33.0;2026-10-09T04:00;13.9;29.2;335.0;14.1;0.0;4.0;3.0;2.0;0.0;4.0;8.4;1007.8;0.0;2790.0;ICON
2026-10-09T19:15:00+02:00;2026-10-09T23:42:05+02:00;hyeres;ARPEGE;43.1;6.1000023;33.0;2026-10-09T05:00;18.5;36.0;347.0;13.9;0.0;0.0;0.0;0.0;0.0;0.0;8.1;1008.0;0.0;2740.0;ICON
2026-10-09T19:15:00+02:00;2026-10-09T23:42:05+02:00;hyeres;ARPEGE;43.1;6.1000023;33.0;2026-10-09T06:00;16.5;36.0;350.0;13.8;0.0;0.0;0.0;0.0;0.0;0.0;8.4;1008.5;0.0;2730.0;ICON
2026-10-09T19:15:00+02:00;2026-10-09T23:42:05+02:00;hyeres;ARPEGE;43.1;6.1000023;33.0;2026-10-09T07:00;15.8;27.7;343.0;13.8;0.0;1.0;1.0;0.0;0.0;1.0;8.4;1009.0;0.0;2710.0;ICON
2026-10-09T19:15:00+02:00;2026-10-09T23:42:05+02:00;hyeres;ARPEGE;43.1;6.1000023;33.0;2026-10-09T08:00;14.4;24.8;347.0;14.3;0.0;3.0;1.0;3.0;0.0;3.0;8.7;1009.7;0.0;2700.0;ICON
2026-10-09T19:15:00+02:00;2026-10-09T23:42:05+02:00;hyeres;ARPEGE;43.1;6.1000023;33.0;2026-10-09T09:00;15.9;24.8;354.0;14.8;0.0;12.0;0.0;12.0;0.0;12.0;10.0;1010.4;0.0;2720.0;ICON
2026-10-09T19:15:00+02:00;2026-10-09T23:42:05+02:00;hyeres;ARPEGE;43.1;6.1000023;33.0;2026-10-09T10:00;15.9;25.9;357.0;16.3;0.0;13.0;0.0;13.0;0.0;13.0;11.8;1011.0;0.0;2720.0;ICON
2026-10-09T19:15:00+02:00;2026-10-09T23:42:05+02:00;hyeres;ARPEGE;43.1;6.1000023;33.0;2026-10-09T11:00;16.3;28.8;8.0;17.7;0.0;1.0;0.0;1.0;0.0;1.0;13.2;1011.3;0.0;2800.0;ICON
2026-10-09T19:15:00+02:00;2026-10-09T23:42:05+02:00;hyeres;ARPEGE;43.1;6.1000023;33.0;2026-10-09T12:00;15.5;29.2;18.0;19.2;0.0;0.0;0.0;0.0;0.0;0.0;14.6;1011.4;0.0;2780.0;ICON
2026-10-09T19:15:00+02:00;2026-10-09T23:42:05+02:00;hyeres;ARPEGE;43.1;6.1000023;33.0;2026-10-09T13:00;14.2;29.2;24.0;20.5;0.0;1.0;1.0;1.0;0.0;1.0;15.1;1011.5;0.0;2910.0;ICON
2026-10-09T19:15:00+02:00;2026-10-09T23:42:05+02:00;hyeres;ARPEGE;43.1;6.1000023;33.0;2026-10-09T14:00;7.8;25.2;22.0;21.9;0.0;23.0;20.0;11.0;0.0;23.0;14.3;1011.7;0.0;2790.0;ICON
2026-10-09T19:15:00+02:00;2026-10-09T23:42:05+02:00;hyeres;ARPEGE;43.1;6.1000023;33.0;2026-10-09T15:00;5.4;15.5;53.0;22.2;0.0;25.0;21.0;19.0;0.0;25.0;13.0;1011.1;0.0;2730.0;ICON
2026-10-09T19:15:00+02:00;2026-10-09T23:42:05+02:00;hyeres;ARPEGE;43.1;6.1000023;33.0;2026-10-09T16:00;5.4;15.1;53.0;22.5;0.0;28.0;24.0;21.0;0.0;28.0;12.4;1011.1;0.0;2680.0;ICON
2026-10-09T19:15:00+02:00;2026-10-09T23:42:05+02:00;hyeres;ARPEGE;43.1;6.1000023;33.0;2026-10-09T17:00;9.1;16.6;108.0;22.0;0.0;39.0;31.0;30.0;0.0;39.0;12.8;1011.4;0.0;2740.0;ICON
2026-10-09T19:15:00+02:00;2026-10-09T23:42:05+02:00;hyeres;ARPEGE;43.1;6.1000023;33.0;2026-10-09T18:00;1.1;15.8;90.0;21.4;0.0;13.0;11.0;5.0;0.0;13.0;12.8;1011.4;0.0;2770.0;ICON
2026-10-09T19:15:00+02:00;2026-10-09T23:42:05+02:00;hyeres;ARPEGE;43.1;6.1000023;33.0;2026-10-09T19:00;6.5;2.2;264.0;20.3;0.1;1.0;0.0;1.0;0.0;1.0;13.0;1011.7;0.0;2810.0;ICON
2026-10-09T19:15:00+02:00;2026-10-09T23:42:05+02:00;hyeres;ARPEGE;43.1;6.1000023;33.0;2026-10-09T20:00;4.0;9.4;260.0;19.0;0.0;19.0;0.0;19.0;1.0;19.0;12.5;1012.1;0.0;2860.0;ICON
2026-10-09T19:15:00+02:00;2026-10-09T23:42:05+02:00;hyeres;ARPEGE;43.1;6.1000023;33.0;2026-10-09T21:00;4.9;5.8;253.0;18.3;0.0;25.0;0.0;24.0;1.0;25.0;12.5;1012.0;0.0;2880.0;ICON
2026-10-09T19:15:00+02:00;2026-10-09T23:42:05+02:00;hyeres;ARPEGE;43.1;6.1000023;33.0;2026-10-09T22:00;4.6;7.2;219.0;17.9;0.0;9.0;0.0;9.0;0.0;9.0;12.5;1012.1;0.0;2900.0;ICON
2026-10-09T19:15:00+02:00;2026-10-09T23:42:05+02:00;hyeres;ARPEGE;43.1;6.1000023;33.0;2026-10-09T23:00;2.9;6.1;270.0;17.2;0.0;2.0;0.0;2.0;0.0;2.0;12.7;1012.2;0.0;2920.0;ICON
2026-10-09T19:15:00+02:00;2026-10-09T23:42:05+02:00;hyeres;ARPEGE;43.1;6.1000023;33.0;2026-10-10T00:00;5.3;5.8;332.0;16.0;0.0;10.0;0.0;0.0;10.0;10.0;12.9;1011.9;0.0;2960.0;ICON
2026-10-09T19:15:00+02:00;2026-10-09T23:42:05+02:00;hyeres;ARPEGE;43.1;6.1000023;33.0;2026-10-10T01:00;6.8;6.8;357.0;15.1;0.0;52.0;0.0;9.0;47.0;52.0;12.0;1011.7;0.0;2980.0;ICON
2026-10-09T19:15:00+02:00;2026-10-09T23:42:05+02:00;hyeres;ARPEGE;43.1;6.1000023;33.0;2026-10-10T02:00;9.0;9.4;358.0;14.7;0.0;38.0;0.0;4.0;36.0;38.0;11.1;1011.3;0.0;2960.0;ICON
2026-10-09T19:15:00+02:00;2026-10-09T23:42:05+02:00;hyeres;ARPEGE;43.1;6.1000023;33.0;2026-10-10T03:00;11.5;14.0;360.0;14.5;0.0;44.0;0.0;0.0;44.0;44.0;10.3;1011.0;0.0;2980.0;ICON
2026-10-09T19:15:00+02:00;2026-10-09T23:42:05+02:00;hyeres;ARPEGE;43.1;6.1000023;33.0;2026-10-10T04:00;11.5;14.8;358.0;14.3;0.0;75.0;0.0;0.0;75.0;75.0;9.7;1010.4;0.0;3010.0;ICON
2026-10-09T19:15:00+02:00;2026-10-09T23:42:05+02:00;hyeres;ARPEGE;43.1;6.1000023;33.0;2026-10-10T05:00;11.6;12.6;353.0;14.0;0.0;97.0;0.0;0.0;97.0;97.0;9.2;1010.1;0.0;3100.0;ICON
2026-10-09T19:15:00+02:00;2026-10-09T23:42:05+02:00;hyeres;ARPEGE;43.1;6.1000023;33.0;2026-10-10T06:00;11.2;12.2;354.0;13.8;0.0;100.0;0.0;0.0;100.0;100.0;9.0;1010.1;0.0;3150.0;ICON
2026-10-09T19:15:00+02:00;2026-10-09T23:42:05+02:00;hyeres;ARPEGE;43.1;6.1000023;33.0;2026-10-10T07:00;11.4;13.0;347.0;13.7;0.0;89.0;0.0;1.0;89.0;89.0;8.7;1010.2;0.0;3160.0;ICON
2026-10-09T19:15:00+02:00;2026-10-09T23:42:05+02:00;hyeres;ARPEGE;43.1;6.1000023;33.0;2026-10-10T08:00;13.0;18.4;3.0;14.3;0.0;85.0;0.0;11.0;85.0;85.0;8.3;1010.0;0.0;3170.0;ICON
2026-10-09T19:15:00+02:00;2026-10-09T23:42:05+02:00;hyeres;ARPEGE;43.1;6.1000023;33.0;2026-10-10T09:00;11.9;16.9;3.0;15.1;0.0;97.0;0.0;14.0;97.0;97.0;8.5;1010.2;0.0;3170.0;ICON
2026-10-09T19:15:00+02:00;2026-10-09T23:42:05+02:00;hyeres;ARPEGE;43.1;6.1000023;33.0;2026-10-10T10:00;11.2;16.6;356.0;16.6;0.0;82.0;0.0;61.0;82.0;82.0;9.0;1010.5;0.0;3210.0;ICON
2026-10-09T19:15:00+02:00;2026-10-09T23:42:05+02:00;hyeres;ARPEGE;43.1;6.1000023;33.0;2026-10-10T11:00;13.0;20.9;3.0;18.5;0.0;12.0;0.0;12.0;2.0;12.0;8.7;1010.4;0.0;3270.0;ICON
2026-10-09T19:15:00+02:00;2026-10-09T23:42:05+02:00;hyeres;ARPEGE;43.1;6.1000023;33.0;2026-10-10T12:00;11.9;22.3;355.0;20.8;0.0;15.0;0.0;15.0;0.0;15.0;9.0;1010.3;0.0;3310.0;ICON
2026-10-09T19:15:00+02:00;2026-10-09T23:42:05+02:00;hyeres;ARPEGE;43.1;6.1000023;33.0;2026-10-10T13:00;4.7;20.9;302.0;22.0;0.0;2.0;0.0;2.0;1.0;2.0;8.8;1009.9;0.0;3330.0;ICON
2026-10-09T19:15:00+02:00;2026-10-09T23:42:05+02:00;hyeres;ARPEGE;43.1;6.1000023;33.0;2026-10-10T14:00;13.5;23.4;222.0;22.2;0.0;4.0;0.0;0.0;4.0;4.0;11.2;1009.2;0.0;3380.0;ICON
2026-10-09T19:15:00+02:00;2026-10-09T23:42:05+02:00;hyeres;ARPEGE;43.1;6.1000023;33.0;2026-10-10T15:00;12.0;23.8;196.0;22.7;0.0;0.0;0.0;0.0;0.0;0.0;11.1;1007.9;0.0;3300.0;ICON
2026-10-09T19:15:00+02:00;2026-10-09T23:42:05+02:00;hyeres;ARPEGE;43.1;6.1000023;33.0;2026-10-10T16:00;5.3;20.5;208.0;23.8;0.0;0.0;0.0;0.0;0.0;0.0;11.8;1006.9;0.0;3240.0;ICON
2026-10-09T19:15:00+02:00;2026-10-09T23:42:05+02:00;hyeres;ARPEGE;43.1;6.1000023;33.0;2026-10-10T17:00;18.7;34.9;308.0;25.6;0.0;0.0;0.0;0.0;0.0;0.0;9.8;1006.4;0.0;3270.0;ICON
2026-10-09T19:15:00+02:00;2026-10-09T23:42:05+02:00;hyeres;ARPEGE;43.1;6.1000023;33.0;2026-10-10T18:00;19.7;36.4;308.0;24.5;0.0;0.0;0.0;0.0;0.0;0.0;9.3;1006.5;0.0;3310.0;ICON
2026-10-09T19:15:00+02:00;2026-10-09T23:42:05+02:00;hyeres;ARPEGE;43.1;6.1000023;33.0;2026-10-10T19:00;14.4;34.9;323.0;22.8;0.0;0.0;0.0;0.0;0.0;0.0;8.8;1006.7;0.0;3380.0;ICON
2026-10-09T19:15:00+02:00;2026-10-09T23:42:05+02:00;hyeres;ARPEGE;43.1;6.1000023;33.0;2026-10-10T20:00;15.8;32.8;325.0;21.4;0.0;0.0;0.0;0.0;0.0;0.0;8.3;1006.9;0.0;3420.0;ICON
2026-10-09T19:15:00+02:00;2026-10-09T23:42:05+02:00;hyeres;ARPEGE;43.1;6.1000023;33.0;2026-10-10T21:00;20.1;36.7;324.0;20.9;0.0;0.0;0.0;0.0;0.0;0.0;7.1;1007.0;0.0;3490.0;ICON
2026-10-09T19:15:00+02:00;2026-10-09T23:42:05+02:00;hyeres;ARPEGE;43.1;6.1000023;33.0;2026-10-10T22:00;16.4;36.7;322.0;19.8;0.0;3.0;0.0;0.0;3.0;3.0;6.5;1007.3;0.0;3520.0;ICON
2026-10-09T19:15:00+02:00;2026-10-09T23:42:05+02:00;hyeres;ARPEGE;43.1;6.1000023;33.0;2026-10-10T23:00;13.1;29.9;323.0;18.8;0.0;5.0;0.0;0.0;5.0;5.0;7.2;1007.5;0.0;3520.0;ICON
2026-10-09T19:15:00+02:00;2026-10-09T23:42:05+02:00;hyeres;ARPEGE;43.1;6.1000023;33.0;2026-10-11T00:00;9.0;25.9;307.0;18.2;0.0;8.0;0.0;0.0;8.0;8.0;7.0;1007.6;0.0;3500.0;ICON
2026-10-09T19:15:00+02:00;2026-10-09T23:42:05+02:00;hyeres;ARPEGE;43.1;6.1000023;33.0;2026-10-11T01:00;9.9;19.4;303.0;17.6;0.0;1.0;0.0;0.0;1.0;1.0;5.5;1007.6;0.0;3490.0;ICON
2026-10-09T19:15:00+02:00;2026-10-09T23:42:05+02:00;hyeres;ARPEGE;43.1;6.1000023;33.0;2026-10-11T02:00;9.7;15.5;309.0;16.7;0.0;3.0;0.0;0.0;3.0;3.0;5.9;1007.2;0.0;3470.0;ICON
2026-10-09T19:15:00+02:00;2026-10-09T23:42:05+02:00;hyeres;ARPEGE;43.1;6.1000023;33.0;2026-10-11T03:00;8.9;15.1;313.0;16.1;0.0;9.0;0.0;0.0;9.0;9.0;6.5;1007.0;0.0;3470.0;ICON
2026-10-09T19:15:00+02:00;2026-10-09T23:42:05+02:00;hyeres;ARPEGE;43.1;6.1000023;33.0;2026-10-11T04:00;10.2;17.6;309.0;16.0;0.0;7.0;0.0;0.0;7.0;7.0;4.6;1006.5;0.0;3490.0;ICON
2026-10-09T19:15:00+02:00;2026-10-09T23:42:05+02:00;hyeres;ARPEGE;43.1;6.1000023;33.0;2026-10-11T05:00;11.2;16.6;285.0;15.6;0.0;9.0;0.0;0.0;9.0;9.0;4.6;1006.3;0.0;3490.0;ICON
2026-10-09T19:15:00+02:00;2026-10-09T23:42:05+02:00;hyeres;ARPEGE;43.1;6.1000023;33.0;2026-10-11T06:00;9.4;14.8;288.0;14.9;0.0;97.0;0.0;0.0;97.0;97.0;4.8;1006.2;0.0;3520.0;ICON
2026-10-09T19:15:00+02:00;2026-10-09T23:42:05+02:00;hyeres;ARPEGE;43.1;6.1000023;33.0;2026-10-11T07:00;7.9;11.2;273.0;14.3;0.0;87.0;0.0;0.0;87.0;87.0;5.6;1006.1;0.0;3540.0;ICON
2026-10-09T19:15:00+02:00;2026-10-09T23:42:05+02:00;hyeres;ARPEGE;43.1;6.1000023;33.0;2026-10-11T08:00;5.6;9.0;285.0;13.6;0.0;56.0;0.0;0.0;56.0;56.0;6.2;1006.2;0.0;3580.0;ICON
2026-10-09T19:15:00+02:00;2026-10-09T23:42:05+02:00;hyeres;ARPEGE;43.1;6.1000023;33.0;2026-10-11T09:00;5.0;6.5;360.0;13.7;0.0;98.0;0.0;0.0;98.0;98.0;6.3;1006.7;0.0;3610.0;ICON
2026-10-09T19:15:00+02:00;2026-10-09T23:42:05+02:00;hyeres;ARPEGE;43.1;6.1000023;33.0;2026-10-11T10:00;2.4;7.6;297.0;15.9;0.0;86.0;0.0;0.0;86.0;86.0;5.8;1007.3;0.0;3640.0;ICON
2026-10-09T19:15:00+02:00;2026-10-09T23:42:05+02:00;hyeres;ARPEGE;43.1;6.1000023;33.0;2026-10-11T11:00;6.3;10.8;257.0;17.8;0.0;74.0;0.0;0.0;74.0;74.0;6.0;1007.6;0.0;3650.0;ICON
2026-10-09T19:15:00+02:00;2026-10-09T23:42:05+02:00;hyeres;ARPEGE;43.1;6.1000023;33.0;2026-10-11T12:00;5.2;12.2;258.0;19.3;0.0;73.0;0.0;0.0;73.0;73.0;5.7;1007.5;0.0;3680.0;ICON
2026-10-09T19:15:00+02:00;2026-10-09T23:42:05+02:00;hyeres;ARPEGE;43.1;6.1000023;33.0;2026-10-11T13:00;8.4;17.3;250.0;21.2;0.0;97.0;0.0;0.0;97.0;97.0;5.1;1007.3;0.0;3660.0;ICON
2026-10-09T19:15:00+02:00;2026-10-09T23:42:05+02:00;hyeres;ARPEGE;43.1;6.1000023;33.0;2026-10-11T14:00;10.8;20.9;240.0;22.8;0.0;100.0;0.0;0.0;100.0;100.0;5.2;1006.8;0.0;3640.0;ICON
2026-10-09T19:15:00+02:00;2026-10-09T23:42:05+02:00;hyeres;ARPEGE;43.1;6.1000023;33.0;2026-10-11T15:00;13.8;24.8;250.0;23.8;0.0;100.0;0.0;0.0;100.0;100.0;5.7;1006.4;0.0;3640.0;ICON
2026-10-09T19:15:00+02:00;2026-10-09T23:42:05+02:00;hyeres;ARPEGE;43.1;6.1000023;33.0;2026-10-11T16:00;17.1;28.1;252.0;24.0;0.0;100.0;0.0;26.0;100.0;100.0;5.8;1006.2;0.0;3650.0;ICON
2026-10-09T19:15:00+02:00;2026-10-09T23:42:05+02:00;hyeres;ARPEGE;43.1;6.1000023;33.0;2026-10-11T17:00;18.2;29.2;261.0;23.6;0.0;100.0;0.0;12.0;100.0;100.0;5.4;1006.1;0.0;3600.0;ICON
2026-10-09T19:15:00+02:00;2026-10-09T23:42:05+02:00;hyeres;ARPEGE;43.1;6.1000023;33.0;2026-10-11T18:00;16.9;27.0;269.0;22.7;0.0;100.0;0.0;12.0;100.0;100.0;5.6;1006.5;0.0;3570.0;ICON
2026-10-09T19:15:00+02:00;2026-10-09T23:42:05+02:00;hyeres;ARPEGE;43.1;6.1000023;33.0;2026-10-11T19:00;13.7;23.4;268.0;21.2;0.0;100.0;0.0;18.0;100.0;100.0;5.5;1006.8;0.0;3580.0;ICON
2026-10-09T19:15:00+02:00;2026-10-09T23:42:05+02:00;hyeres;ARPEGE;43.1;6.1000023;33.0;2026-10-11T20:00;9.1;17.6;263.0;19.8;0.0;100.0;0.0;39.0;100.0;100.0;5.8;1007.4;0.0;3600.0;ICON
2026-10-09T19:15:00+02:00;2026-10-09T23:42:05+02:00;hyeres;ARPEGE;43.1;6.1000023;33.0;2026-10-11T21:00;3.8;10.4;287.0;18.7;0.0;100.0;0.0;52.0;100.0;100.0;5.8;1007.7;0.0;3620.0;ICON
2026-10-09T19:15:00+02:00;2026-10-09T23:42:05+02:00;hyeres;ARPEGE;43.1;6.1000023;33.0;2026-10-11T22:00;4.1;6.1;322.0;18.1;0.0;79.0;0.0;67.0;69.0;79.0;5.3;1008.1;0.0;3610.0;ICON
2026-10-09T19:15:00+02:00;2026-10-09T23:42:05+02:00;hyeres;ARPEGE;43.1;6.1000023;33.0;2026-10-11T23:00;5.5;8.6;337.0;17.6;0.0;46.0;0.0;46.0;17.0;46.0;4.2;1008.4;0.0;3550.0;ICON
2026-10-09T19:15:00+02:00;2026-10-09T23:42:05+02:00;hyeres;ARPEGE;43.1;6.1000023;33.0;2026-10-12T00:00;6.3;9.0;329.0;17.0;0.0;27.0;0.0;27.0;3.0;27.0;3.9;1008.5;0.0;3520.0;ICON
2026-10-09T19:15:00+02:00;2026-10-09T23:42:05+02:00;hyeres;ARPEGE;43.1;6.1000023;33.0;2026-10-12T01:00;8.4;11.9;353.0;16.4;0.0;31.0;0.0;13.0;24.0;31.0;3.7;1008.5;0.0;3490.0;ICON
2026-10-09T19:15:00+02:00;2026-10-09T23:42:05+02:00;hyeres;ARPEGE;43.1;6.1000023;33.0;2026-10-12T02:00;11.5;16.9;4.0;15.9;0.0;30.0;0.0;6.0;30.0;30.0;4.3;1008.7;0.0;3450.0;ICON
2026-10-09T19:15:00+02:00;2026-10-09T23:42:05+02:00;hyeres;ARPEGE;43.1;6.1000023;33.0;2026-10-12T03:00;12.6;18.4;3.0;15.6;0.0;0.0;0.0;0.0;0.0;0.0;4.6;1009.2;0.0;3430.0;ICON
2026-10-09T19:15:00+02:00;2026-10-09T23:42:05+02:00;hyeres;ARPEGE;43.1;6.1000023;33.0;2026-10-12T04:00;15.2;21.6;4.0;15.6;0.0;0.0;0.0;0.0;0.0;0.0;4.6;1008.9;0.0;3390.0;ICON
2026-10-09T19:15:00+02:00;2026-10-09T23:42:05+02:00;hyeres;ARPEGE;43.1;6.1000023;33.0;2026-10-12T05:00;15.8;22.3;359.0;15.5;0.0;1.0;1.0;0.0;0.0;1.0;4.8;1009.1;0.0;3350.0;ICON
2026-10-09T19:15:00+02:00;2026-10-09T23:42:05+02:00;hyeres;ARPEGE;43.1;6.1000023;33.0;2026-10-12T06:00;15.5;22.7;355.0;15.6;0.0;3.0;3.0;0.0;0.0;3.0;5.2;1009.8;0.0;3320.0;ICON
2026-10-09T19:15:00+02:00;2026-10-09T23:42:05+02:00;hyeres;ARPEGE;43.1;6.1000023;33.0;2026-10-12T07:00;15.3;22.7;352.0;15.7;0.0;6.0;6.0;0.0;0.0;6.0;5.9;1010.1;0.0;3340.0;ICON
2026-10-09T19:15:00+02:00;2026-10-09T23:42:05+02:00;hyeres;ARPEGE;43.1;6.1000023;33.0;2026-10-12T08:00;14.8;21.6;354.0;15.7;0.0;0.0;0.0;0.0;0.0;0.0;8.0;1010.7;0.0;3310.0;ICON
2026-10-09T19:15:00+02:00;2026-10-09T23:42:05+02:00;hyeres;ARPEGE;43.1;6.1000023;33.0;2026-10-12T09:00;14.4;21.2;356.0;16.4;0.0;0.0;0.0;0.0;0.0;0.0;10.4;1011.7;0.0;3310.0;ICON
2026-10-09T19:15:00+02:00;2026-10-09T23:42:05+02:00;hyeres;ARPEGE;43.1;6.1000023;33.0;2026-10-12T10:00;14.4;23.8;359.0;18.3;0.0;1.0;0.0;0.0;1.0;1.0;11.6;1012.6;0.0;3350.0;ICON
2026-10-09T19:15:00+02:00;2026-10-09T23:42:05+02:00;hyeres;ARPEGE;43.1;6.1000023;33.0;2026-10-12T11:00;12.6;23.0;5.0;20.8;0.0;16.0;0.0;0.0;16.0;16.0;12.4;1013.0;0.0;3420.0;ICON
2026-10-09T19:15:00+02:00;2026-10-09T23:42:05+02:00;hyeres;ARPEGE;43.1;6.1000023;33.0;2026-10-12T12:00;9.2;18.7;51.0;22.9;0.0;20.0;0.0;0.0;20.0;20.0;13.3;1013.4;0.0;3680.0;ICON
2026-10-09T19:15:00+02:00;2026-10-09T23:42:05+02:00;hyeres;ARPEGE;43.1;6.1000023;33.0;2026-10-12T13:00;12.6;24.8;87.0;24.3;0.0;7.0;0.0;0.0;7.0;7.0;13.5;1013.7;0.0;3790.0;ICON
2026-10-09T19:15:00+02:00;2026-10-09T23:42:05+02:00;hyeres;ARPEGE;43.1;6.1000023;33.0;2026-10-12T14:00;16.9;29.9;101.0;24.9;0.0;8.0;0.0;0.0;8.0;8.0;13.7;1013.6;0.0;3940.0;ICON
2026-10-09T19:15:00+02:00;2026-10-09T23:42:05+02:00;hyeres;ARPEGE;43.1;6.1000023;33.0;2026-10-12T15:00;18.7;31.7;106.0;24.9;0.0;50.0;0.0;0.0;50.0;50.0;13.7;1013.7;0.0;4080.0;ICON
2026-10-09T19:15:00+02:00;2026-10-09T23:42:05+02:00;hyeres;ARPEGE;43.1;6.1000023;33.0;2026-10-12T16:00;20.6;33.1;109.0;24.6;0.0;69.0;0.0;0.0;69.0;69.0;14.3;1013.8;0.0;4160.0;ICON
2026-10-09T19:15:00+02:00;2026-10-09T23:42:05+02:00;hyeres;ARPEGE;43.1;6.1000023;33.0;2026-10-12T17:00;20.3;33.1;110.0;23.9;0.0;25.0;0.0;0.0;25.0;25.0;15.1;1014.0;0.0;4220.0;ICON
2026-10-09T19:15:00+02:00;2026-10-09T23:42:05+02:00;hyeres;ARPEGE;43.1;6.1000023;33.0;2026-10-12T18:00;17.2;31.0;110.0;23.0;0.0;0.0;0.0;0.0;0.0;0.0;15.8;1014.4;0.0;4230.0;ICON
2026-10-09T19:15:00+02:00;2026-10-09T23:42:05+02:00;hyeres;ARPEGE;43.1;6.1000023;33.0;2026-10-12T19:00;11.8;26.3;110.0;21.9;0.0;2.0;0.0;0.0;2.0;2.0;16.1;1015.0;0.0;4240.0;ICON
2026-10-09T19:15:00+02:00;2026-10-09T23:42:05+02:00;hyeres;ARPEGE;43.1;6.1000023;33.0;2026-10-12T20:00;5.5;17.3;113.0;20.5;0.0;7.0;0.0;0.0;7.0;7.0;16.5;1015.9;0.0;4230.0;ICON
2026-10-09T19:15:00+02:00;2026-10-09T23:42:05+02:00;hyeres;ARPEGE;43.1;6.1000023;33.0;2026-10-12T21:00;0.4;8.3;90.0;19.5;0.0;17.0;0.0;0.0;17.0;17.0;16.7;1016.3;0.0;4170.0;ICON
2026-10-09T19:15:00+02:00;2026-10-09T23:42:05+02:00;hyeres;ARPEGE;43.1;6.1000023;33.0;2026-10-12T22:00;3.6;1.8;323.0;18.6;0.0;26.0;0.0;0.0;26.0;26.0;16.7;1016.9;0.0;4110.0;ICON
2026-10-09T19:15:00+02:00;2026-10-09T23:42:05+02:00;hyeres;ARPEGE;43.1;6.1000023;33.0;2026-10-12T23:00;6.6;6.5;351.0;17.5;0.0;19.0;0.0;0.0;19.0;19.0;16.1;1017.4;0.0;4050.0;ICON
2026-10-09T19:15:00+02:00;2026-10-09T23:42:05+02:00;meribel;ARPEGE;45.4;6.6000023;1815.0;2026-10-09T00:00;1.0;8.3;225.0;2.3;0.3;100.0;100.0;2.0;15.0;100.0;1.9;819.2;0.0;2150.0;ICON
2026-10-09T19:15:00+02:00;2026-10-09T23:42:05+02:00;meribel;ARPEGE;45.4;6.6000023;1815.0;2026-10-09T01:00;0.8;5.4;297.0;2.3;0.2;100.0;100.0;0.0;1.0;100.0;2.1;819.0;0.0;2140.0;ICON
2026-10-09T19:15:00+02:00;2026-10-09T23:42:05+02:00;meribel;ARPEGE;45.4;6.6000023;1815.0;2026-10-09T02:00;2.1;4.7;301.0;2.2;0.4;100.0;100.0;7.0;0.0;100.0;2.2;818.8;0.0;2170.0;ICON
2026-10-09T19:15:00+02:00;2026-10-09T23:42:05+02:00;meribel;ARPEGE;45.4;6.6000023;1815.0;2026-10-09T03:00;0.0;5.8;270.0;2.3;0.1;100.0;100.0;3.0;0.0;100.0;2.3;818.9;0.0;2130.0;ICON
2026-10-09T19:15:00+02:00;2026-10-09T23:42:05+02:00;meribel;ARPEGE;45.4;6.6000023;1815.0;2026-10-09T04:00;2.1;4.7;301.0;2.4;0.0;100.0;100.0;0.0;0.0;100.0;2.3;818.7;0.0;2150.0;ICON
2026-10-09T19:15:00+02:00;2026-10-09T23:42:05+02:00;meribel;ARPEGE;45.4;6.6000023;1815.0;2026-10-09T05:00;1.1;4.7;180.0;2.4;0.0;99.0;99.0;0.0;0.0;99.0;2.3;818.9;0.0;2160.0;ICON
2026-10-09T19:15:00+02:00;2026-10-09T23:42:05+02:00;meribel;ARPEGE;45.4;6.6000023;1815.0;2026-10-09T06:00;0.4;4.3;180.0;2.3;0.0;97.0;97.0;0.0;1.0;97.0;2.2;818.9;0.0;2150.0;ICON
2026-10-09T19:15:00+02:00;2026-10-09T23:42:05+02:00;meribel;ARPEGE;45.4;6.6000023;1815.0;2026-10-09T07:00;1.0;3.2;135.0;2.2;0.0;97.0;97.0;0.0;2.0;97.0;2.2;819.0;0.0;2170.0;ICON
2026-10-09T19:15:00+02:00;2026-10-09T23:42:05+02:00;meribel;ARPEGE;45.4;6.6000023;1815.0;2026-10-09T08:00;1.0;4.0;45.0;1.8;0.0;99.0;99.0;0.0;11.0;99.0;1.8;819.3;0.0;2200.0;ICON
2026-10-09T19:15:00+02:00;2026-10-09T23:42:05+02:00;meribel;ARPEGE;45.4;6.6000023;1815.0;2026-10-09T09:00;1.9;4.7;68.0;2.0;0.0;94.0;93.0;0.0;13.0;94.0;2.0;819.4;0.0;3090.0;ICON
2026-10-09T19:15:00+02:00;2026-10-09T23:42:05+02:00;meribel;ARPEGE;45.4;6.6000023;1815.0;2026-10-09T10:00;2.0;5.4;45.0;2.6;0.0;93.0;92.0;0.0;17.0;93.0;2.5;819.5;0.0;3080.0;ICON
2026-10-09T19:15:00+02:00;2026-10-09T23:42:05+02:00;meribel;ARPEGE;45.4;6.6000023;1815.0;2026-10-09T11:00;2.5;8.3;45.0;4.1;0.0;81.0;74.0;0.0;31.0;81.0;3.9;820.1;0.0;3180.0;ICON
2026-10-09T19:15:00+02:00;2026-10-09T23:42:05+02:00;meribel;ARPEGE;45.4;6.6000023;1815.0;2026-10-09T12:00;3.6;10.1;354.0;6.1;0.0;33.0;2.0;0.0;32.0;33.0;5.0;820.8;0.0;3190.0;ICON
2026-10-09T19:15:00+02:00;2026-10-09T23:42:05+02:00;meribel;ARPEGE;45.4;6.6000023;1815.0;2026-10-09T13:00;5.0;14.0;330.0;7.8;0.0;45.0;16.0;0.0;34.0;45.0;5.6;821.3;0.0;3170.0;ICON
2026-10-09T19:15:00+02:00;2026-10-09T23:42:05+02:00;meribel;ARPEGE;45.4;6.6000023;1815.0;2026-10-09T14:00;6.4;17.3;322.0;8.4;0.0;81.0;7.0;0.0;79.0;81.0;4.0;821.6;0.0;3150.0;ICON
2026-10-09T19:15:00+02:00;2026-10-09T23:42:05+02:00;meribel;ARPEGE;45.4;6.6000023;1815.0;2026-10-09T15:00;6.1;19.1;320.0;8.7;0.0;86.0;30.0;0.0;79.0;86.0;4.5;821.7;0.0;3140.0;ICON
2026-10-09T19:15:00+02:00;2026-10-09T23:42:05+02:00;meribel;ARPEGE;45.4;6.6000023;1815.0;2026-10-09T16:00;6.1;18.0;320.0;8.9;0.0;85.0;23.0;0.0;81.0;85.0;5.0;821.6;0.0;3120.0;ICON
2026-10-09T19:15:00+02:00;2026-10-09T23:42:05+02:00;meribel;ARPEGE;45.4;6.6000023;1815.0;2026-10-09T17:00;6.4;16.9;322.0;8.4;0.0;87.0;37.0;0.0;79.0;87.0;4.7;821.5;0.0;3060.0;ICON
2026-10-09T19:15:00+02:00;2026-10-09T23:42:05+02:00;meribel;ARPEGE;45.4;6.6000023;1815.0;2026-10-09T18:00;5.4;16.6;323.0;7.3;0.0;89.0;32.0;0.0;83.0;89.0;4.4;821.1;0.0;2960.0;ICON
2026-10-09T19:15:00+02:00;2026-10-09T23:42:05+02:00;meribel;ARPEGE;45.4;6.6000023;1815.0;2026-10-09T19:00;4.1;13.3;322.0;5.9;0.0;89.0;43.0;0.0;81.0;89.0;4.1;820.7;0.0;2920.0;ICON
2026-10-09T19:15:00+02:00;2026-10-09T23:42:05+02:00;meribel;ARPEGE;45.4;6.6000023;1815.0;2026-10-09T20:00;1.3;8.3;326.0;4.5;0.0;97.0;42.0;0.0;95.0;97.0;4.0;820.1;0.0;3240.0;ICON
2026-10-09T19:15:00+02:00;2026-10-09T23:42:05+02:00;meribel;ARPEGE;45.4;6.6000023;1815.0;2026-10-09T21:00;0.7;2.2;90.0;3.5;0.0;93.0;33.0;0.0;89.0;93.0;3.4;819.3;0.0;3340.0;ICON
2026-10-09T19:15:00+02:00;2026-10-09T23:42:05+02:00;meribel;ARPEGE;45.4;6.6000023;1815.0;2026-10-09T22:00;1.3;1.4;124.0;2.8;0.0;81.0;8.0;17.0;77.0;81.0;2.5;819.1;0.0;3280.0;ICON
2026-10-09T19:15:00+02:00;2026-10-09T23:42:05+02:00;meribel;ARPEGE;45.4;6.6000023;1815.0;2026-10-09T23:00;2.0;2.5;135.0;2.4;0.0;96.0;75.0;38.0;77.0;96.0;1.8;819.0;0.0;3170.0;ICON
2026-10-09T19:15:00+02:00;2026-10-09T23:42:05+02:00;meribel;ARPEGE;45.4;6.6000023;1815.0;2026-10-10T00:00;2.3;2.5;141.0;3.1;0.0;95.0;85.0;43.0;59.0;95.0;2.3;819.2;0.0;3180.0;ICON
2026-10-09T19:15:00+02:00;2026-10-09T23:42:05+02:00;meribel;ARPEGE;45.4;6.6000023;1815.0;2026-10-10T01:00;1.1;2.2;198.0;3.1;0.0;72.0;19.0;48.0;51.0;72.0;2.1;819.5;0.0;2900.0;ICON
2026-10-09T19:15:00+02:00;2026-10-09T23:42:05+02:00;meribel;ARPEGE;45.4;6.6000023;1815.0;2026-10-10T02:00;2.4;2.5;153.0;2.8;0.0;87.0;47.0;55.0;73.0;87.0;1.9;819.0;0.0;2850.0;ICON
2026-10-09T19:15:00+02:00;2026-10-09T23:42:05+02:00;meribel;ARPEGE;45.4;6.6000023;1815.0;2026-10-10T03:00;1.9;2.5;158.0;2.6;0.0;97.0;25.0;65.0;95.0;97.0;1.5;818.5;0.0;2850.0;ICON
2026-10-09T19:15:00+02:00;2026-10-09T23:42:05+02:00;meribel;ARPEGE;45.4;6.6000023;1815.0;2026-10-10T04:00;2.9;3.2;150.0;2.7;0.0;99.0;15.0;55.0;99.0;99.0;1.4;817.9;0.0;2820.0;ICON
2026-10-09T19:15:00+02:00;2026-10-09T23:42:05+02:00;meribel;ARPEGE;45.4;6.6000023;1815.0;2026-10-10T05:00;2.5;2.9;172.0;2.7;0.0;100.0;50.0;85.0;100.0;100.0;1.0;817.8;0.0;2810.0;ICON
2026-10-09T19:15:00+02:00;2026-10-09T23:42:05+02:00;meribel;ARPEGE;45.4;6.6000023;1815.0;2026-10-10T06:00;3.7;4.3;151.0;3.1;0.0;100.0;85.0;61.0;100.0;100.0;0.9;817.8;0.0;2800.0;ICON
2026-10-09T19:15:00+02:00;2026-10-09T23:42:05+02:00;meribel;ARPEGE;45.4;6.6000023;1815.0;2026-10-10T07:00;3.4;5.0;162.0;3.4;0.0;98.0;75.0;45.0;92.0;98.0;1.6;817.8;0.0;2790.0;ICON
2026-10-09T19:15:00+02:00;2026-10-09T23:42:05+02:00;meribel;ARPEGE;45.4;6.6000023;1815.0;2026-10-10T08:00;3.4;4.7;162.0;3.5;0.0;99.0;95.0;23.0;78.0;99.0;1.8;817.6;0.0;2750.0;ICON
2026-10-09T19:15:00+02:00;2026-10-09T23:42:05+02:00;meribel;ARPEGE;45.4;6.6000023;1815.0;2026-10-10T09:00;2.7;4.3;157.0;4.2;0.0;100.0;100.0;32.0;0.0;100.0;2.5;818.2;0.0;2740.0;ICON
2026-10-09T19:15:00+02:00;2026-10-09T23:42:05+02:00;meribel;ARPEGE;45.4;6.6000023;1815.0;2026-10-10T10:00;2.6;3.6;124.0;4.8;0.1;100.0;100.0;45.0;0.0;100.0;3.3;818.8;0.0;2730.0;ICON
2026-10-09T19:15:00+02:00;2026-10-09T23:42:05+02:00;meribel;ARPEGE;45.4;6.6000023;1815.0;2026-10-10T11:00;1.8;3.6;79.0;5.4;0.2;91.0;91.0;44.0;0.0;91.0;4.5;819.4;0.0;2690.0;ICON
2026-10-09T19:15:00+02:00;2026-10-09T23:42:05+02:00;meribel;ARPEGE;45.4;6.6000023;1815.0;2026-10-10T12:00;2.9;9.0;83.0;5.8;0.1;100.0;100.0;28.0;0.0;100.0;4.6;819.7;0.0;2660.0;ICON
2026-10-09T19:15:00+02:00;2026-10-09T23:42:05+02:00;meribel;ARPEGE;45.4;6.6000023;1815.0;2026-10-10T13:00;3.3;11.9;96.0;6.1;0.0;100.0;100.0;0.0;0.0;100.0;4.7;819.8;0.0;2650.0;ICON
2026-10-09T19:15:00+02:00;2026-10-09T23:42:05+02:00;meribel;ARPEGE;45.4;6.6000023;1815.0;2026-10-10T14:00;2.1;13.7;121.0;6.6;0.0;42.0;42.0;0.0;0.0;42.0;4.5;819.4;0.0;2710.0;ICON
2026-10-09T19:15:00+02:00;2026-10-09T23:42:05+02:00;meribel;ARPEGE;45.4;6.6000023;1815.0;2026-10-10T15:00;2.3;10.4;18.0;7.7;0.0;57.0;57.0;0.0;0.0;57.0;5.2;819.6;0.0;2730.0;ICON
2026-10-09T19:15:00+02:00;2026-10-09T23:42:05+02:00;meribel;ARPEGE;45.4;6.6000023;1815.0;2026-10-10T16:00;3.4;11.9;342.0;7.8;0.0;1.0;1.0;0.0;0.0;1.0;5.0;819.2;0.0;2670.0;ICON
2026-10-09T19:15:00+02:00;2026-10-09T23:42:05+02:00;meribel;ARPEGE;45.4;6.6000023;1815.0;2026-10-10T17:00;3.4;12.2;328.0;7.9;0.0;0.0;0.0;0.0;0.0;0.0;4.3;819.1;0.0;2650.0;ICON
2026-10-09T19:15:00+02:00;2026-10-09T23:42:05+02:00;meribel;ARPEGE;45.4;6.6000023;1815.0;2026-10-10T18:00;3.5;12.2;336.0;7.1;0.0;0.0;0.0;0.0;0.0;0.0;3.7;818.7;0.0;2640.0;ICON
2026-10-09T19:15:00+02:00;2026-10-09T23:42:05+02:00;meribel;ARPEGE;45.4;6.6000023;1815.0;2026-10-10T19:00;1.8;10.1;323.0;5.4;0.0;0.0;0.0;0.0;0.0;0.0;2.9;818.1;0.0;2610.0;ICON
2026-10-09T19:15:00+02:00;2026-10-09T23:42:05+02:00;meribel;ARPEGE;45.4;6.6000023;1815.0;2026-10-10T20:00;1.1;3.2;72.0;3.5;0.0;3.0;3.0;0.0;0.0;3.0;2.0;817.5;0.0;2540.0;ICON
2026-10-09T19:15:00+02:00;2026-10-09T23:42:05+02:00;meribel;ARPEGE;45.4;6.6000023;1815.0;2026-10-10T21:00;1.4;1.8;90.0;2.3;0.0;7.0;7.0;0.0;0.0;7.0;1.1;816.5;0.0;2500.0;ICON
2026-10-09T19:15:00+02:00;2026-10-09T23:42:05+02:00;meribel;ARPEGE;45.4;6.6000023;1815.0;2026-10-10T22:00;2.6;3.6;106.0;1.6;0.0;17.0;17.0;0.0;0.0;17.0;0.4;815.8;0.0;2460.0;ICON
2026-10-09T19:15:00+02:00;2026-10-09T23:42:05+02:00;meribel;ARPEGE;45.4;6.6000023;1815.0;2026-10-10T23:00;3.0;3.2;104.0;1.2;0.0;4.0;4.0;0.0;0.0;4.0;0.1;815.3;0.0;2420.0;ICON
2026-10-09T19:15:00+02:00;2026-10-09T23:42:05+02:00;meribel;ARPEGE;45.4;6.6000023;1815.0;2026-10-11T00:00;3.2;3.6;117.0;0.7;0.0;1.0;1.0;0.0;0.0;1.0;-0.2;814.9;0.0;2410.0;ICON
2026-10-09T19:15:00+02:00;2026-10-09T23:42:05+02:00;meribel;ARPEGE;45.4;6.6000023;1815.0;2026-10-11T01:00;2.7;3.6;113.0;0.7;0.0;0.0;0.0;0.0;0.0;0.0;-0.5;814.6;0.0;2370.0;ICON
2026-10-09T19:15:00+02:00;2026-10-09T23:42:05+02:00;meribel;ARPEGE;45.4;6.6000023;1815.0;2026-10-11T02:00;1.8;3.2;101.0;0.5;0.0;0.0;0.0;0.0;0.0;0.0;-1.0;814.6;0.0;2350.0;ICON
2026-10-09T19:15:00+02:00;2026-10-09T23:42:05+02:00;meribel;ARPEGE;45.4;6.6000023;1815.0;2026-10-11T03:00;1.9;2.9;112.0;0.3;0.0;0.0;0.0;0.0;0.0;0.0;-1.3;814.1;0.0;2340.0;ICON
2026-10-09T19:15:00+02:00;2026-10-09T23:42:05+02:00;meribel;ARPEGE;45.4;6.6000023;1815.0;2026-10-11T04:00;2.7;3.2;113.0;0.2;0.0;0.0;0.0;0.0;0.0;0.0;-1.9;813.5;0.0;2350.0;ICON
2026-10-09T19:15:00+02:00;2026-10-09T23:42:05+02:00;meribel;ARPEGE;45.4;6.6000023;1815.0;2026-10-11T05:00;2.9;4.3;120.0;0.3;0.0;30.0;0.0;0.0;30.0;30.0;-2.9;813.0;0.0;2360.0;ICON
2026-10-09T19:15:00+02:00;2026-10-09T23:42:05+02:00;meribel;ARPEGE;45.4;6.6000023;1815.0;2026-10-11T06:00;2.9;6.5;97.0;0.4;0.0;84.0;0.0;0.0;84.0;84.0;-2.5;813.0;0.0;2460.0;ICON
2026-10-09T19:15:00+02:00;2026-10-09T23:42:05+02:00;meribel;ARPEGE;45.4;6.6000023;1815.0;2026-10-11T07:00;3.3;7.6;103.0;0.5;0.0;87.0;0.0;0.0;87.0;87.0;-3.6;813.0;0.0;2580.0;ICON
2026-10-09T19:15:00+02:00;2026-10-09T23:42:05+02:00;meribel;ARPEGE;45.4;6.6000023;1815.0;2026-10-11T08:00;3.5;7.2;114.0;0.6;0.0;54.0;0.0;3.0;54.0;54.0;-4.8;812.7;0.0;2740.0;ICON
2026-10-09T19:15:00+02:00;2026-10-09T23:42:05+02:00;meribel;ARPEGE;45.4;6.6000023;1815.0;2026-10-11T09:00;3.9;5.0;112.0;1.6;0.0;42.0;0.0;33.0;42.0;42.0;-4.9;813.6;0.0;2840.0;ICON
2026-10-09T19:15:00+02:00;2026-10-09T23:42:05+02:00;meribel;ARPEGE;45.4;6.6000023;1815.0;2026-10-11T10:00;3.1;5.0;111.0;4.4;0.0;32.0;0.0;27.0;28.0;32.0;-3.9;815.3;0.0;2950.0;ICON
2026-10-09T19:15:00+02:00;2026-10-09T23:42:05+02:00;meribel;ARPEGE;45.4;6.6000023;1815.0;2026-10-11T11:00;1.6;5.8;27.0;7.0;0.0;45.0;0.0;33.0;45.0;45.0;-2.5;816.7;0.0;2980.0;ICON
2026-10-09T19:15:00+02:00;2026-10-09T23:42:05+02:00;meribel;ARPEGE;45.4;6.6000023;1815.0;2026-10-11T12:00;4.2;11.2;340.0;8.6;0.0;51.0;0.0;43.0;26.0;51.0;-1.8;817.1;0.0;3050.0;ICON
2026-10-09T19:15:00+02:00;2026-10-09T23:42:05+02:00;meribel;ARPEGE;45.4;6.6000023;1815.0;2026-10-11T13:00;5.8;14.4;330.0;9.7;0.0;57.0;0.0;47.0;27.0;57.0;-3.9;817.7;0.0;3130.0;ICON
2026-10-09T19:15:00+02:00;2026-10-09T23:42:05+02:00;meribel;ARPEGE;45.4;6.6000023;1815.0;2026-10-11T14:00;6.4;16.2;333.0;9.9;0.0;89.0;0.0;36.0;85.0;89.0;-3.8;817.9;0.0;3120.0;ICON
2026-10-09T19:15:00+02:00;2026-10-09T23:42:05+02:00;meribel;ARPEGE;45.4;6.6000023;1815.0;2026-10-11T15:00;6.3;16.9;329.0;9.3;0.0;91.0;0.0;27.0;89.0;91.0;-0.9;817.7;0.0;3070.0;ICON
2026-10-09T19:15:00+02:00;2026-10-09T23:42:05+02:00;meribel;ARPEGE;45.4;6.6000023;1815.0;2026-10-11T16:00;5.6;16.2;333.0;8.7;0.0;100.0;0.0;28.0;100.0;100.0;0.4;817.8;0.0;3040.0;ICON
2026-10-09T19:15:00+02:00;2026-10-09T23:42:05+02:00;meribel;ARPEGE;45.4;6.6000023;1815.0;2026-10-11T17:00;4.5;14.4;331.0;7.7;0.0;100.0;0.0;23.0;100.0;100.0;0.4;817.4;0.0;3070.0;ICON
2026-10-09T19:15:00+02:00;2026-10-09T23:42:05+02:00;meribel;ARPEGE;45.4;6.6000023;1815.0;2026-10-11T18:00;2.3;11.2;342.0;6.8;0.0;99.0;0.0;23.0;99.0;99.0;0.5;817.3;0.0;3117.5;ICON
2026-10-09T19:15:00+02:00;2026-10-09T23:42:05+02:00;meribel;ARPEGE;45.4;6.6000023;1815.0;2026-10-11T19:00;1.1;6.1;360.0;5.6;0.0;100.0;0.0;27.0;100.0;100.0;0.3;816.5;0.0;3100.0;ICON
2026-10-09T19:15:00+02:00;2026-10-09T23:42:05+02:00;meribel;ARPEGE;45.4;6.6000023;1815.0;2026-10-11T20:00;1.1;1.4;108.0;4.5;0.0;100.0;0.0;41.0;100.0;100.0;-0.3;816.3;0.0;3092.5;ICON
2026-10-09T19:15:00+02:00;2026-10-09T23:42:05+02:00;meribel;ARPEGE;45.4;6.6000023;1815.0;2026-10-11T21:00;1.5;1.8;135.0;3.8;0.0;100.0;0.0;14.0;100.0;100.0;-1.8;816.1;0.0;3070.0;ICON
2026-10-09T19:15:00+02:00;2026-10-09T23:42:05+02:00;meribel;ARPEGE;45.4;6.6000023;1815.0;2026-10-11T22:00;1.8;1.8;127.0;3.1;0.0;54.0;0.0;10.0;53.0;54.0;-3.1;816.0;0.0;3040.0;ICON
2026-10-09T19:15:00+02:00;2026-10-09T23:42:05+02:00;meribel;ARPEGE;45.4;6.6000023;1815.0;2026-10-11T23:00;1.8;2.2;127.0;2.4;0.0;1.0;0.0;1.0;0.0;1.0;-3.8;815.9;0.0;2990.0;ICON
2026-10-09T19:15:00+02:00;2026-10-09T23:42:05+02:00;meribel;ARPEGE;45.4;6.6000023;1815.0;2026-10-12T00:00;2.8;2.9;130.0;1.8;0.0;0.0;0.0;0.0;0.0;0.0;-4.3;815.7;0.0;2940.0;ICON
2026-10-09T19:15:00+02:00;2026-10-09T23:42:05+02:00;meribel;ARPEGE;45.4;6.6000023;1815.0;2026-10-12T01:00;2.9;2.9;120.0;1.5;0.0;0.0;0.0;0.0;0.0;0.0;-5.0;815.7;0.0;2940.0;ICON
2026-10-09T19:15:00+02:00;2026-10-09T23:42:05+02:00;meribel;ARPEGE;45.4;6.6000023;1815.0;2026-10-12T02:00;2.3;3.2;141.0;1.2;0.0;0.0;0.0;0.0;0.0;0.0;-5.1;815.8;0.0;3000.0;ICON
2026-10-09T19:15:00+02:00;2026-10-09T23:42:05+02:00;meribel;ARPEGE;45.4;6.6000023;1815.0;2026-10-12T03:00;3.3;3.6;139.0;1.1;0.0;0.0;0.0;0.0;0.0;0.0;-5.4;815.7;0.0;3060.0;ICON
2026-10-09T19:15:00+02:00;2026-10-09T23:42:05+02:00;meribel;ARPEGE;45.4;6.6000023;1815.0;2026-10-12T04:00;2.7;3.2;113.0;1.0;0.0;0.0;0.0;0.0;0.0;0.0;-5.5;815.6;0.0;3100.0;ICON
2026-10-09T19:15:00+02:00;2026-10-09T23:42:05+02:00;meribel;ARPEGE;45.4;6.6000023;1815.0;2026-10-12T05:00;2.3;3.2;129.0;0.9;0.0;0.0;0.0;0.0;0.0;0.0;-5.2;815.8;0.0;3120.0;ICON
2026-10-09T19:15:00+02:00;2026-10-09T23:42:05+02:00;meribel;ARPEGE;45.4;6.6000023;1815.0;2026-10-12T06:00;2.6;4.3;124.0;0.9;0.0;0.0;0.0;0.0;0.0;0.0;-5.4;816.2;0.0;3200.0;ICON
2026-10-09T19:15:00+02:00;2026-10-09T23:42:05+02:00;meribel;ARPEGE;45.4;6.6000023;1815.0;2026-10-12T07:00;1.8;5.8;127.0;0.9;0.0;0.0;0.0;0.0;0.0;0.0;-5.0;816.6;0.0;3210.0;ICON
2026-10-09T19:15:00+02:00;2026-10-09T23:42:05+02:00;meribel;ARPEGE;45.4;6.6000023;1815.0;2026-10-12T08:00;2.6;6.5;124.0;1.1;0.0;3.0;0.0;0.0;3.0;3.0;-6.5;816.2;0.0;3270.0;ICON
2026-10-09T19:15:00+02:00;2026-10-09T23:42:05+02:00;meribel;ARPEGE;45.4;6.6000023;1815.0;2026-10-12T09:00;1.8;5.8;127.0;2.1;0.0;15.0;0.0;0.0;15.0;15.0;-6.5;817.4;0.0;3310.0;ICON
2026-10-09T19:15:00+02:00;2026-10-09T23:42:05+02:00;meribel;ARPEGE;45.4;6.6000023;1815.0;2026-10-12T10:00;2.6;5.8;106.0;4.6;0.0;43.0;0.0;0.0;43.0;43.0;-4.9;820.2;0.0;3450.0;ICON
2026-10-09T19:15:00+02:00;2026-10-09T23:42:05+02:00;meribel;ARPEGE;45.4;6.6000023;1815.0;2026-10-12T11:00;1.5;8.3;45.0;8.1;0.0;17.0;0.0;0.0;17.0;17.0;-5.1;822.2;0.0;3490.0;ICON
2026-10-09T19:15:00+02:00;2026-10-09T23:42:05+02:00;meribel;ARPEGE;45.4;6.6000023;1815.0;2026-10-12T12:00;3.7;8.6;331.0;10.1;0.0;28.0;0.0;0.0;28.0;28.0;-2.2;823.4;0.0;3510.0;ICON
2026-10-09T19:15:00+02:00;2026-10-09T23:42:05+02:00;meribel;ARPEGE;45.4;6.6000023;1815.0;2026-10-12T13:00;5.4;13.0;323.0;11.8;0.0;3.0;0.0;0.0;3.0;3.0;-1.4;824.0;0.0;3530.0;ICON
2026-10-09T19:15:00+02:00;2026-10-09T23:42:05+02:00;meribel;ARPEGE;45.4;6.6000023;1815.0;2026-10-12T14:00;4.4;13.7;325.0;12.5;0.0;31.0;0.0;0.0;31.0;31.0;-2.2;824.5;0.0;3570.0;ICON
2026-10-09T19:15:00+02:00;2026-10-09T23:42:05+02:00;meribel;ARPEGE;45.4;6.6000023;1815.0;2026-10-12T15:00;5.6;13.3;320.0;13.3;0.0;46.0;0.0;0.0;46.0;46.0;-3.1;824.8;0.0;3570.0;ICON
2026-10-09T19:15:00+02:00;2026-10-09T23:42:05+02:00;meribel;ARPEGE;45.4;6.6000023;1815.0;2026-10-12T16:00;5.6;13.3;320.0;12.9;0.0;8.0;0.0;0.0;8.0;8.0;-3.9;824.9;0.0;3550.0;ICON
2026-10-09T19:15:00+02:00;2026-10-09T23:42:05+02:00;meribel;ARPEGE;45.4;6.6000023;1815.0;2026-10-12T17:00;4.3;12.6;318.0;12.0;0.0;11.0;0.0;0.0;11.0;11.0;-5.1;825.0;0.0;3540.0;ICON
2026-10-09T19:15:00+02:00;2026-10-09T23:42:05+02:00;meribel;ARPEGE;45.4;6.6000023;1815.0;2026-10-12T18:00;2.9;10.1;330.0;10.3;0.0;30.0;0.0;0.0;30.0;30.0;-2.4;824.7;0.0;3540.0;ICON
2026-10-09T19:15:00+02:00;2026-10-09T23:42:05+02:00;meribel;ARPEGE;45.4;6.6000023;1815.0;2026-10-12T19:00;0.5;5.4;45.0;8.1;0.0;46.0;0.0;0.0;46.0;46.0;-2.0;823.7;0.0;3520.0;ICON
2026-10-09T19:15:00+02:00;2026-10-09T23:42:05+02:00;meribel;ARPEGE;45.4;6.6000023;1815.0;2026-10-12T20:00;0.8;1.4;117.0;6.3;0.0;57.0;0.0;0.0;57.0;57.0;-2.6;823.2;0.0;3540.0;ICON
2026-10-09T19:15:00+02:00;2026-10-09T23:42:05+02:00;meribel;ARPEGE;45.4;6.6000023;1815.0;2026-10-12T21:00;2.3;3.6;129.0;5.3;0.0;57.0;0.0;0.0;57.0;57.0;-3.8;822.8;0.0;3550.0;ICON
2026-10-09T19:15:00+02:00;2026-10-09T23:42:05+02:00;meribel;ARPEGE;45.4;6.6000023;1815.0;2026-10-12T22:00;3.1;4.3;126.0;4.5;0.0;45.0;0.0;0.0;45.0;45.0;-4.6;822.7;0.0;3570.0;ICON
2026-10-09T19:15:00+02:00;2026-10-09T23:42:05+02:00;meribel;ARPEGE;45.4;6.6000023;1815.0;2026-10-12T23:00;3.4;4.3;122.0;3.9;0.0;41.0;0.0;20.0;41.0;41.0;-5.9;822.6;0.0;3580.0;ICON
2026-10-09T19:15:00+02:00;2026-10-09T23:42:05+02:00;ferme_de_sauze;IFS;45.09666;4.7589426;359.0;2026-10-09T00:00;24.7;50.8;340.0;10.5;0.0;75.0;74.0;18.0;0.0;75.0;4.2;979.2;0.0;1800.0;ICON
2026-10-09T19:15:00+02:00;2026-10-09T23:42:05+02:00;ferme_de_sauze;IFS;45.09666;4.7589426;359.0;2026-10-09T01:00;25.0;50.0;341.0;10.3;0.0;87.0;87.0;10.0;0.0;87.0;4.1;979.4;0.0;1840.0;ICON
2026-10-09T19:15:00+02:00;2026-10-09T23:42:05+02:00;ferme_de_sauze;IFS;45.09666;4.7589426;359.0;2026-10-09T02:00;25.9;52.2;345.0;10.5;0.0;20.0;20.0;5.0;0.0;20.0;3.9;978.7;0.0;3020.0;ICON
2026-10-09T19:15:00+02:00;2026-10-09T23:42:05+02:00;ferme_de_sauze;IFS;45.09666;4.7589426;359.0;2026-10-09T03:00;24.7;51.8;350.0;10.0;0.0;33.0;26.0;9.0;9.0;33.0;3.9;978.9;0.0;3140.0;ICON
2026-10-09T19:15:00+02:00;2026-10-09T23:42:05+02:00;ferme_de_sauze;IFS;45.09666;4.7589426;359.0;2026-10-09T04:00;24.3;50.0;348.0;9.5;0.0;45.0;43.0;16.0;2.0;45.0;4.0;978.9;0.0;3180.0;ICON
2026-10-09T19:15:00+02:00;2026-10-09T23:42:05+02:00;ferme_de_sauze;IFS;45.09666;4.7589426;359.0;2026-10-09T05:00;23.7;49.3;351.0;9.4;0.0;40.0;36.0;13.0;4.0;40.0;4.1;979.0;0.0;3100.0;ICON
2026-10-09T19:15:00+02:00;2026-10-09T23:42:05+02:00;ferme_de_sauze;IFS;45.09666;4.7589426;359.0;2026-10-09T06:00;23.6;47.9;352.0;9.2;0.0;13.0;12.0;3.0;0.0;13.0;4.1;979.1;0.0;3370.0;ICON
2026-10-09T19:15:00+02:00;2026-10-09T23:42:05+02:00;ferme_de_sauze;IFS;45.09666;4.7589426;359.0;2026-10-09T07:00;23.7;47.5;351.0;8.9;0.0;16.0;15.0;1.0;1.0;16.0;4.1;979.3;0.0;3360.0;ICON
2026-10-09T19:15:00+02:00;2026-10-09T23:42:05+02:00;ferme_de_sauze;IFS;45.09666;4.7589426;359.0;2026-10-09T08:00;22.9;47.5;353.0;9.0;0.0;11.0;11.0;0.0;0.0;11.0;4.4;979.7;0.0;3480.0;ICON
2026-10-09T19:15:00+02:00;2026-10-09T23:42:05+02:00;ferme_de_sauze;IFS;45.09666;4.7589426;359.0;2026-10-09T09:00;21.6;45.7;349.0;9.2;0.0;11.0;0.0;0.0;11.0;11.0;4.7;980.0;0.0;3510.0;ICON
2026-10-09T19:15:00+02:00;2026-10-09T23:42:05+02:00;ferme_de_sauze;IFS;45.09666;4.7589426;359.0;2026-10-09T10:00;21.1;43.2;352.0;10.3;0.0;14.0;1.0;0.0;13.0;14.0;4.5;980.3;0.0;3490.0;ICON
2026-10-09T19:15:00+02:00;2026-10-09T23:42:05+02:00;ferme_de_sauze;IFS;45.09666;4.7589426;359.0;2026-10-09T11:00;23.1;48.2;356.0;11.3;0.0;3.0;1.0;0.0;2.0;3.0;3.8;980.7;0.0;3580.0;ICON
2026-10-09T19:15:00+02:00;2026-10-09T23:42:05+02:00;ferme_de_sauze;IFS;45.09666;4.7589426;359.0;2026-10-09T12:00;22.3;48.2;360.0;12.3;0.0;5.0;0.0;0.0;5.0;5.0;3.6;980.8;0.0;3570.0;ICON
2026-10-09T19:15:00+02:00;2026-10-09T23:42:05+02:00;ferme_de_sauze;IFS;45.09666;4.7589426;359.0;2026-10-09T13:00;21.5;47.5;6.0;13.0;0.0;4.0;0.0;0.0;4.0;4.0;3.5;980.6;0.0;3520.0;ICON
2026-10-09T19:15:00+02:00;2026-10-09T23:42:05+02:00;ferme_de_sauze;IFS;45.09666;4.7589426;359.0;2026-10-09T14:00;21.2;46.1;10.0;13.9;0.0;4.0;0.0;0.0;4.0;4.0;4.2;980.5;0.0;3490.0;ICON
2026-10-09T19:15:00+02:00;2026-10-09T23:42:05+02:00;ferme_de_sauze;IFS;45.09666;4.7589426;359.0;2026-10-09T15:00;20.1;45.4;16.0;14.0;0.0;9.0;0.0;0.0;9.0;9.0;4.5;979.6;0.0;3440.0;ICON
2026-10-09T19:15:00+02:00;2026-10-09T23:42:05+02:00;ferme_de_sauze;IFS;45.09666;4.7589426;359.0;2026-10-09T16:00;19.6;42.8;18.0;14.2;0.0;17.0;0.0;0.0;17.0;17.0;4.8;979.3;0.0;3260.0;ICON
2026-10-09T19:15:00+02:00;2026-10-09T23:42:05+02:00;ferme_de_sauze;IFS;45.09666;4.7589426;359.0;2026-10-09T17:00;19.1;41.8;16.0;14.2;0.0;34.0;0.0;5.0;30.0;34.0;4.5;979.2;0.0;3190.0;ICON
2026-10-09T19:15:00+02:00;2026-10-09T23:42:05+02:00;ferme_de_sauze;IFS;45.09666;4.7589426;359.0;2026-10-09T18:00;15.6;39.6;19.0;13.5;0.0;74.0;16.0;45.0;55.0;74.0;5.0;978.8;0.0;3180.0;ICON
2026-10-09T19:15:00+02:00;2026-10-09T23:42:05+02:00;ferme_de_sauze;IFS;45.09666;4.7589426;359.0;2026-10-09T19:00;14.7;31.7;17.0;12.6;0.0;91.0;62.0;72.0;66.0;91.0;4.5;978.8;0.0;3200.0;ICON
2026-10-09T19:15:00+02:00;2026-10-09T23:42:05+02:00;ferme_de_sauze;IFS;45.09666;4.7589426;359.0;2026-10-09T20:00;13.8;29.9;16.0;12.4;0.0;100.0;100.0;100.0;59.0;100.0;4.3;979.0;0.0;3240.0;ICON
2026-10-09T19:15:00+02:00;2026-10-09T23:42:05+02:00;ferme_de_sauze;IFS;45.09666;4.7589426;359.0;2026-10-09T21:00;12.4;28.1;14.0;12.5;0.0;100.0;100.0;100.0;52.0;100.0;5.0;979.1;0.0;3230.0;ICON
2026-10-09T19:15:00+02:00;2026-10-09T23:42:05+02:00;ferme_de_sauze;IFS;45.09666;4.7589426;359.0;2026-10-09T22:00;11.6;25.6;24.0;12.2;0.0;91.0;43.0;73.0;64.0;91.0;5.6;978.9;0.0;3280.0;ICON
2026-10-09T19:15:00+02:00;2026-10-09T23:42:05+02:00;ferme_de_sauze;IFS;45.09666;4.7589426;359.0;2026-10-09T23:00;12.3;25.2;15.0;11.6;0.0;100.0;98.0;60.0;91.0;100.0;6.0;978.8;0.0;3240.0;ICON
2026-10-09T19:15:00+02:00;2026-10-09T23:42:05+02:00;ferme_de_sauze;IFS;45.09666;4.7589426;359.0;2026-10-10T00:00;11.3;25.6;14.0;11.3;0.0;100.0;100.0;59.0;91.0;100.0;6.5;978.9;0.0;3220.0;ICON
2026-10-09T19:15:00+02:00;2026-10-09T23:42:05+02:00;ferme_de_sauze;IFS;45.09666;4.7589426;359.0;2026-10-10T01:00;8.3;23.8;16.0;10.9;0.0;88.0;18.0;16.0;83.0;88.0;7.3;978.5;0.0;3150.0;ICON
2026-10-09T19:15:00+02:00;2026-10-09T23:42:05+02:00;ferme_de_sauze;IFS;45.09666;4.7589426;359.0;2026-10-10T02:00;5.3;17.3;10.0;10.6;0.0;100.0;100.0;52.0;84.0;100.0;7.7;978.2;0.0;3160.0;ICON
2026-10-09T19:15:00+02:00;2026-10-09T23:42:05+02:00;ferme_de_sauze;IFS;45.09666;4.7589426;359.0;2026-10-10T03:00;5.7;12.6;342.0;10.9;0.0;100.0;100.0;19.0;88.0;100.0;8.0;977.9;0.0;3080.0;ICON
2026-10-09T19:15:00+02:00;2026-10-09T23:42:05+02:00;ferme_de_sauze;IFS;45.09666;4.7589426;359.0;2026-10-10T04:00;5.5;13.0;337.0;11.0;0.0;100.0;100.0;70.0;96.0;100.0;8.3;977.4;0.0;3140.0;ICON
2026-10-09T19:15:00+02:00;2026-10-09T23:42:05+02:00;ferme_de_sauze;IFS;45.09666;4.7589426;359.0;2026-10-10T05:00;4.8;12.6;318.0;11.3;0.0;100.0;100.0;79.0;96.0;100.0;8.5;976.7;0.0;2970.0;ICON
2026-10-09T19:15:00+02:00;2026-10-09T23:42:05+02:00;ferme_de_sauze;IFS;45.09666;4.7589426;359.0;2026-10-10T06:00;3.1;10.8;298.0;11.1;0.0;63.0;38.0;62.0;0.0;63.0;8.7;976.2;0.0;2950.0;ICON
2026-10-09T19:15:00+02:00;2026-10-09T23:42:05+02:00;ferme_de_sauze;IFS;45.09666;4.7589426;359.0;2026-10-10T07:00;2.6;7.9;282.0;10.2;0.0;39.0;11.0;38.0;0.0;39.0;8.5;975.9;0.0;2940.0;ICON
2026-10-09T19:15:00+02:00;2026-10-09T23:42:05+02:00;ferme_de_sauze;IFS;45.09666;4.7589426;359.0;2026-10-10T08:00;2.2;7.2;270.0;10.5;0.0;30.0;8.0;29.0;0.0;30.0;8.6;976.0;0.0;2950.0;ICON
2026-10-09T19:15:00+02:00;2026-10-09T23:42:05+02:00;ferme_de_sauze;IFS;45.09666;4.7589426;359.0;2026-10-10T09:00;2.9;8.3;274.0;11.9;0.0;55.0;30.0;39.0;0.0;55.0;9.5;976.5;0.0;2940.0;ICON
2026-10-09T19:15:00+02:00;2026-10-09T23:42:05+02:00;ferme_de_sauze;IFS;45.09666;4.7589426;359.0;2026-10-10T10:00;0.9;8.3;11.0;13.5;0.0;38.0;30.0;13.0;0.0;38.0;9.8;976.8;0.0;2960.0;ICON
2026-10-09T19:15:00+02:00;2026-10-09T23:42:05+02:00;ferme_de_sauze;IFS;45.09666;4.7589426;359.0;2026-10-10T11:00;4.4;14.8;60.0;14.7;0.0;29.0;20.0;14.0;0.0;29.0;10.5;976.8;0.0;2920.0;ICON
2026-10-09T19:15:00+02:00;2026-10-09T23:42:05+02:00;ferme_de_sauze;IFS;45.09666;4.7589426;359.0;2026-10-10T12:00;6.3;18.4;75.0;15.8;0.0;39.0;35.0;7.0;0.0;39.0;10.9;976.5;0.0;2910.0;ICON
2026-10-09T19:15:00+02:00;2026-10-09T23:42:05+02:00;ferme_de_sauze;IFS;45.09666;4.7589426;359.0;2026-10-10T13:00;5.7;19.4;58.0;16.8;0.0;42.0;28.0;30.0;0.0;42.0;11.4;976.1;0.0;2770.0;ICON
2026-10-09T19:15:00+02:00;2026-10-09T23:42:05+02:00;ferme_de_sauze;IFS;45.09666;4.7589426;359.0;2026-10-10T14:00;6.1;18.7;56.0;17.4;0.1;60.0;22.0;57.0;0.0;60.0;11.7;975.5;0.0;2870.0;ICON
2026-10-09T19:15:00+02:00;2026-10-09T23:42:05+02:00;ferme_de_sauze;IFS;45.09666;4.7589426;359.0;2026-10-10T15:00;6.1;18.7;23.0;17.2;0.5;60.0;36.0;56.0;0.0;60.0;12.5;974.7;0.0;2770.0;ICON
2026-10-09T19:15:00+02:00;2026-10-09T23:42:05+02:00;ferme_de_sauze;IFS;45.09666;4.7589426;359.0;2026-10-10T16:00;7.3;18.4;36.0;16.8;0.4;21.0;17.0;13.0;0.0;21.0;12.6;974.2;0.0;2740.0;ICON
2026-10-09T19:15:00+02:00;2026-10-09T23:42:05+02:00;ferme_de_sauze;IFS;45.09666;4.7589426;359.0;2026-10-10T17:00;9.3;21.2;36.0;17.3;0.1;50.0;45.0;14.0;0.0;50.0;12.3;974.0;0.0;2700.0;ICON
2026-10-09T19:15:00+02:00;2026-10-09T23:42:05+02:00;ferme_de_sauze;IFS;45.09666;4.7589426;359.0;2026-10-10T18:00;9.2;21.6;31.0;16.0;0.2;58.0;25.0;48.0;0.0;58.0;12.7;973.8;0.0;2710.0;ICON
2026-10-09T19:15:00+02:00;2026-10-09T23:42:05+02:00;ferme_de_sauze;IFS;45.09666;4.7589426;359.0;2026-10-10T19:00;4.5;17.3;355.0;14.3;0.2;21.0;14.0;9.0;0.0;21.0;12.9;973.9;0.0;3280.0;ICON
2026-10-09T19:15:00+02:00;2026-10-09T23:42:05+02:00;ferme_de_sauze;IFS;45.09666;4.7589426;359.0;2026-10-10T20:00;8.0;14.8;355.0;13.7;0.1;100.0;100.0;14.0;0.0;100.0;12.4;974.5;0.0;2770.0;ICON
2026-10-09T19:15:00+02:00;2026-10-09T23:42:05+02:00;ferme_de_sauze;IFS;45.09666;4.7589426;359.0;2026-10-10T21:00;9.3;18.7;352.0;13.6;0.2;100.0;100.0;12.0;0.0;100.0;12.6;974.7;0.0;2730.0;ICON
2026-10-09T19:15:00+02:00;2026-10-09T23:42:05+02:00;ferme_de_sauze;IFS;45.09666;4.7589426;359.0;2026-10-10T22:00;11.3;22.0;9.0;13.5;0.0;91.0;91.0;6.0;0.0;91.0;12.3;974.7;0.0;2580.0;ICON
2026-10-09T19:15:00+02:00;2026-10-09T23:42:05+02:00;ferme_de_sauze;IFS;45.09666;4.7589426;359.0;2026-10-10T23:00;11.7;23.0;1.0;12.6;0.0;88.0;88.0;13.0;0.0;88.0;11.3;974.8;0.0;3130.0;ICON
2026-10-09T19:15:00+02:00;2026-10-09T23:42:05+02:00;ferme_de_sauze;IFS;45.09666;4.7589426;359.0;2026-10-11T00:00;13.6;26.3;11.0;12.5;0.0;38.0;36.0;7.0;0.0;38.0;11.2;974.9;0.0;3190.0;ICON
2026-10-09T19:15:00+02:00;2026-10-09T23:42:05+02:00;ferme_de_sauze;IFS;45.09666;4.7589426;359.0;2026-10-11T01:00;12.8;26.6;10.0;12.1;0.0;48.0;39.0;9.0;13.0;48.0;11.1;974.9;0.0;3180.0;ICON
2026-10-09T19:15:00+02:00;2026-10-09T23:42:05+02:00;ferme_de_sauze;IFS;45.09666;4.7589426;359.0;2026-10-11T02:00;11.9;25.6;10.0;11.8;0.0;43.0;33.0;6.0;15.0;43.0;10.8;974.7;0.0;3170.0;ICON
2026-10-09T19:15:00+02:00;2026-10-09T23:42:05+02:00;ferme_de_sauze;IFS;45.09666;4.7589426;359.0;2026-10-11T03:00;10.3;23.8;6.0;11.5;0.0;69.0;9.0;2.0;65.0;69.0;10.5;974.5;0.0;3270.0;ICON
2026-10-09T19:15:00+02:00;2026-10-09T23:42:05+02:00;ferme_de_sauze;IFS;45.09666;4.7589426;359.0;2026-10-11T04:00;7.8;20.5;355.0;10.7;0.0;88.0;13.0;0.0;85.0;88.0;9.8;974.2;0.0;3290.0;ICON
2026-10-09T19:15:00+02:00;2026-10-09T23:42:05+02:00;ferme_de_sauze;IFS;45.09666;4.7589426;359.0;2026-10-11T05:00;5.8;15.8;353.0;10.1;0.0;78.0;9.0;1.0;77.0;78.0;9.2;973.8;0.0;3280.0;ICON
2026-10-09T19:15:00+02:00;2026-10-09T23:42:05+02:00;ferme_de_sauze;IFS;45.09666;4.7589426;359.0;2026-10-11T06:00;5.4;12.6;346.0;9.7;0.0;86.0;6.0;0.0;85.0;86.0;8.7;973.7;0.0;3290.0;ICON
2026-10-09T19:15:00+02:00;2026-10-09T23:42:05+02:00;ferme_de_sauze;IFS;45.09666;4.7589426;359.0;2026-10-11T07:00;5.4;11.5;340.0;9.3;0.0;89.0;6.0;0.0;88.0;89.0;8.1;973.6;0.0;3280.0;ICON
2026-10-09T19:15:00+02:00;2026-10-09T23:42:05+02:00;ferme_de_sauze;IFS;45.09666;4.7589426;359.0;2026-10-11T08:00;5.8;12.2;334.0;9.2;0.0;48.0;5.0;0.0;45.0;48.0;8.0;973.5;0.0;3280.0;ICON
2026-10-09T19:15:00+02:00;2026-10-09T23:42:05+02:00;ferme_de_sauze;IFS;45.09666;4.7589426;359.0;2026-10-11T09:00;8.8;16.9;345.0;10.1;0.0;42.0;2.0;0.0;41.0;42.0;8.6;973.9;0.0;3290.0;ICON
2026-10-09T19:15:00+02:00;2026-10-09T23:42:05+02:00;ferme_de_sauze;IFS;45.09666;4.7589426;359.0;2026-10-11T10:00;9.8;22.3;7.0;11.3;0.0;49.0;1.0;0.0;48.0;49.0;8.8;974.1;0.0;3350.0;ICON
2026-10-09T19:15:00+02:00;2026-10-09T23:42:05+02:00;ferme_de_sauze;IFS;45.09666;4.7589426;359.0;2026-10-11T11:00;14.1;30.2;11.0;12.3;0.0;34.0;0.0;1.0;34.0;34.0;7.8;974.1;0.0;3370.0;ICON
2026-10-09T19:15:00+02:00;2026-10-09T23:42:05+02:00;ferme_de_sauze;IFS;45.09666;4.7589426;359.0;2026-10-11T12:00;17.1;37.4;12.0;13.3;0.0;66.0;2.0;13.0;64.0;66.0;6.4;973.9;0.0;3400.0;ICON
2026-10-09T19:15:00+02:00;2026-10-09T23:42:05+02:00;ferme_de_sauze;IFS;45.09666;4.7589426;359.0;2026-10-11T13:00;17.5;38.2;14.0;13.8;0.0;44.0;2.0;29.0;39.0;44.0;6.3;973.6;0.0;3400.0;ICON
2026-10-09T19:15:00+02:00;2026-10-09T23:42:05+02:00;ferme_de_sauze;IFS;45.09666;4.7589426;359.0;2026-10-11T14:00;17.7;38.9;20.0;14.3;0.0;100.0;3.0;93.0;100.0;100.0;6.6;973.5;0.0;3400.0;ICON
2026-10-09T19:15:00+02:00;2026-10-09T23:42:05+02:00;ferme_de_sauze;IFS;45.09666;4.7589426;359.0;2026-10-11T15:00;17.1;38.9;21.0;14.4;0.0;88.0;1.0;79.0;82.0;88.0;6.5;973.2;0.0;3370.0;ICON
2026-10-09T19:15:00+02:00;2026-10-09T23:42:05+02:00;ferme_de_sauze;IFS;45.09666;4.7589426;359.0;2026-10-11T16:00;16.0;36.7;21.0;14.1;0.0;89.0;0.0;59.0;73.0;89.0;6.5;972.9;0.0;3390.0;ICON
2026-10-09T19:15:00+02:00;2026-10-09T23:42:05+02:00;ferme_de_sauze;IFS;45.09666;4.7589426;359.0;2026-10-11T17:00;15.2;33.5;23.0;14.1;0.0;99.0;0.0;95.0;91.0;99.0;6.4;972.9;0.0;3400.0;ICON
2026-10-09T19:15:00+02:00;2026-10-09T23:42:05+02:00;ferme_de_sauze;IFS;45.09666;4.7589426;359.0;2026-10-11T18:00;12.3;31.7;31.0;13.2;0.0;91.0;0.0;52.0;82.0;91.0;7.0;972.7;0.0;3322.5;ICON
2026-10-09T19:15:00+02:00;2026-10-09T23:42:05+02:00;ferme_de_sauze;IFS;45.09666;4.7589426;359.0;2026-10-11T19:00;10.8;25.2;18.0;12.5;0.0;23.0;0.0;18.0;7.0;23.0;7.0;972.9;0.0;3300.0;ICON
2026-10-09T19:15:00+02:00;2026-10-09T23:42:05+02:00;ferme_de_sauze;IFS;45.09666;4.7589426;359.0;2026-10-11T20:00;9.7;21.6;359.0;11.7;0.0;54.0;0.0;19.0;44.0;54.0;7.2;973.3;0.0;3280.0;ICON
2026-10-09T19:15:00+02:00;2026-10-09T23:42:05+02:00;ferme_de_sauze;IFS;45.09666;4.7589426;359.0;2026-10-11T21:00;11.3;23.0;353.0;11.5;0.0;88.0;0.0;84.0;72.0;88.0;7.1;973.9;0.0;3200.0;ICON
2026-10-09T19:15:00+02:00;2026-10-09T23:42:05+02:00;ferme_de_sauze;IFS;45.09666;4.7589426;359.0;2026-10-11T22:00;10.7;23.8;355.0;11.8;0.0;100.0;0.0;100.0;0.0;100.0;7.0;974.3;0.0;3180.0;ICON
2026-10-09T19:15:00+02:00;2026-10-09T23:42:05+02:00;ferme_de_sauze;IFS;45.09666;4.7589426;359.0;2026-10-11T23:00;10.9;22.0;352.0;11.8;0.0;46.0;0.0;46.0;0.0;46.0;6.8;974.4;0.0;3150.0;ICON
2026-10-09T19:15:00+02:00;2026-10-09T23:42:05+02:00;ferme_de_sauze;IFS;45.09666;4.7589426;359.0;2026-10-12T00:00;10.7;22.0;344.0;10.9;0.0;1.0;0.0;1.0;0.0;1.0;6.5;974.5;0.0;3140.0;ICON
2026-10-09T19:15:00+02:00;2026-10-09T23:42:05+02:00;ferme_de_sauze;IFS;45.09666;4.7589426;359.0;2026-10-12T01:00;8.9;21.2;332.0;9.9;0.0;2.0;0.0;2.0;0.0;2.0;6.1;974.3;0.0;3100.0;ICON
2026-10-09T19:15:00+02:00;2026-10-09T23:42:05+02:00;ferme_de_sauze;IFS;45.09666;4.7589426;359.0;2026-10-12T02:00;8.7;18.0;328.0;9.7;0.0;2.0;0.0;2.0;0.0;2.0;5.9;974.5;0.0;3060.0;ICON
2026-10-09T19:15:00+02:00;2026-10-09T23:42:05+02:00;ferme_de_sauze;IFS;45.09666;4.7589426;359.0;2026-10-12T03:00;8.5;17.6;322.0;9.4;0.0;0.0;0.0;0.0;0.0;0.0;5.7;974.7;0.0;3060.0;ICON
2026-10-09T19:15:00+02:00;2026-10-09T23:42:05+02:00;ferme_de_sauze;IFS;45.09666;4.7589426;359.0;2026-10-12T04:00;7.4;16.9;313.0;8.9;0.0;2.0;0.0;0.0;2.0;2.0;5.6;974.7;0.0;3040.0;ICON
2026-10-09T19:15:00+02:00;2026-10-09T23:42:05+02:00;ferme_de_sauze;IFS;45.09666;4.7589426;359.0;2026-10-12T05:00;7.0;15.5;312.0;8.3;0.0;12.0;0.0;0.0;12.0;12.0;5.6;974.7;0.0;3030.0;ICON
2026-10-09T19:15:00+02:00;2026-10-09T23:42:05+02:00;ferme_de_sauze;IFS;45.09666;4.7589426;359.0;2026-10-12T06:00;7.1;15.1;306.0;8.0;0.0;20.0;0.0;0.0;20.0;20.0;5.4;975.0;0.0;3050.0;ICON
2026-10-09T19:15:00+02:00;2026-10-09T23:42:05+02:00;ferme_de_sauze;IFS;45.09666;4.7589426;359.0;2026-10-12T07:00;6.9;15.1;313.0;7.8;0.0;20.0;0.0;0.0;20.0;20.0;5.2;975.6;0.0;3180.0;ICON
2026-10-09T19:15:00+02:00;2026-10-09T23:42:05+02:00;ferme_de_sauze;IFS;45.09666;4.7589426;359.0;2026-10-12T08:00;6.8;14.8;318.0;7.6;0.0;8.0;0.0;0.0;8.0;8.0;5.2;975.9;0.0;3290.0;ICON
2026-10-09T19:15:00+02:00;2026-10-09T23:42:05+02:00;ferme_de_sauze;IFS;45.09666;4.7589426;359.0;2026-10-12T09:00;8.5;16.2;335.0;9.4;0.0;6.0;0.0;0.0;6.0;6.0;6.0;976.9;0.0;3390.0;ICON
2026-10-09T19:15:00+02:00;2026-10-09T23:42:05+02:00;ferme_de_sauze;IFS;45.09666;4.7589426;359.0;2026-10-12T10:00;9.9;22.3;2.0;10.9;0.0;0.0;0.0;0.0;0.0;0.0;6.8;977.8;0.0;3460.0;ICON
2026-10-09T19:15:00+02:00;2026-10-09T23:42:05+02:00;ferme_de_sauze;IFS;45.09666;4.7589426;359.0;2026-10-12T11:00;12.5;28.1;12.0;12.3;0.0;20.0;0.0;0.0;20.0;20.0;7.3;978.1;0.0;3540.0;ICON
2026-10-09T19:15:00+02:00;2026-10-09T23:42:05+02:00;ferme_de_sauze;IFS;45.09666;4.7589426;359.0;2026-10-12T12:00;15.3;33.8;15.0;13.6;0.0;13.0;0.0;0.0;13.0;13.0;7.4;978.1;0.0;3800.0;ICON
2026-10-09T19:15:00+02:00;2026-10-09T23:42:05+02:00;ferme_de_sauze;IFS;45.09666;4.7589426;359.0;2026-10-12T13:00;15.9;35.3;16.0;14.8;0.0;2.0;0.0;0.0;2.0;2.0;7.2;978.1;0.0;3840.0;ICON
2026-10-09T19:15:00+02:00;2026-10-09T23:42:05+02:00;ferme_de_sauze;IFS;45.09666;4.7589426;359.0;2026-10-12T14:00;16.2;35.6;21.0;15.8;0.0;3.0;0.0;0.0;3.0;3.0;7.1;978.3;0.0;3840.0;ICON
2026-10-09T19:15:00+02:00;2026-10-09T23:42:05+02:00;ferme_de_sauze;IFS;45.09666;4.7589426;359.0;2026-10-12T15:00;15.8;35.3;23.0;16.2;0.0;3.0;0.0;0.0;3.0;3.0;7.3;978.2;0.0;3880.0;ICON
2026-10-09T19:15:00+02:00;2026-10-09T23:42:05+02:00;ferme_de_sauze;IFS;45.09666;4.7589426;359.0;2026-10-12T16:00;15.1;34.6;26.0;16.3;0.0;18.0;0.0;0.0;18.0;18.0;7.3;978.2;0.0;3840.0;ICON
2026-10-09T19:15:00+02:00;2026-10-09T23:42:05+02:00;ferme_de_sauze;IFS;45.09666;4.7589426;359.0;2026-10-12T17:00;14.7;32.8;29.0;15.8;0.0;25.0;0.0;0.0;25.0;25.0;7.4;978.5;0.0;3810.0;ICON
2026-10-09T19:15:00+02:00;2026-10-09T23:42:05+02:00;ferme_de_sauze;IFS;45.09666;4.7589426;359.0;2026-10-12T18:00;11.3;30.2;31.0;14.6;0.0;40.0;0.0;0.0;40.0;40.0;8.1;978.8;0.0;3820.0;ICON
2026-10-09T19:15:00+02:00;2026-10-09T23:42:05+02:00;ferme_de_sauze;IFS;45.09666;4.7589426;359.0;2026-10-12T19:00;6.6;22.7;13.0;12.5;0.0;6.0;0.0;0.0;6.0;6.0;7.9;978.8;0.0;3810.0;ICON
2026-10-09T19:15:00+02:00;2026-10-09T23:42:05+02:00;ferme_de_sauze;IFS;45.09666;4.7589426;359.0;2026-10-12T20:00;6.2;14.0;339.0;11.8;0.0;20.0;0.0;0.0;20.0;20.0;7.7;979.2;0.0;3770.0;ICON
2026-10-09T19:15:00+02:00;2026-10-09T23:42:05+02:00;ferme_de_sauze;IFS;45.09666;4.7589426;359.0;2026-10-12T21:00;6.4;13.3;322.0;11.6;0.0;13.0;0.0;0.0;13.0;13.0;7.6;979.7;0.0;3780.0;ICON
2026-10-09T19:15:00+02:00;2026-10-09T23:42:05+02:00;ferme_de_sauze;IFS;45.09666;4.7589426;359.0;2026-10-12T22:00;6.2;14.0;322.0;11.2;0.0;57.0;0.0;0.0;57.0;57.0;7.5;979.8;0.0;3800.0;ICON
2026-10-09T19:15:00+02:00;2026-10-09T23:42:05+02:00;ferme_de_sauze;IFS;45.09666;4.7589426;359.0;2026-10-12T23:00;5.5;13.0;314.0;10.8;0.0;35.0;0.0;0.0;35.0;35.0;7.3;980.0;0.0;3810.0;ICON
2026-10-09T19:15:00+02:00;2026-10-09T23:42:05+02:00;ferme_de_sauze;IFS;45.09666;4.7589426;359.0;2026-10-13T00:00;4.6;11.5;309.0;10.3;0.0;74.0;0.0;0.0;74.0;74.0;6.9;980.1;0.0;3820.0;ICON
2026-10-09T19:15:00+02:00;2026-10-09T23:42:05+02:00;ferme_de_sauze;IFS;45.09666;4.7589426;359.0;2026-10-13T01:00;4.4;10.1;297.0;10.2;0.0;52.0;0.0;0.0;52.0;52.0;6.9;980.4;0.0;3820.0;ICON
2026-10-09T19:15:00+02:00;2026-10-09T23:42:05+02:00;ferme_de_sauze;IFS;45.09666;4.7589426;359.0;2026-10-13T02:00;4.4;10.1;289.0;9.7;0.0;42.0;0.0;0.0;42.0;42.0;6.8;980.4;0.0;3830.0;ICON
2026-10-09T19:15:00+02:00;2026-10-09T23:42:05+02:00;ferme_de_sauze;IFS;45.09666;4.7589426;359.0;2026-10-13T03:00;4.2;10.1;288.0;9.4;0.0;0.0;0.0;0.0;0.0;0.0;6.6;980.7;0.0;3800.0;ICON
2026-10-09T19:15:00+02:00;2026-10-09T23:42:05+02:00;ferme_de_sauze;IFS;45.09666;4.7589426;359.0;2026-10-13T04:00;3.7;9.7;284.0;9.1;0.0;0.0;0.0;0.0;0.0;0.0;6.6;980.8;0.0;3780.0;ICON
2026-10-09T19:15:00+02:00;2026-10-09T23:42:05+02:00;ferme_de_sauze;IFS;45.09666;4.7589426;359.0;2026-10-13T05:00;3.7;9.4;284.0;9.0;0.0;0.0;0.0;0.0;0.0;0.0;6.5;980.7;0.0;3750.0;ICON
2026-10-09T19:15:00+02:00;2026-10-09T23:42:05+02:00;ferme_de_sauze;IFS;45.09666;4.7589426;359.0;2026-10-13T06:00;4.6;10.8;288.0;9.0;0.0;0.0;0.0;0.0;0.0;0.0;6.4;981.0;0.0;3780.0;ICON
2026-10-09T19:15:00+02:00;2026-10-09T23:42:05+02:00;ferme_de_sauze;IFS;45.09666;4.7589426;359.0;2026-10-13T07:00;4.5;10.8;284.0;8.8;0.0;0.0;0.0;0.0;0.0;0.0;6.1;981.3;0.0;3820.0;ICON
2026-10-09T19:15:00+02:00;2026-10-09T23:42:05+02:00;ferme_de_sauze;IFS;45.09666;4.7589426;359.0;2026-10-13T08:00;4.5;11.2;286.0;8.7;0.0;0.0;0.0;0.0;0.0;0.0;5.9;981.7;0.0;3850.0;ICON
2026-10-09T19:15:00+02:00;2026-10-09T23:42:05+02:00;ferme_de_sauze;IFS;45.09666;4.7589426;359.0;2026-10-13T09:00;4.3;13.3;315.0;10.2;0.0;0.0;0.0;0.0;0.0;0.0;6.8;982.5;0.0;3850.0;ICON
2026-10-09T19:15:00+02:00;2026-10-09T23:42:05+02:00;ferme_de_sauze;IFS;45.09666;4.7589426;359.0;2026-10-13T10:00;5.5;16.2;349.0;12.3;0.0;0.0;0.0;0.0;0.0;0.0;8.2;983.5;0.0;3840.0;ICON
2026-10-09T19:15:00+02:00;2026-10-09T23:42:05+02:00;ferme_de_sauze;IFS;45.09666;4.7589426;359.0;2026-10-13T11:00;7.2;18.7;4.0;14.2;0.0;0.0;0.0;0.0;0.0;0.0;9.1;984.3;0.0;3840.0;ICON
2026-10-09T19:15:00+02:00;2026-10-09T23:42:05+02:00;ferme_de_sauze;IFS;45.09666;4.7589426;359.0;2026-10-13T12:00;8.4;20.9;11.0;15.6;0.0;0.0;0.0;0.0;0.0;0.0;9.0;984.5;0.0;3840.0;ICON
2026-10-09T19:15:00+02:00;2026-10-09T23:42:05+02:00;ferme_de_sauze;IFS;45.09666;4.7589426;359.0;2026-10-13T13:00;9.1;22.3;15.0;16.8;0.0;0.0;0.0;0.0;0.0;0.0;8.5;984.3;0.0;3850.0;ICON
2026-10-09T19:15:00+02:00;2026-10-09T23:42:05+02:00;ferme_de_sauze;IFS;45.09666;4.7589426;359.0;2026-10-13T14:00;9.5;23.8;19.0;17.6;0.0;0.0;0.0;0.0;0.0;0.0;8.2;984.3;0.0;3850.0;ICON
2026-10-09T19:15:00+02:00;2026-10-09T23:42:05+02:00;ferme_de_sauze;IFS;45.09666;4.7589426;359.0;2026-10-13T15:00;9.5;24.8;25.0;18.0;0.0;21.0;0.0;0.0;21.0;21.0;8.4;984.2;0.0;4030.0;ICON
2026-10-09T19:15:00+02:00;2026-10-09T23:42:05+02:00;ferme_de_sauze;IFS;45.09666;4.7589426;359.0;2026-10-13T16:00;9.0;25.2;31.0;18.1;0.0;50.0;0.0;0.0;50.0;50.0;8.8;984.1;0.0;4220.0;ICON
2026-10-09T19:15:00+02:00;2026-10-09T23:42:05+02:00;ferme_de_sauze;IFS;45.09666;4.7589426;359.0;2026-10-13T17:00;8.2;24.8;33.0;17.8;0.0;65.0;0.0;0.0;65.0;65.0;9.0;984.2;0.0;4400.0;ICON
2026-10-09T19:15:00+02:00;2026-10-09T23:42:05+02:00;ferme_de_sauze;IFS;45.09666;4.7589426;359.0;2026-10-13T18:00;6.1;23.4;24.0;16.8;0.0;49.0;0.0;0.0;49.0;49.0;9.1;984.3;0.0;4340.0;ICON
2026-10-09T19:15:00+02:00;2026-10-09T23:42:05+02:00;ferme_de_sauze;IFS;45.09666;4.7589426;359.0;2026-10-13T19:00;4.3;20.9;355.0;15.4;0.0;20.0;0.0;0.0;20.0;20.0;9.0;984.6;0.0;4290.0;ICON
2026-10-09T19:15:00+02:00;2026-10-09T23:42:05+02:00;ferme_de_sauze;IFS;45.09666;4.7589426;359.0;2026-10-13T20:00;4.2;18.4;324.0;14.2;0.0;5.0;0.0;0.0;5.0;5.0;9.0;984.8;0.0;4230.0;ICON
2026-10-09T19:15:00+02:00;2026-10-09T23:42:05+02:00;ferme_de_sauze;IFS;45.09666;4.7589426;359.0;2026-10-13T21:00;4.7;15.8;313.0;13.7;0.0;23.0;0.0;0.0;23.0;23.0;9.1;985.1;0.0;4210.0;ICON
2026-10-09T19:15:00+02:00;2026-10-09T23:42:05+02:00;ferme_de_sauze;IFS;45.09666;4.7589426;359.0;2026-10-13T22:00;5.2;13.7;314.0;13.5;0.0;55.0;0.0;0.0;55.0;55.0;9.3;985.5;0.0;4190.0;ICON
2026-10-09T19:15:00+02:00;2026-10-09T23:42:05+02:00;ferme_de_sauze;IFS;45.09666;4.7589426;359.0;2026-10-13T23:00;5.4;11.9;312.0;13.3;0.0;81.0;0.0;0.0;81.0;81.0;9.4;985.8;0.0;4170.0;ICON
2026-10-09T19:15:00+02:00;2026-10-09T23:42:05+02:00;ferme_de_sauze;IFS;45.09666;4.7589426;359.0;2026-10-14T00:00;5.1;11.2;309.0;13.0;0.0;91.0;0.0;0.0;91.0;91.0;9.4;986.0;0.0;4120.0;ICON
2026-10-09T19:15:00+02:00;2026-10-09T23:42:05+02:00;ferme_de_sauze;IFS;45.09666;4.7589426;359.0;2026-10-14T01:00;4.4;11.5;305.0;12.7;0.0;94.0;1.0;0.0;94.0;94.0;9.3;986.1;0.0;4080.0;ICON
2026-10-09T19:15:00+02:00;2026-10-09T23:42:05+02:00;ferme_de_sauze;IFS;45.09666;4.7589426;359.0;2026-10-14T02:00;3.9;11.5;304.0;12.5;0.0;95.0;1.0;0.0;95.0;95.0;9.3;986.3;0.0;4030.0;ICON
2026-10-09T19:15:00+02:00;2026-10-09T23:42:05+02:00;ferme_de_sauze;IFS;45.09666;4.7589426;359.0;2026-10-14T03:00;3.7;11.2;309.0;12.5;0.0;96.0;1.0;0.0;96.0;96.0;9.6;986.3;0.0;3990.0;ICON
2026-10-09T19:15:00+02:00;2026-10-09T23:42:05+02:00;ferme_de_sauze;IFS;45.09666;4.7589426;359.0;2026-10-14T04:00;3.7;10.8;317.0;12.6;0.0;95.0;0.0;0.0;95.0;95.0;10.0;986.3;0.0;3960.0;ICON
2026-10-09T19:15:00+02:00;2026-10-09T23:42:05+02:00;ferme_de_sauze;IFS;45.09666;4.7589426;359.0;2026-10-14T05:00;3.6;10.4;323.0;12.7;0.0;91.0;0.0;0.0;91.0;91.0;10.4;986.3;0.0;3920.0;ICON
2026-10-09T19:15:00+02:00;2026-10-09T23:42:05+02:00;ferme_de_sauze;IFS;45.09666;4.7589426;359.0;2026-10-14T06:00;3.6;10.1;319.0;12.4;0.0;80.0;0.0;0.0;80.0;80.0;10.4;986.5;0.0;3910.0;ICON
2026-10-09T19:15:00+02:00;2026-10-09T23:42:05+02:00;ferme_de_sauze;IFS;45.09666;4.7589426;359.0;2026-10-14T07:00;3.3;9.4;311.0;12.1;0.0;65.0;0.0;0.0;65.0;65.0;10.4;986.8;0.0;3900.0;ICON
2026-10-09T19:15:00+02:00;2026-10-09T23:42:05+02:00;ferme_de_sauze;IFS;45.09666;4.7589426;359.0;2026-10-14T08:00;3.1;9.7;315.0;12.2;0.0;57.0;0.0;0.0;57.0;57.0;10.5;987.2;0.0;3890.0;ICON
2026-10-09T19:15:00+02:00;2026-10-09T23:42:05+02:00;ferme_de_sauze;IFS;45.09666;4.7589426;359.0;2026-10-14T09:00;2.8;11.2;345.0;13.3;0.0;61.0;2.0;0.0;61.0;61.0;11.1;988.0;0.0;4010.0;ICON
2026-10-09T19:15:00+02:00;2026-10-09T23:42:05+02:00;ferme_de_sauze;IFS;45.09666;4.7589426;359.0;2026-10-14T10:00;3.6;13.3;20.0;15.0;0.0;72.0;4.0;0.0;71.0;72.0;12.0;988.9;0.0;4140.0;ICON
2026-10-09T19:15:00+02:00;2026-10-09T23:42:05+02:00;ferme_de_sauze;IFS;45.09666;4.7589426;359.0;2026-10-14T11:00;5.3;15.8;28.0;16.4;0.0;81.0;5.0;0.0;80.0;81.0;12.7;989.5;0.0;4260.0;ICON
2026-10-09T19:15:00+02:00;2026-10-09T23:42:05+02:00;ferme_de_sauze;IFS;45.09666;4.7589426;359.0;2026-10-14T12:00;7.1;19.1;21.0;17.5;0.0;88.0;5.0;0.0;87.0;88.0;13.4;989.5;0.0;4247.5;ICON
2026-10-09T19:15:00+02:00;2026-10-09T23:42:05+02:00;ferme_de_sauze;IFS;45.09666;4.7589426;359.0;2026-10-14T13:00;9.2;22.7;12.0;18.4;0.0;92.0;4.0;0.0;92.0;92.0;13.9;989.4;0.0;4220.0;ICON
2026-10-09T19:15:00+02:00;2026-10-09T23:42:05+02:00;ferme_de_sauze;IFS;45.09666;4.7589426;359.0;2026-10-14T14:00;10.8;25.6;11.0;19.0;0.0;91.0;3.0;0.0;91.0;91.0;14.3;989.1;0.0;4190.0;ICON
2026-10-09T19:15:00+02:00;2026-10-09T23:42:05+02:00;ferme_de_sauze;IFS;45.09666;4.7589426;359.0;2026-10-14T15:00;11.7;27.0;17.0;19.4;0.0;79.0;2.0;0.0;79.0;79.0;14.4;988.6;0.0;4160.0;ICON
2026-10-09T19:15:00+02:00;2026-10-09T23:42:05+02:00;ferme_de_sauze;IFS;45.09666;4.7589426;359.0;2026-10-14T16:00;12.0;27.7;26.0;19.5;0.0;61.0;1.0;0.0;61.0;61.0;14.3;988.2;0.0;4150.0;ICON
2026-10-09T19:15:00+02:00;2026-10-09T23:42:05+02:00;ferme_de_sauze;IFS;45.09666;4.7589426;359.0;2026-10-14T17:00;11.1;27.7;31.0;19.2;0.0;43.0;0.0;0.0;43.0;43.0;14.2;987.7;0.0;4150.0;ICON
2026-10-09T19:15:00+02:00;2026-10-09T23:42:05+02:00;ferme_de_sauze;IFS;45.09666;4.7589426;359.0;2026-10-14T18:00;7.5;27.4;27.0;18.2;0.0;27.0;0.0;0.0;27.0;27.0;14.0;987.5;0.0;4180.0;ICON
2026-10-09T19:15:00+02:00;2026-10-09T23:42:05+02:00;ferme_de_sauze;IFS;45.09666;4.7589426;359.0;2026-10-14T19:00;2.9;26.6;353.0;16.7;0.0;12.0;1.0;0.0;11.0;12.0;13.7;987.4;0.0;4215.0;ICON
2026-10-09T19:15:00+02:00;2026-10-09T23:42:05+02:00;ferme_de_sauze;IFS;45.09666;4.7589426;359.0;2026-10-14T20:00;3.1;24.1;270.0;15.5;0.0;1.0;1.0;0.0;0.0;1.0;13.3;987.3;0.0;4242.5;ICON
2026-10-09T19:15:00+02:00;2026-10-09T23:42:05+02:00;ferme_de_sauze;IFS;45.09666;4.7589426;359.0;2026-10-14T21:00;3.3;19.1;257.0;14.8;0.0;0.0;1.0;0.0;0.0;1.0;12.8;987.4;0.0;4280.0;ICON
2026-10-09T19:15:00+02:00;2026-10-09T23:42:05+02:00;ferme_de_sauze;IFS;45.09666;4.7589426;359.0;2026-10-14T22:00;2.4;12.2;257.0;14.3;0.0;0.0;1.0;0.0;0.0;1.0;12.2;987.5;0.0;4270.0;ICON
2026-10-09T19:15:00+02:00;2026-10-09T23:42:05+02:00;ferme_de_sauze;IFS;45.09666;4.7589426;359.0;2026-10-14T23:00;1.7;7.2;257.0;13.9;0.0;1.0;1.0;0.0;0.0;1.0;11.6;987.6;0.0;4270.0;ICON
2026-10-09T19:15:00+02:00;2026-10-09T23:42:05+02:00;ferme_de_sauze;IFS;45.09666;4.7589426;359.0;2026-10-15T00:00;1.5;5.4;249.0;13.4;0.0;1.0;1.0;0.0;0.0;1.0;11.2;987.4;0.0;4240.0;ICON
2026-10-09T19:15:00+02:00;2026-10-09T23:42:05+02:00;ferme_de_sauze;IFS;45.09666;4.7589426;359.0;2026-10-15T01:00;1.7;5.4;252.0;12.9;0.0;0.0;0.0;0.0;0.0;0.0;10.8;987.1;0.0;4200.0;ICON
2026-10-09T19:15:00+02:00;2026-10-09T23:42:05+02:00;ferme_de_sauze;IFS;45.09666;4.7589426;359.0;2026-10-15T02:00;1.8;5.4;246.0;12.6;0.0;0.0;0.0;0.0;0.0;0.0;10.5;986.9;0.0;4170.0;ICON
2026-10-09T19:15:00+02:00;2026-10-09T23:42:05+02:00;ferme_de_sauze;IFS;45.09666;4.7589426;359.0;2026-10-15T03:00;1.8;4.7;246.0;12.4;0.0;1.0;1.0;0.0;0.0;1.0;10.4;986.8;0.0;4140.0;ICON
2026-10-09T19:15:00+02:00;2026-10-09T23:42:05+02:00;ferme_de_sauze;IFS;45.09666;4.7589426;359.0;2026-10-15T04:00;1.7;4.3;252.0;12.4;0.0;2.0;2.0;0.0;0.0;2.0;10.3;986.7;0.0;4110.0;ICON
2026-10-09T19:15:00+02:00;2026-10-09T23:42:05+02:00;ferme_de_sauze;IFS;45.09666;4.7589426;359.0;2026-10-15T05:00;1.8;4.3;246.0;12.3;0.0;2.0;2.0;0.0;0.0;2.0;10.3;986.6;0.0;4080.0;ICON
2026-10-09T19:15:00+02:00;2026-10-09T23:42:05+02:00;ferme_de_sauze;IFS;45.09666;4.7589426;359.0;2026-10-15T06:00;2.4;5.0;243.0;11.9;0.0;1.0;1.0;0.0;0.0;1.0;10.3;986.3;0.0;4060.0;ICON
2026-10-09T19:15:00+02:00;2026-10-09T23:42:05+02:00;ferme_de_sauze;IFS;45.09666;4.7589426;359.0;2026-10-15T07:00;3.1;6.5;239.0;11.4;0.0;0.0;0.0;0.0;0.0;0.0;10.3;986.1;0.0;4040.0;ICON
2026-10-09T19:15:00+02:00;2026-10-09T23:42:05+02:00;ferme_de_sauze;IFS;45.09666;4.7589426;359.0;2026-10-15T08:00;3.3;8.3;229.0;11.5;0.0;0.0;0.0;0.0;0.0;0.0;10.6;985.9;0.0;4020.0;ICON
2026-10-09T19:15:00+02:00;2026-10-09T23:42:05+02:00;ferme_de_sauze;IFS;45.09666;4.7589426;359.0;2026-10-15T09:00;2.9;10.4;202.0;12.5;0.0;5.0;5.0;0.0;0.0;5.0;11.4;986.1;0.0;4040.0;ICON
2026-10-09T19:15:00+02:00;2026-10-09T23:42:05+02:00;ferme_de_sauze;IFS;45.09666;4.7589426;359.0;2026-10-15T10:00;3.4;12.6;162.0;14.0;0.0;13.0;13.0;0.0;0.0;13.0;12.4;986.5;0.0;4050.0;ICON
2026-10-09T19:15:00+02:00;2026-10-09T23:42:05+02:00;ferme_de_sauze;IFS;45.09666;4.7589426;359.0;2026-10-15T11:00;5.2;15.5;146.0;15.6;0.0;17.0;17.0;0.0;0.0;17.0;13.4;986.7;0.0;4070.0;ICON
2026-10-09T19:15:00+02:00;2026-10-09T23:42:05+02:00;ferme_de_sauze;IFS;45.09666;4.7589426;359.0;2026-10-15T12:00;8.4;20.5;157.0;18.1;0.0;1.0;1.0;0.0;0.0;1.0;14.0;985.7;0.0;4070.0;ICON
2026-10-09T19:15:00+02:00;2026-10-09T23:42:05+02:00;ferme_de_sauze;IFS;45.09666;4.7589426;359.0;2026-10-15T13:00;10.1;23.8;155.0;19.7;0.0;1.0;1.0;0.0;0.0;1.0;14.8;985.6;0.0;4080.0;ICON
2026-10-09T19:15:00+02:00;2026-10-09T23:42:05+02:00;ferme_de_sauze;IFS;45.09666;4.7589426;359.0;2026-10-15T14:00;11.0;25.9;154.0;20.5;0.0;1.0;1.0;0.0;0.0;1.0;15.2;985.4;0.0;4080.0;ICON
2026-10-09T19:15:00+02:00;2026-10-09T23:42:05+02:00;ferme_de_sauze;IFS;45.09666;4.7589426;359.0;2026-10-15T15:00;11.0;27.4;156.0;20.5;0.0;1.0;1.0;0.0;0.0;1.0;15.2;985.1;0.0;4070.0;ICON
2026-10-09T19:15:00+02:00;2026-10-09T23:42:05+02:00;ferme_de_sauze;IFS;45.09666;4.7589426;359.0;2026-10-15T16:00;10.5;28.4;161.0;19.8;0.0;1.0;1.0;0.0;0.0;1.0;15.0;984.8;0.0;4050.0;ICON
2026-10-09T19:15:00+02:00;2026-10-09T23:42:05+02:00;ferme_de_sauze;IFS;45.09666;4.7589426;359.0;2026-10-15T17:00;9.7;29.5;168.0;18.9;0.0;1.0;1.0;0.0;0.0;1.0;14.5;984.3;0.0;4040.0;ICON
2026-10-09T19:15:00+02:00;2026-10-09T23:42:05+02:00;ferme_de_sauze;IFS;45.09666;4.7589426;359.0;2026-10-15T18:00;9.0;29.9;178.0;17.7;0.0;0.0;0.0;0.0;0.0;0.0;14.0;983.8;0.0;4030.0;ICON
2026-10-09T19:15:00+02:00;2026-10-09T23:42:05+02:00;ferme_de_sauze;IFS;45.09666;4.7589426;359.0;2026-10-15T19:00;8.4;29.5;187.0;16.6;0.0;0.0;0.0;0.0;0.0;0.0;13.5;983.4;0.0;4030.0;ICON
2026-10-09T19:15:00+02:00;2026-10-09T23:42:05+02:00;ferme_de_sauze;IFS;45.09666;4.7589426;359.0;2026-10-15T20:00;8.2;29.2;195.0;15.7;0.0;0.0;0.0;0.0;0.0;0.0;13.0;983.0;0.0;4020.0;ICON
2026-10-09T19:15:00+02:00;2026-10-09T23:42:05+02:00;ferme_de_sauze;IFS;45.09666;4.7589426;359.0;2026-10-15T21:00;8.1;28.1;201.0;15.0;0.0;0.0;0.0;0.0;0.0;0.0;12.7;982.8;0.0;4030.0;ICON
2026-10-09T19:15:00+02:00;2026-10-09T23:42:05+02:00;ferme_de_sauze;IFS;45.09666;4.7589426;359.0;2026-10-15T22:00;8.1;25.9;204.0;14.4;0.0;0.0;0.0;0.0;0.0;0.0;12.4;982.7;0.0;4030.0;ICON
2026-10-09T19:15:00+02:00;2026-10-09T23:42:05+02:00;ferme_de_sauze;IFS;45.09666;4.7589426;359.0;2026-10-15T23:00;7.9;23.8;207.0;13.8;0.0;0.0;0.0;0.0;0.0;0.0;12.1;982.6;0.0;4040.0;ICON
2026-10-09T19:15:00+02:00;2026-10-09T23:42:05+02:00;ferme_de_sauze;IFS;45.09666;4.7589426;359.0;2026-10-16T00:00;7.8;21.2;209.0;13.3;0.0;0.0;0.0;0.0;0.0;0.0;11.7;982.4;0.0;4050.0;ICON
2026-10-09T19:15:00+02:00;2026-10-09T23:42:05+02:00;ferme_de_sauze;IFS;45.09666;4.7589426;359.0;2026-10-16T01:00;7.7;19.1;211.0;12.8;0.0;0.0;0.0;0.0;0.0;0.0;11.3;982.3;0.0;4070.0;ICON
2026-10-09T19:15:00+02:00;2026-10-09T23:42:05+02:00;ferme_de_sauze;IFS;45.09666;4.7589426;359.0;2026-10-16T02:00;7.6;17.6;214.0;12.2;0.0;0.0;0.0;0.0;0.0;0.0;10.8;982.1;0.0;4080.0;ICON
2026-10-09T19:15:00+02:00;2026-10-09T23:42:05+02:00;ferme_de_sauze;IFS;45.09666;4.7589426;359.0;2026-10-16T03:00;7.6;16.9;218.0;11.5;0.0;0.0;0.0;0.0;0.0;0.0;10.1;981.7;0.0;4070.0;ICON
2026-10-09T19:15:00+02:00;2026-10-09T23:42:05+02:00;ferme_de_sauze;IFS;45.09666;4.7589426;359.0;2026-10-16T04:00;7.8;16.6;224.0;10.6;0.0;0.0;0.0;0.0;0.0;0.0;9.1;981.2;0.0;4050.0;ICON
2026-10-09T19:15:00+02:00;2026-10-09T23:42:05+02:00;ferme_de_sauze;IFS;45.09666;4.7589426;359.0;2026-10-16T05:00;7.9;16.9;229.0;9.7;0.0;0.0;0.0;0.0;0.0;0.0;8.0;980.7;0.0;4040.0;ICON
2026-10-09T19:15:00+02:00;2026-10-09T23:42:05+02:00;ferme_de_sauze;IFS;45.09666;4.7589426;359.0;2026-10-16T06:00;8.0;17.3;232.0;9.1;0.0;0.0;0.0;0.0;0.0;0.0;7.0;980.2;0.0;4050.0;ICON
2026-10-09T19:15:00+02:00;2026-10-09T23:42:05+02:00;ferme_de_sauze;IFS;45.09666;4.7589426;359.0;2026-10-16T07:00;7.7;17.6;234.0;8.8;0.0;0.0;0.0;0.0;0.0;0.0;6.4;979.8;0.0;4060.0;ICON
2026-10-09T19:15:00+02:00;2026-10-09T23:42:05+02:00;ferme_de_sauze;IFS;45.09666;4.7589426;359.0;2026-10-16T08:00;7.5;18.0;233.0;9.1;0.0;0.0;0.0;0.0;0.0;0.0;6.3;979.6;0.0;4070.0;ICON
2026-10-09T19:15:00+02:00;2026-10-09T23:42:05+02:00;ferme_de_sauze;IFS;45.09666;4.7589426;359.0;2026-10-16T09:00;6.6;18.7;225.0;10.4;0.0;0.0;0.0;0.0;0.0;0.0;6.8;979.5;0.0;4070.0;ICON
2026-10-09T19:15:00+02:00;2026-10-09T23:42:05+02:00;ferme_de_sauze;IFS;45.09666;4.7589426;359.0;2026-10-16T10:00;5.9;19.4;207.0;12.4;0.0;0.0;0.0;0.0;0.0;0.0;8.0;979.5;0.0;4080.0;ICON
2026-10-09T19:15:00+02:00;2026-10-09T23:42:05+02:00;ferme_de_sauze;IFS;45.09666;4.7589426;359.0;2026-10-16T11:00;5.8;20.2;185.0;14.9;0.0;0.0;0.0;0.0;0.0;0.0;9.4;979.7;0.0;4080.0;ICON
2026-10-09T19:15:00+02:00;2026-10-09T23:42:05+02:00;ferme_de_sauze;IFS;45.09666;4.7589426;359.0;2026-10-16T12:00;6.6;21.2;164.0;17.4;0.0;0.0;0.0;0.0;0.0;0.0;10.9;979.7;0.0;4070.0;ICON
2026-10-09T19:15:00+02:00;2026-10-09T23:42:05+02:00;ferme_de_sauze;IFS;45.09666;4.7589426;359.0;2026-10-16T13:00;7.6;22.0;152.0;19.4;0.0;0.0;0.0;0.0;0.0;0.0;12.2;979.8;0.0;4060.0;ICON
2026-10-09T19:15:00+02:00;2026-10-09T23:42:05+02:00;ferme_de_sauze;IFS;45.09666;4.7589426;359.0;2026-10-16T14:00;7.9;22.3;145.0;20.5;0.0;0.0;0.0;0.0;0.0;0.0;13.1;979.8;0.0;4050.0;ICON
2026-10-09T19:15:00+02:00;2026-10-09T23:42:05+02:00;ferme_de_sauze;IFS;45.09666;4.7589426;359.0;2026-10-16T15:00;7.3;22.7;142.0;20.7;0.0;0.0;0.0;0.0;0.0;0.0;13.5;979.6;0.0;4050.0;ICON
2026-10-09T19:15:00+02:00;2026-10-09T23:42:05+02:00;ferme_de_sauze;IFS;45.09666;4.7589426;359.0;2026-10-16T16:00;6.2;22.7;142.0;20.1;0.0;0.0;0.0;0.0;0.0;0.0;13.6;979.3;0.0;4050.0;ICON
2026-10-09T19:15:00+02:00;2026-10-09T23:42:05+02:00;ferme_de_sauze;IFS;45.09666;4.7589426;359.0;2026-10-16T17:00;4.4;22.3;142.0;19.0;0.0;0.0;0.0;0.0;0.0;0.0;13.6;979.0;0.0;4050.0;ICON
2026-10-09T19:15:00+02:00;2026-10-09T23:42:05+02:00;ferme_de_sauze;IFS;45.09666;4.7589426;359.0;2026-10-16T18:00;2.5;22.3;150.0;17.8;0.0;1.0;0.0;0.0;1.0;1.0;13.4;978.6;0.0;4070.0;ICON
2026-10-09T19:15:00+02:00;2026-10-09T23:42:05+02:00;ferme_de_sauze;IFS;45.09666;4.7589426;359.0;2026-10-16T19:00;0.9;21.6;169.0;16.7;0.0;1.0;0.0;0.0;1.0;1.0;13.1;978.3;0.0;4080.0;ICON
2026-10-09T19:15:00+02:00;2026-10-09T23:42:05+02:00;ferme_de_sauze;IFS;45.09666;4.7589426;359.0;2026-10-16T20:00;0.7;20.5;270.0;15.9;0.0;1.0;0.0;0.0;1.0;1.0;12.9;978.1;0.0;4100.0;ICON
2026-10-09T19:15:00+02:00;2026-10-09T23:42:05+02:00;ferme_de_sauze;IFS;45.09666;4.7589426;359.0;2026-10-16T21:00;1.4;18.7;293.0;15.5;0.0;0.0;0.0;0.0;1.0;1.0;12.6;977.9;0.0;4100.0;ICON
2026-10-09T19:15:00+02:00;2026-10-09T23:42:05+02:00;ferme_de_sauze;IFS;45.09666;4.7589426;359.0;2026-10-16T22:00;1.9;16.2;299.0;15.1;0.0;0.0;0.0;0.0;0.0;0.0;12.1;977.8;0.0;4110.0;ICON
2026-10-09T19:15:00+02:00;2026-10-09T23:42:05+02:00;ferme_de_sauze;IFS;45.09666;4.7589426;359.0;2026-10-16T23:00;2.3;13.3;299.0;14.8;0.0;0.0;0.0;0.0;0.0;0.0;11.6;977.7;0.0;4110.0;ICON
2026-10-09T19:15:00+02:00;2026-10-09T23:42:05+02:00;ferme_de_sauze;IFS;45.09666;4.7589426;359.0;2026-10-17T00:00;2.5;10.4;300.0;14.6;0.0;0.0;0.0;0.0;0.0;0.0;11.0;977.7;0.0;4080.0;ICON
2026-10-09T19:15:00+02:00;2026-10-09T23:42:05+02:00;ferme_de_sauze;IFS;45.09666;4.7589426;359.0;2026-10-17T01:00;2.7;8.3;302.0;14.4;0.0;0.0;0.0;0.0;0.0;0.0;10.7;977.7;0.0;4040.0;ICON
2026-10-09T19:15:00+02:00;2026-10-09T23:42:05+02:00;ferme_de_sauze;IFS;45.09666;4.7589426;359.0;2026-10-17T02:00;3.2;7.6;308.0;14.2;0.0;2.0;1.0;0.0;2.0;2.0;10.5;977.6;0.0;4010.0;ICON
2026-10-09T19:15:00+02:00;2026-10-09T23:42:05+02:00;ferme_de_sauze;IFS;45.09666;4.7589426;359.0;2026-10-17T03:00;3.8;7.9;315.0;14.0;0.0;11.0;7.0;0.0;9.0;11.0;10.5;977.7;0.0;;
2026-10-09T19:15:00+02:00;2026-10-09T23:42:05+02:00;ferme_de_sauze;IFS;45.09666;4.7589426;359.0;2026-10-17T04:00;4.6;9.0;318.0;13.8;0.0;25.0;16.0;0.0;18.0;25.0;10.8;977.7;0.0;;
2026-10-09T19:15:00+02:00;2026-10-09T23:42:05+02:00;ferme_de_sauze;IFS;45.09666;4.7589426;359.0;2026-10-17T05:00;5.4;10.8;323.0;13.6;0.0;41.0;27.0;0.0;29.0;41.0;11.1;977.8;0.0;;
2026-10-09T19:15:00+02:00;2026-10-09T23:42:05+02:00;ferme_de_sauze;IFS;45.09666;4.7589426;359.0;2026-10-17T06:00;6.4;13.0;328.0;13.6;0.0;56.0;37.0;0.0;40.0;56.0;11.5;977.9;0.0;;
2026-10-09T19:15:00+02:00;2026-10-09T23:42:05+02:00;ferme_de_sauze;IFS;45.09666;4.7589426;359.0;2026-10-17T07:00;7.4;15.8;334.0;13.6;0.0;71.0;47.0;0.0;51.0;71.0;11.9;978.0;0.0;;
2026-10-09T19:15:00+02:00;2026-10-09T23:42:05+02:00;ferme_de_sauze;IFS;45.09666;4.7589426;359.0;2026-10-17T08:00;8.6;18.7;340.0;13.8;0.0;81.0;54.0;1.0;60.0;81.0;12.2;978.3;0.0;;
2026-10-09T19:15:00+02:00;2026-10-09T23:42:05+02:00;ferme_de_sauze;IFS;45.09666;4.7589426;359.0;2026-10-17T09:00;10.3;22.7;349.0;14.4;0.0;88.0;60.0;7.0;67.0;88.0;12.5;978.5;0.0;;
2026-10-09T19:15:00+02:00;2026-10-09T23:42:05+02:00;ferme_de_sauze;IFS;45.09666;4.7589426;359.0;2026-10-17T10:00;12.4;27.4;358.0;15.2;0.0;92.0;65.0;15.0;74.0;92.0;12.7;978.8;0.0;;
2026-10-09T19:15:00+02:00;2026-10-09T23:42:05+02:00;ferme_de_sauze;IFS;45.09666;4.7589426;359.0;2026-10-17T11:00;15.0;32.4;5.0;16.2;0.0;95.0;70.0;24.0;81.0;95.0;13.0;979.3;0.0;;
2026-10-09T19:15:00+02:00;2026-10-09T23:42:05+02:00;ferme_de_sauze;IFS;45.09666;4.7589426;359.0;2026-10-17T12:00;17.7;37.4;9.0;17.2;0.0;97.0;72.0;34.0;86.0;97.0;13.2;979.7;0.0;;
2026-10-09T19:15:00+02:00;2026-10-09T23:42:05+02:00;ferme_de_sauze;IFS;45.09666;4.7589426;359.0;2026-10-17T13:00;19.9;42.1;12.0;17.9;0.0;98.0;73.0;42.0;90.0;98.0;13.2;980.1;0.0;;
2026-10-09T19:15:00+02:00;2026-10-09T23:42:05+02:00;ferme_de_sauze;IFS;45.09666;4.7589426;359.0;2026-10-17T14:00;21.6;45.4;13.0;18.2;0.0;98.0;70.0;49.0;92.0;98.0;13.2;980.4;0.0;;
2026-10-09T19:15:00+02:00;2026-10-09T23:42:05+02:00;ferme_de_sauze;IFS;45.09666;4.7589426;359.0;2026-10-17T15:00;22.4;47.5;11.0;18.0;0.0;97.0;62.0;54.0;93.0;97.0;12.9;980.7;0.0;;
2026-10-09T19:15:00+02:00;2026-10-09T23:42:05+02:00;ferme_de_sauze;IFS;45.09666;4.7589426;359.0;2026-10-17T16:00;22.6;49.3;8.0;17.4;0.0;95.0;48.0;59.0;93.0;95.0;12.5;981.0;0.0;;
2026-10-09T19:15:00+02:00;2026-10-09T23:42:05+02:00;ferme_de_sauze;IFS;45.09666;4.7589426;359.0;2026-10-17T17:00;22.4;50.0;5.0;16.6;0.0;92.0;31.0;63.0;91.0;92.0;12.0;981.2;0.0;;
2026-10-09T19:15:00+02:00;2026-10-09T23:42:05+02:00;ferme_de_sauze;IFS;45.09666;4.7589426;359.0;2026-10-17T18:00;22.1;50.4;0.0;15.8;0.0;88.0;16.0;65.0;88.0;88.0;11.4;981.4;0.0;;
2026-10-09T19:15:00+02:00;2026-10-09T23:42:05+02:00;ferme_de_sauze;IFS;45.09666;4.7589426;359.0;2026-10-17T19:00;22.0;50.8;357.0;14.9;0.0;86.0;4.0;66.0;83.0;86.0;10.9;981.6;0.0;;
2026-10-09T19:15:00+02:00;2026-10-09T23:42:05+02:00;ferme_de_sauze;IFS;45.09666;4.7589426;359.0;2026-10-17T20:00;21.9;50.8;355.0;14.3;0.0;84.0;1.0;63.0;77.0;84.0;10.4;981.9;0.0;;
2026-10-09T19:15:00+02:00;2026-10-09T23:42:05+02:00;ferme_de_sauze;IFS;45.09666;4.7589426;359.0;2026-10-17T21:00;21.7;50.4;355.0;13.9;0.0;84.0;8.0;56.0;68.0;84.0;10.0;982.2;0.0;;
2026-10-09T19:15:00+02:00;2026-10-09T23:42:05+02:00;ferme_de_sauze;IFS;45.09666;4.7589426;359.0;2026-10-17T22:00;21.5;49.7;356.0;13.6;0.0;86.0;23.0;45.0;55.0;86.0;9.6;982.5;0.0;;
2026-10-09T19:15:00+02:00;2026-10-09T23:42:05+02:00;ferme_de_sauze;IFS;45.09666;4.7589426;359.0;2026-10-17T23:00;21.3;48.6;357.0;13.3;0.0;88.0;43.0;32.0;41.0;88.0;9.2;982.9;0.0;;
2026-10-09T19:15:00+02:00;2026-10-09T23:42:05+02:00;ferme_de_sauze;IFS;45.09666;4.7589426;359.0;2026-10-18T00:00;20.9;47.2;359.0;13.0;0.0;90.0;62.0;19.0;27.0;90.0;8.9;983.2;0.0;;
2026-10-09T19:15:00+02:00;2026-10-09T23:42:05+02:00;ferme_de_sauze;IFS;45.09666;4.7589426;359.0;2026-10-18T01:00;20.5;46.1;1.0;12.8;0.0;90.0;79.0;8.0;15.0;90.0;8.5;983.6;0.0;;
2026-10-09T19:15:00+02:00;2026-10-09T23:42:05+02:00;ferme_de_sauze;IFS;45.09666;4.7589426;359.0;2026-10-18T02:00;20.0;45.0;2.0;12.4;0.0;89.0;88.0;0.0;6.0;89.0;8.2;983.9;0.0;;
2026-10-09T19:15:00+02:00;2026-10-09T23:42:05+02:00;ferme_de_sauze;IFS;45.09666;4.7589426;359.0;2026-10-18T03:00;19.3;43.9;2.0;11.9;0.0;85.0;89.0;0.0;1.0;89.0;7.8;984.1;0.0;;
2026-10-09T19:15:00+02:00;2026-10-09T23:42:05+02:00;ferme_de_sauze;IFS;45.09666;4.7589426;359.0;2026-10-18T04:00;18.4;42.8;2.0;11.3;0.0;78.0;84.0;0.0;0.0;84.0;7.3;984.4;0.0;;
2026-10-09T19:15:00+02:00;2026-10-09T23:42:05+02:00;ferme_de_sauze;IFS;45.09666;4.7589426;359.0;2026-10-18T05:00;17.3;41.8;2.0;10.7;0.0;70.0;76.0;0.0;0.0;76.0;6.9;984.6;0.0;;
2026-10-09T19:15:00+02:00;2026-10-09T23:42:05+02:00;ferme_de_sauze;IFS;45.09666;4.7589426;359.0;2026-10-18T06:00;16.4;41.0;3.0;10.1;0.0;62.0;66.0;0.0;0.0;66.0;6.5;984.8;0.0;;
2026-10-09T19:15:00+02:00;2026-10-09T23:42:05+02:00;ferme_de_sauze;IFS;45.09666;4.7589426;359.0;2026-10-18T07:00;15.9;40.3;3.0;9.8;0.0;55.0;57.0;0.0;0.0;57.0;6.2;985.0;0.0;;
2026-10-09T19:15:00+02:00;2026-10-09T23:42:05+02:00;ferme_de_sauze;IFS;45.09666;4.7589426;359.0;2026-10-18T08:00;15.7;40.3;4.0;9.8;0.0;50.0;50.0;0.0;0.0;50.0;6.1;985.2;0.0;;
2026-10-09T19:15:00+02:00;2026-10-09T23:42:05+02:00;ferme_de_sauze;IFS;45.09666;4.7589426;359.0;2026-10-18T09:00;16.3;41.0;6.0;10.3;0.0;47.0;45.0;0.0;3.0;47.0;6.1;985.5;0.0;;
2026-10-09T19:15:00+02:00;2026-10-09T23:42:05+02:00;ferme_de_sauze;IFS;45.09666;4.7589426;359.0;2026-10-18T10:00;17.7;42.5;9.0;11.2;0.0;46.0;41.0;0.0;7.0;46.0;6.4;985.7;0.0;;
2026-10-09T19:15:00+02:00;2026-10-09T23:42:05+02:00;ferme_de_sauze;IFS;45.09666;4.7589426;359.0;2026-10-18T11:00;19.5;44.3;12.0;12.4;0.0;45.0;36.0;0.0;12.0;45.0;6.8;986.0;0.0;;
2026-10-09T19:15:00+02:00;2026-10-09T23:42:05+02:00;ferme_de_sauze;IFS;45.09666;4.7589426;359.0;2026-10-18T12:00;21.1;45.7;14.0;13.5;0.0;45.0;33.0;0.0;18.0;45.0;7.1;986.3;0.0;;
2026-10-09T19:15:00+02:00;2026-10-09T23:42:05+02:00;ferme_de_sauze;IFS;45.09666;4.7589426;359.0;2026-10-18T13:00;22.5;47.5;15.0;14.4;0.0;44.0;30.0;0.0;21.0;44.0;7.3;986.4;0.0;;
2026-10-09T19:15:00+02:00;2026-10-09T23:42:05+02:00;ferme_de_sauze;IFS;45.09666;4.7589426;359.0;2026-10-18T14:00;23.2;48.6;14.0;14.9;0.0;43.0;27.0;0.0;23.0;43.0;7.3;986.6;0.0;;
2026-10-09T19:15:00+02:00;2026-10-09T23:42:05+02:00;ferme_de_sauze;IFS;45.09666;4.7589426;359.0;2026-10-18T15:00;23.1;49.3;13.0;14.9;0.0;40.0;25.0;0.0;22.0;40.0;6.9;986.6;0.0;;
2026-10-09T19:15:00+02:00;2026-10-09T23:42:05+02:00;ferme_de_sauze;IFS;45.09666;4.7589426;359.0;2026-10-18T16:00;22.3;49.7;10.0;14.6;0.0;37.0;25.0;0.0;18.0;37.0;6.3;986.6;0.0;;
2026-10-09T19:15:00+02:00;2026-10-09T23:42:05+02:00;ferme_de_sauze;IFS;45.09666;4.7589426;359.0;2026-10-18T17:00;21.3;50.0;6.0;14.1;0.0;34.0;25.0;0.0;13.0;34.0;5.5;986.5;0.0;;
2026-10-09T19:15:00+02:00;2026-10-09T23:42:05+02:00;ferme_de_sauze;IFS;45.09666;4.7589426;359.0;2026-10-18T18:00;20.3;50.4;1.0;13.4;0.0;30.0;25.0;0.0;8.0;30.0;4.8;986.4;0.0;;
2026-10-09T19:15:00+02:00;2026-10-09T23:42:05+02:00;ferme_de_sauze;IFS;45.09666;4.7589426;359.0;2026-10-18T19:00;19.7;50.0;356.0;12.8;0.0;27.0;25.0;0.0;4.0;27.0;4.1;986.4;0.0;;
2026-10-09T19:15:00+02:00;2026-10-09T23:42:05+02:00;ferme_de_sauze;IFS;45.09666;4.7589426;359.0;2026-10-18T20:00;19.2;49.7;353.0;12.3;0.0;24.0;23.0;0.0;2.0;24.0;3.6;986.3;0.0;;
2026-10-09T19:15:00+02:00;2026-10-09T23:42:05+02:00;ferme_de_sauze;IFS;45.09666;4.7589426;359.0;2026-10-18T21:00;19.1;49.0;351.0;11.8;0.0;21.0;20.0;0.0;1.0;21.0;3.4;986.2;0.0;;
2026-10-09T19:15:00+02:00;2026-10-09T23:42:05+02:00;ferme_de_sauze;IFS;45.09666;4.7589426;359.0;2026-10-18T22:00;19.2;47.5;350.0;11.4;0.0;17.0;16.0;0.0;2.0;17.0;3.3;986.2;0.0;;
2026-10-09T19:15:00+02:00;2026-10-09T23:42:05+02:00;ferme_de_sauze;IFS;45.09666;4.7589426;359.0;2026-10-18T23:00;19.4;46.1;349.0;10.9;0.0;14.0;11.0;0.0;3.0;14.0;3.3;986.2;0.0;;
2026-10-09T19:15:00+02:00;2026-10-09T23:42:05+02:00;lyon;IFS;45.79965;4.8341236;233.0;2026-10-09T00:00;16.1;34.6;335.0;10.8;0.0;71.0;70.0;14.0;0.0;71.0;5.1;995.5;0.0;1810.0;ICON
2026-10-09T19:15:00+02:00;2026-10-09T23:42:05+02:00;lyon;IFS;45.79965;4.8341236;233.0;2026-10-09T01:00;15.2;34.9;337.0;10.5;0.0;28.0;19.0;11.0;1.0;28.0;5.0;995.5;0.0;1910.0;ICON
2026-10-09T19:15:00+02:00;2026-10-09T23:42:05+02:00;lyon;IFS;45.79965;4.8341236;233.0;2026-10-09T02:00;15.9;32.8;337.0;10.0;0.0;34.0;4.0;9.0;27.0;34.0;5.2;995.2;0.0;1810.0;ICON
2026-10-09T19:15:00+02:00;2026-10-09T23:42:05+02:00;lyon;IFS;45.79965;4.8341236;233.0;2026-10-09T03:00;15.0;33.8;337.0;9.6;0.0;10.0;4.0;7.0;0.0;10.0;5.3;995.5;0.0;1820.0;ICON
2026-10-09T19:15:00+02:00;2026-10-09T23:42:05+02:00;lyon;IFS;45.79965;4.8341236;233.0;2026-10-09T04:00;14.0;32.0;334.0;9.1;0.0;21.0;12.0;4.0;8.0;21.0;5.2;995.2;0.0;2870.0;ICON
2026-10-09T19:15:00+02:00;2026-10-09T23:42:05+02:00;lyon;IFS;45.79965;4.8341236;233.0;2026-10-09T05:00;13.5;29.9;333.0;8.8;0.0;9.0;6.0;3.0;1.0;9.0;5.0;995.2;0.0;3040.0;ICON
2026-10-09T19:15:00+02:00;2026-10-09T23:42:05+02:00;lyon;IFS;45.79965;4.8341236;233.0;2026-10-09T06:00;13.0;29.2;332.0;8.4;0.0;9.0;7.0;2.0;0.0;9.0;4.8;995.3;0.0;3100.0;ICON
2026-10-09T19:15:00+02:00;2026-10-09T23:42:05+02:00;lyon;IFS;45.79965;4.8341236;233.0;2026-10-09T07:00;11.8;27.7;335.0;7.9;0.0;6.0;3.0;2.0;2.0;6.0;4.7;995.5;0.0;3410.0;ICON
2026-10-09T19:15:00+02:00;2026-10-09T23:42:05+02:00;lyon;IFS;45.79965;4.8341236;233.0;2026-10-09T08:00;11.0;24.8;337.0;7.5;0.0;3.0;1.0;0.0;2.0;3.0;4.9;995.8;0.0;3280.0;ICON
2026-10-09T19:15:00+02:00;2026-10-09T23:42:05+02:00;lyon;IFS;45.79965;4.8341236;233.0;2026-10-09T09:00;11.3;23.8;335.0;8.5;0.0;48.0;4.0;0.0;45.0;48.0;5.4;996.2;0.0;3450.0;ICON
2026-10-09T19:15:00+02:00;2026-10-09T23:42:05+02:00;lyon;IFS;45.79965;4.8341236;233.0;2026-10-09T10:00;13.6;30.2;331.0;10.0;0.0;14.0;0.0;0.0;14.0;14.0;5.3;996.5;0.0;3470.0;ICON
2026-10-09T19:15:00+02:00;2026-10-09T23:42:05+02:00;lyon;IFS;45.79965;4.8341236;233.0;2026-10-09T11:00;14.9;34.9;337.0;11.6;0.0;5.0;1.0;0.0;4.0;5.0;5.2;996.8;0.0;3440.0;ICON
2026-10-09T19:15:00+02:00;2026-10-09T23:42:05+02:00;lyon;IFS;45.79965;4.8341236;233.0;2026-10-09T12:00;14.4;36.0;342.0;12.7;0.0;11.0;0.0;0.0;11.0;11.0;4.3;996.6;0.0;3480.0;ICON
2026-10-09T19:15:00+02:00;2026-10-09T23:42:05+02:00;lyon;IFS;45.79965;4.8341236;233.0;2026-10-09T13:00;12.8;34.2;341.0;13.5;0.0;22.0;0.0;2.0;21.0;22.0;3.7;996.3;0.0;3330.0;ICON
2026-10-09T19:15:00+02:00;2026-10-09T23:42:05+02:00;lyon;IFS;45.79965;4.8341236;233.0;2026-10-09T14:00;10.0;31.7;346.0;14.6;0.0;26.0;0.0;0.0;26.0;26.0;4.2;996.0;0.0;3240.0;ICON
2026-10-09T19:15:00+02:00;2026-10-09T23:42:05+02:00;lyon;IFS;45.79965;4.8341236;233.0;2026-10-09T15:00;9.6;25.2;348.0;14.9;0.0;69.0;0.0;6.0;66.0;69.0;3.9;995.2;0.0;3220.0;ICON
2026-10-09T19:15:00+02:00;2026-10-09T23:42:05+02:00;lyon;IFS;45.79965;4.8341236;233.0;2026-10-09T16:00;10.5;26.6;348.0;14.9;0.0;93.0;2.0;81.0;63.0;93.0;3.3;995.0;0.0;3260.0;ICON
2026-10-09T19:15:00+02:00;2026-10-09T23:42:05+02:00;lyon;IFS;45.79965;4.8341236;233.0;2026-10-09T17:00;9.4;25.9;356.0;14.4;0.0;100.0;100.0;84.0;79.0;100.0;3.3;994.8;0.0;3290.0;ICON
2026-10-09T19:15:00+02:00;2026-10-09T23:42:05+02:00;lyon;IFS;45.79965;4.8341236;233.0;2026-10-09T18:00;9.1;22.0;350.0;13.9;0.0;100.0;100.0;100.0;84.0;100.0;4.1;994.5;0.0;3220.0;ICON
2026-10-09T19:15:00+02:00;2026-10-09T23:42:05+02:00;lyon;IFS;45.79965;4.8341236;233.0;2026-10-09T19:00;6.8;20.2;348.0;13.5;0.0;100.0;100.0;100.0;73.0;100.0;5.4;994.6;0.0;3150.0;ICON
2026-10-09T19:15:00+02:00;2026-10-09T23:42:05+02:00;lyon;IFS;45.79965;4.8341236;233.0;2026-10-09T20:00;8.0;16.9;342.0;13.2;0.0;100.0;100.0;100.0;88.0;100.0;5.9;994.6;0.0;3220.0;ICON
2026-10-09T19:15:00+02:00;2026-10-09T23:42:05+02:00;lyon;IFS;45.79965;4.8341236;233.0;2026-10-09T21:00;6.7;17.3;346.0;12.6;0.0;100.0;94.0;100.0;86.0;100.0;6.8;994.6;0.0;3220.0;ICON
2026-10-09T19:15:00+02:00;2026-10-09T23:42:05+02:00;lyon;IFS;45.79965;4.8341236;233.0;2026-10-09T22:00;4.4;14.4;351.0;11.9;0.3;100.0;100.0;100.0;95.0;100.0;8.2;994.4;0.0;3190.0;ICON
2026-10-09T19:15:00+02:00;2026-10-09T23:42:05+02:00;lyon;IFS;45.79965;4.8341236;233.0;2026-10-09T23:00;2.9;9.7;22.0;11.5;0.4;100.0;98.0;98.0;91.0;100.0;9.2;994.2;0.0;3150.0;ICON
2026-10-09T19:15:00+02:00;2026-10-09T23:42:05+02:00;lyon;IFS;45.79965;4.8341236;233.0;2026-10-10T00:00;3.1;6.5;114.0;11.4;0.0;100.0;99.0;73.0;87.0;100.0;9.5;993.9;0.0;2990.0;ICON
2026-10-09T19:15:00+02:00;2026-10-09T23:42:05+02:00;lyon;IFS;45.79965;4.8341236;233.0;2026-10-10T01:00;4.2;8.3;115.0;11.5;0.0;100.0;100.0;99.0;91.0;100.0;9.7;993.5;0.0;2980.0;ICON
2026-10-09T19:15:00+02:00;2026-10-09T23:42:05+02:00;lyon;IFS;45.79965;4.8341236;233.0;2026-10-10T02:00;4.1;9.0;135.0;11.5;0.0;100.0;100.0;99.0;75.0;100.0;9.8;993.1;0.0;2950.0;ICON
2026-10-09T19:15:00+02:00;2026-10-09T23:42:05+02:00;lyon;IFS;45.79965;4.8341236;233.0;2026-10-10T03:00;4.5;9.4;137.0;11.5;0.0;100.0;100.0;100.0;76.0;100.0;9.7;992.8;0.0;2950.0;ICON
2026-10-09T19:15:00+02:00;2026-10-09T23:42:05+02:00;lyon;IFS;45.79965;4.8341236;233.0;2026-10-10T04:00;5.1;10.8;148.0;11.4;0.1;100.0;100.0;100.0;94.0;100.0;9.6;992.2;0.0;2910.0;ICON
2026-10-09T19:15:00+02:00;2026-10-09T23:42:05+02:00;lyon;IFS;45.79965;4.8341236;233.0;2026-10-10T05:00;5.7;11.5;148.0;11.2;0.6;100.0;100.0;100.0;5.0;100.0;9.9;991.5;0.0;2930.0;ICON
2026-10-09T19:15:00+02:00;2026-10-09T23:42:05+02:00;lyon;IFS;45.79965;4.8341236;233.0;2026-10-10T06:00;6.1;11.2;150.0;11.1;0.3;100.0;100.0;91.0;0.0;100.0;10.2;990.9;0.0;2920.0;ICON
2026-10-09T19:15:00+02:00;2026-10-09T23:42:05+02:00;lyon;IFS;45.79965;4.8341236;233.0;2026-10-10T07:00;5.8;11.9;146.0;11.3;0.0;100.0;100.0;70.0;0.0;100.0;10.3;990.9;0.0;2940.0;ICON
2026-10-09T19:15:00+02:00;2026-10-09T23:42:05+02:00;lyon;IFS;45.79965;4.8341236;233.0;2026-10-10T08:00;4.7;10.4;137.0;11.5;0.0;96.0;64.0;90.0;0.0;96.0;10.6;990.8;0.0;2860.0;ICON
2026-10-09T19:15:00+02:00;2026-10-09T23:42:05+02:00;lyon;IFS;45.79965;4.8341236;233.0;2026-10-10T09:00;6.1;12.6;133.0;11.9;0.0;73.0;66.0;27.0;0.0;73.0;11.0;991.0;0.0;2850.0;ICON
2026-10-09T19:15:00+02:00;2026-10-09T23:42:05+02:00;lyon;IFS;45.79965;4.8341236;233.0;2026-10-10T10:00;6.3;16.2;143.0;13.0;0.0;100.0;100.0;16.0;0.0;100.0;11.3;991.1;0.0;2860.0;ICON
2026-10-09T19:15:00+02:00;2026-10-09T23:42:05+02:00;lyon;IFS;45.79965;4.8341236;233.0;2026-10-10T11:00;5.6;16.2;149.0;14.2;0.0;95.0;94.0;43.0;0.0;95.0;11.6;991.2;0.0;2850.0;ICON
2026-10-09T19:15:00+02:00;2026-10-09T23:42:05+02:00;lyon;IFS;45.79965;4.8341236;233.0;2026-10-10T12:00;6.0;16.2;143.0;15.0;0.1;39.0;35.0;15.0;0.0;39.0;11.8;991.0;0.0;2870.0;ICON
2026-10-09T19:15:00+02:00;2026-10-09T23:42:05+02:00;lyon;IFS;45.79965;4.8341236;233.0;2026-10-10T13:00;6.9;19.8;141.0;16.9;0.0;94.0;91.0;39.0;0.0;94.0;11.9;990.6;0.0;2830.0;ICON
2026-10-09T19:15:00+02:00;2026-10-09T23:42:05+02:00;lyon;IFS;45.79965;4.8341236;233.0;2026-10-10T14:00;4.6;19.4;149.0;16.7;0.1;81.0;45.0;76.0;0.0;81.0;12.1;990.1;0.0;2820.0;ICON
2026-10-09T19:15:00+02:00;2026-10-09T23:42:05+02:00;lyon;IFS;45.79965;4.8341236;233.0;2026-10-10T15:00;0.7;13.3;180.0;17.3;0.1;91.0;35.0;89.0;0.0;91.0;12.2;989.3;0.0;2700.0;ICON
2026-10-09T19:15:00+02:00;2026-10-09T23:42:05+02:00;lyon;IFS;45.79965;4.8341236;233.0;2026-10-10T16:00;2.6;14.4;282.0;17.5;0.0;72.0;64.0;29.0;0.0;72.0;12.2;988.9;0.0;2610.0;ICON
2026-10-09T19:15:00+02:00;2026-10-09T23:42:05+02:00;lyon;IFS;45.79965;4.8341236;233.0;2026-10-10T17:00;5.1;15.8;321.0;17.4;0.1;75.0;70.0;20.0;0.0;75.0;12.5;988.7;0.0;2610.0;ICON
2026-10-09T19:15:00+02:00;2026-10-09T23:42:05+02:00;lyon;IFS;45.79965;4.8341236;233.0;2026-10-10T18:00;8.2;16.9;328.0;16.9;0.3;17.0;16.0;5.0;0.0;17.0;12.7;988.7;0.0;2570.0;ICON
2026-10-09T19:15:00+02:00;2026-10-09T23:42:05+02:00;lyon;IFS;45.79965;4.8341236;233.0;2026-10-10T19:00;9.8;20.2;322.0;15.3;0.0;11.0;11.0;3.0;0.0;11.0;12.0;988.9;0.0;2690.0;ICON
2026-10-09T19:15:00+02:00;2026-10-09T23:42:05+02:00;lyon;IFS;45.79965;4.8341236;233.0;2026-10-10T20:00;5.1;19.1;324.0;13.8;0.0;16.0;16.0;1.0;0.0;16.0;11.6;989.3;0.0;2580.0;ICON
2026-10-09T19:15:00+02:00;2026-10-09T23:42:05+02:00;lyon;IFS;45.79965;4.8341236;233.0;2026-10-10T21:00;3.4;10.1;344.0;12.6;0.0;17.0;17.0;0.0;0.0;17.0;11.2;989.6;0.0;2720.0;ICON
2026-10-09T19:15:00+02:00;2026-10-09T23:42:05+02:00;lyon;IFS;45.79965;4.8341236;233.0;2026-10-10T22:00;4.0;7.6;352.0;11.8;0.0;14.0;14.0;0.0;0.0;14.0;10.8;989.6;0.0;2910.0;ICON
2026-10-09T19:15:00+02:00;2026-10-09T23:42:05+02:00;lyon;IFS;45.79965;4.8341236;233.0;2026-10-10T23:00;4.2;8.6;329.0;11.2;0.0;15.0;15.0;0.0;0.0;15.0;10.3;989.9;0.0;2910.0;ICON
2026-10-09T19:15:00+02:00;2026-10-09T23:42:05+02:00;lyon;IFS;45.79965;4.8341236;233.0;2026-10-11T00:00;4.1;8.6;308.0;10.4;0.0;11.0;11.0;0.0;0.0;11.0;9.7;989.9;0.0;3020.0;ICON
2026-10-09T19:15:00+02:00;2026-10-09T23:42:05+02:00;lyon;IFS;45.79965;4.8341236;233.0;2026-10-11T01:00;4.8;9.4;295.0;9.7;0.0;3.0;3.0;0.0;0.0;3.0;8.9;989.8;0.0;3040.0;ICON
2026-10-09T19:15:00+02:00;2026-10-09T23:42:05+02:00;lyon;IFS;45.79965;4.8341236;233.0;2026-10-11T02:00;5.1;10.1;288.0;9.0;0.0;10.0;2.0;0.0;9.0;10.0;8.2;989.6;0.0;3180.0;ICON
2026-10-09T19:15:00+02:00;2026-10-09T23:42:05+02:00;lyon;IFS;45.79965;4.8341236;233.0;2026-10-11T03:00;5.0;10.4;291.0;8.3;0.0;52.0;1.0;0.0;52.0;52.0;7.5;989.3;0.0;3200.0;ICON
2026-10-09T19:15:00+02:00;2026-10-09T23:42:05+02:00;lyon;IFS;45.79965;4.8341236;233.0;2026-10-11T04:00;5.1;9.7;293.0;7.8;0.0;90.0;1.0;1.0;90.0;90.0;7.1;988.9;0.0;3210.0;ICON
2026-10-09T19:15:00+02:00;2026-10-09T23:42:05+02:00;lyon;IFS;45.79965;4.8341236;233.0;2026-10-11T05:00;4.8;9.7;299.0;7.6;0.0;94.0;1.0;0.0;94.0;94.0;6.7;988.6;0.0;3170.0;ICON
2026-10-09T19:15:00+02:00;2026-10-09T23:42:05+02:00;lyon;IFS;45.79965;4.8341236;233.0;2026-10-11T06:00;3.5;9.0;298.0;7.4;0.0;94.0;0.0;0.0;94.0;94.0;6.5;988.5;0.0;3130.0;ICON
2026-10-09T19:15:00+02:00;2026-10-09T23:42:05+02:00;lyon;IFS;45.79965;4.8341236;233.0;2026-10-11T07:00;2.0;6.5;280.0;7.4;0.0;98.0;0.0;0.0;98.0;98.0;6.5;988.4;0.0;3090.0;ICON
2026-10-09T19:15:00+02:00;2026-10-09T23:42:05+02:00;lyon;IFS;45.79965;4.8341236;233.0;2026-10-11T08:00;1.2;4.3;297.0;7.3;0.0;94.0;0.0;0.0;94.0;94.0;6.7;988.5;0.0;3120.0;ICON
2026-10-09T19:15:00+02:00;2026-10-09T23:42:05+02:00;lyon;IFS;45.79965;4.8341236;233.0;2026-10-11T09:00;3.1;7.6;350.0;8.2;0.0;94.0;0.0;0.0;94.0;94.0;7.9;988.9;0.0;3190.0;ICON
2026-10-09T19:15:00+02:00;2026-10-09T23:42:05+02:00;lyon;IFS;45.79965;4.8341236;233.0;2026-10-11T10:00;2.2;9.4;360.0;10.1;0.0;96.0;0.0;0.0;96.0;96.0;8.6;989.1;0.0;3190.0;ICON
2026-10-09T19:15:00+02:00;2026-10-09T23:42:05+02:00;lyon;IFS;45.79965;4.8341236;233.0;2026-10-11T11:00;3.5;13.0;345.0;12.3;0.0;84.0;0.0;9.0;84.0;84.0;8.3;989.4;0.0;3190.0;ICON
2026-10-09T19:15:00+02:00;2026-10-09T23:42:05+02:00;lyon;IFS;45.79965;4.8341236;233.0;2026-10-11T12:00;6.7;19.1;352.0;14.0;0.0;70.0;0.0;17.0;65.0;70.0;7.3;988.9;0.0;3170.0;ICON
2026-10-09T19:15:00+02:00;2026-10-09T23:42:05+02:00;lyon;IFS;45.79965;4.8341236;233.0;2026-10-11T13:00;9.4;24.8;355.0;14.9;0.0;95.0;72.0;16.0;79.0;95.0;6.6;988.8;0.0;3140.0;ICON
2026-10-09T19:15:00+02:00;2026-10-09T23:42:05+02:00;lyon;IFS;45.79965;4.8341236;233.0;2026-10-11T14:00;9.9;25.6;351.0;15.3;0.0;100.0;99.0;66.0;98.0;100.0;6.7;988.7;0.0;3100.0;ICON
2026-10-09T19:15:00+02:00;2026-10-09T23:42:05+02:00;lyon;IFS;45.79965;4.8341236;233.0;2026-10-11T15:00;9.1;25.6;353.0;15.5;0.0;100.0;100.0;84.0;82.0;100.0;6.9;988.2;0.0;3070.0;ICON
2026-10-09T19:15:00+02:00;2026-10-09T23:42:05+02:00;lyon;IFS;45.79965;4.8341236;233.0;2026-10-11T16:00;9.6;24.1;354.0;15.6;0.0;86.0;24.0;67.0;63.0;86.0;6.9;988.2;0.0;3130.0;ICON
2026-10-09T19:15:00+02:00;2026-10-09T23:42:05+02:00;lyon;IFS;45.79965;4.8341236;233.0;2026-10-11T17:00;9.8;24.1;5.0;15.2;0.0;97.0;5.0;91.0;86.0;97.0;6.8;988.0;0.0;3230.0;ICON
2026-10-09T19:15:00+02:00;2026-10-09T23:42:05+02:00;lyon;IFS;45.79965;4.8341236;233.0;2026-10-11T18:00;8.7;23.0;18.0;14.4;0.0;95.0;2.0;84.0;66.0;95.0;7.0;987.8;0.0;3252.5;ICON
2026-10-09T19:15:00+02:00;2026-10-09T23:42:05+02:00;lyon;IFS;45.79965;4.8341236;233.0;2026-10-11T19:00;7.0;18.7;23.0;13.3;0.0;89.0;0.0;68.0;66.0;89.0;7.2;988.0;0.0;3105.0;ICON
2026-10-09T19:15:00+02:00;2026-10-09T23:42:05+02:00;lyon;IFS;45.79965;4.8341236;233.0;2026-10-11T20:00;7.0;14.8;13.0;12.6;0.0;90.0;2.0;28.0;86.0;90.0;7.4;988.5;0.0;3140.0;ICON
2026-10-09T19:15:00+02:00;2026-10-09T23:42:05+02:00;lyon;IFS;45.79965;4.8341236;233.0;2026-10-11T21:00;5.2;14.4;348.0;11.7;0.0;40.0;2.0;37.0;4.0;40.0;7.6;988.9;0.0;3130.0;ICON
2026-10-09T19:15:00+02:00;2026-10-09T23:42:05+02:00;lyon;IFS;45.79965;4.8341236;233.0;2026-10-11T22:00;4.2;10.8;320.0;10.8;0.0;15.0;2.0;14.0;0.0;15.0;7.7;989.3;0.0;3030.0;ICON
2026-10-09T19:15:00+02:00;2026-10-09T23:42:05+02:00;lyon;IFS;45.79965;4.8341236;233.0;2026-10-11T23:00;4.5;9.4;304.0;10.2;0.0;8.0;0.0;8.0;0.0;8.0;7.5;989.4;0.0;3040.0;ICON
2026-10-09T19:15:00+02:00;2026-10-09T23:42:05+02:00;lyon;IFS;45.79965;4.8341236;233.0;2026-10-12T00:00;4.9;10.1;309.0;9.5;0.0;2.0;0.0;2.0;0.0;2.0;7.3;989.6;0.0;3060.0;ICON
2026-10-09T19:15:00+02:00;2026-10-09T23:42:05+02:00;lyon;IFS;45.79965;4.8341236;233.0;2026-10-12T01:00;4.8;10.1;315.0;9.0;0.0;2.0;0.0;2.0;0.0;2.0;6.9;989.7;0.0;3030.0;ICON
2026-10-09T19:15:00+02:00;2026-10-09T23:42:05+02:00;lyon;IFS;45.79965;4.8341236;233.0;2026-10-12T02:00;5.4;10.8;310.0;8.7;0.0;0.0;0.0;0.0;0.0;0.0;6.6;989.8;0.0;3020.0;ICON
2026-10-09T19:15:00+02:00;2026-10-09T23:42:05+02:00;lyon;IFS;45.79965;4.8341236;233.0;2026-10-12T03:00;6.4;13.0;313.0;8.5;0.0;0.0;0.0;0.0;0.0;0.0;6.3;990.0;0.0;3030.0;ICON
2026-10-09T19:15:00+02:00;2026-10-09T23:42:05+02:00;lyon;IFS;45.79965;4.8341236;233.0;2026-10-12T04:00;6.9;14.0;313.0;8.2;0.0;8.0;0.0;0.0;8.0;8.0;6.0;990.1;0.0;3010.0;ICON
2026-10-09T19:15:00+02:00;2026-10-09T23:42:05+02:00;lyon;IFS;45.79965;4.8341236;233.0;2026-10-12T05:00;6.7;14.0;314.0;7.8;0.0;8.0;0.0;0.0;8.0;8.0;5.8;990.1;0.0;3030.0;ICON
2026-10-09T19:15:00+02:00;2026-10-09T23:42:05+02:00;lyon;IFS;45.79965;4.8341236;233.0;2026-10-12T06:00;6.7;13.7;316.0;7.5;0.0;17.0;0.0;0.0;17.0;17.0;5.7;990.5;0.0;3070.0;ICON
2026-10-09T19:15:00+02:00;2026-10-09T23:42:05+02:00;lyon;IFS;45.79965;4.8341236;233.0;2026-10-12T07:00;6.3;13.7;321.0;7.3;0.0;41.0;0.0;0.0;41.0;41.0;5.5;991.1;0.0;3100.0;ICON
2026-10-09T19:15:00+02:00;2026-10-09T23:42:05+02:00;lyon;IFS;45.79965;4.8341236;233.0;2026-10-12T08:00;5.5;12.6;316.0;7.1;0.0;14.0;0.0;0.0;14.0;14.0;5.3;991.4;0.0;3210.0;ICON
2026-10-09T19:15:00+02:00;2026-10-09T23:42:05+02:00;lyon;IFS;45.79965;4.8341236;233.0;2026-10-12T09:00;6.5;12.2;314.0;8.5;0.0;6.0;0.0;0.0;6.0;6.0;6.1;992.2;0.0;3330.0;ICON
2026-10-09T19:15:00+02:00;2026-10-09T23:42:05+02:00;lyon;IFS;45.79965;4.8341236;233.0;2026-10-12T10:00;4.2;13.0;313.0;10.7;0.0;8.0;0.0;0.0;8.0;8.0;6.8;993.1;0.0;3440.0;ICON
2026-10-09T19:15:00+02:00;2026-10-09T23:42:05+02:00;lyon;IFS;45.79965;4.8341236;233.0;2026-10-12T11:00;5.5;16.6;319.0;12.5;0.0;27.0;0.0;0.0;27.0;27.0;6.8;993.5;0.0;3600.0;ICON
2026-10-09T19:15:00+02:00;2026-10-09T23:42:05+02:00;lyon;IFS;45.79965;4.8341236;233.0;2026-10-12T12:00;7.2;20.5;333.0;13.9;0.0;16.0;0.0;0.0;16.0;16.0;7.2;993.5;0.0;3690.0;ICON
2026-10-09T19:15:00+02:00;2026-10-09T23:42:05+02:00;lyon;IFS;45.79965;4.8341236;233.0;2026-10-12T13:00;8.3;23.0;338.0;15.2;0.0;5.0;0.0;0.0;5.0;5.0;7.5;993.5;0.0;3650.0;ICON
2026-10-09T19:15:00+02:00;2026-10-09T23:42:05+02:00;lyon;IFS;45.79965;4.8341236;233.0;2026-10-12T14:00;8.6;23.4;344.0;16.2;0.0;15.0;0.0;0.0;15.0;15.0;7.3;993.5;0.0;3690.0;ICON
2026-10-09T19:15:00+02:00;2026-10-09T23:42:05+02:00;lyon;IFS;45.79965;4.8341236;233.0;2026-10-12T15:00;8.8;23.8;343.0;16.9;0.0;14.0;0.0;0.0;14.0;14.0;7.2;993.2;0.0;3730.0;ICON
2026-10-09T19:15:00+02:00;2026-10-09T23:42:05+02:00;lyon;IFS;45.79965;4.8341236;233.0;2026-10-12T16:00;8.7;23.0;343.0;17.2;0.0;17.0;0.0;0.0;17.0;17.0;7.2;993.4;0.0;3710.0;ICON
2026-10-09T19:15:00+02:00;2026-10-09T23:42:05+02:00;lyon;IFS;45.79965;4.8341236;233.0;2026-10-12T17:00;8.0;22.3;352.0;17.0;0.0;37.0;0.0;0.0;37.0;37.0;7.3;993.5;0.0;3730.0;ICON
2026-10-09T19:15:00+02:00;2026-10-09T23:42:05+02:00;lyon;IFS;45.79965;4.8341236;233.0;2026-10-12T18:00;6.3;19.4;345.0;16.2;0.0;44.0;0.0;0.0;44.0;44.0;8.1;993.8;0.0;3740.0;ICON
2026-10-09T19:15:00+02:00;2026-10-09T23:42:05+02:00;lyon;IFS;45.79965;4.8341236;233.0;2026-10-12T19:00;5.4;13.3;339.0;14.1;0.0;28.0;0.0;0.0;28.0;28.0;8.6;993.9;0.0;3690.0;ICON
2026-10-09T19:15:00+02:00;2026-10-09T23:42:05+02:00;lyon;IFS;45.79965;4.8341236;233.0;2026-10-12T20:00;5.6;11.2;335.0;13.1;0.0;19.0;0.0;0.0;19.0;19.0;8.4;994.3;0.0;3670.0;ICON
2026-10-09T19:15:00+02:00;2026-10-09T23:42:05+02:00;lyon;IFS;45.79965;4.8341236;233.0;2026-10-12T21:00;5.0;10.8;322.0;12.4;0.0;55.0;0.0;0.0;55.0;55.0;8.3;994.8;0.0;3710.0;ICON
2026-10-09T19:15:00+02:00;2026-10-09T23:42:05+02:00;lyon;IFS;45.79965;4.8341236;233.0;2026-10-12T22:00;4.5;9.7;307.0;11.7;0.0;50.0;0.0;0.0;50.0;50.0;8.2;995.0;0.0;3740.0;ICON
2026-10-09T19:15:00+02:00;2026-10-09T23:42:05+02:00;lyon;IFS;45.79965;4.8341236;233.0;2026-10-12T23:00;4.6;9.4;301.0;11.1;0.0;70.0;0.0;0.0;70.0;70.0;8.1;995.1;0.0;3780.0;ICON
2026-10-09T19:15:00+02:00;2026-10-09T23:42:05+02:00;lyon;IFS;45.79965;4.8341236;233.0;2026-10-13T00:00;4.4;9.4;297.0;10.6;0.0;67.0;0.0;0.0;67.0;67.0;8.0;995.3;0.0;3760.0;ICON
2026-10-09T19:15:00+02:00;2026-10-09T23:42:05+02:00;lyon;IFS;45.79965;4.8341236;233.0;2026-10-13T01:00;4.3;8.6;303.0;10.1;0.0;60.0;0.0;0.0;60.0;60.0;7.6;995.5;0.0;3740.0;ICON
2026-10-09T19:15:00+02:00;2026-10-09T23:42:05+02:00;lyon;IFS;45.79965;4.8341236;233.0;2026-10-13T02:00;2.8;7.9;310.0;10.0;0.0;1.0;0.0;0.0;1.0;1.0;7.4;995.6;0.0;3720.0;ICON
2026-10-09T19:15:00+02:00;2026-10-09T23:42:05+02:00;lyon;IFS;45.79965;4.8341236;233.0;2026-10-13T03:00;1.4;5.4;337.0;9.7;0.0;0.0;0.0;0.0;0.0;0.0;7.2;995.8;0.0;3730.0;ICON
2026-10-09T19:15:00+02:00;2026-10-09T23:42:05+02:00;lyon;IFS;45.79965;4.8341236;233.0;2026-10-13T04:00;0.4;3.2;117.0;9.4;0.0;0.0;0.0;0.0;0.0;0.0;7.3;995.8;0.0;3740.0;ICON
2026-10-09T19:15:00+02:00;2026-10-09T23:42:05+02:00;lyon;IFS;45.79965;4.8341236;233.0;2026-10-13T05:00;0.3;1.8;135.0;9.0;0.0;0.0;0.0;0.0;0.0;0.0;7.6;995.9;0.0;3750.0;ICON
2026-10-09T19:15:00+02:00;2026-10-09T23:42:05+02:00;lyon;IFS;45.79965;4.8341236;233.0;2026-10-13T06:00;0.3;1.4;45.0;8.7;0.0;0.0;0.0;0.0;0.0;0.0;7.8;996.1;0.0;3770.0;ICON
2026-10-09T19:15:00+02:00;2026-10-09T23:42:05+02:00;lyon;IFS;45.79965;4.8341236;233.0;2026-10-13T07:00;0.7;2.2;14.0;8.5;0.0;0.0;0.0;0.0;0.0;0.0;7.8;996.6;0.0;3780.0;ICON
2026-10-09T19:15:00+02:00;2026-10-09T23:42:05+02:00;lyon;IFS;45.79965;4.8341236;233.0;2026-10-13T08:00;1.3;3.2;8.0;8.2;0.0;0.0;0.0;0.0;0.0;0.0;7.6;997.2;0.0;3800.0;ICON
2026-10-09T19:15:00+02:00;2026-10-09T23:42:05+02:00;lyon;IFS;45.79965;4.8341236;233.0;2026-10-13T09:00;0.9;4.7;360.0;9.6;0.0;0.0;0.0;0.0;0.0;0.0;8.0;997.9;0.0;3800.0;ICON
2026-10-09T19:15:00+02:00;2026-10-09T23:42:05+02:00;lyon;IFS;45.79965;4.8341236;233.0;2026-10-13T10:00;0.4;6.8;333.0;11.7;0.0;0.0;0.0;0.0;0.0;0.0;8.5;998.6;0.0;3810.0;ICON
2026-10-09T19:15:00+02:00;2026-10-09T23:42:05+02:00;lyon;IFS;45.79965;4.8341236;233.0;2026-10-13T11:00;0.4;8.6;270.0;13.6;0.0;0.0;0.0;0.0;0.0;0.0;8.9;999.2;0.0;3810.0;ICON
2026-10-09T19:15:00+02:00;2026-10-09T23:42:05+02:00;lyon;IFS;45.79965;4.8341236;233.0;2026-10-13T12:00;0.5;10.1;315.0;15.4;0.0;1.0;0.0;0.0;1.0;1.0;9.0;999.3;0.0;3820.0;ICON
2026-10-09T19:15:00+02:00;2026-10-09T23:42:05+02:00;lyon;IFS;45.79965;4.8341236;233.0;2026-10-13T13:00;1.1;11.2;342.0;17.0;0.0;2.0;0.0;0.0;2.0;2.0;8.9;999.2;0.0;3820.0;ICON
2026-10-09T19:15:00+02:00;2026-10-09T23:42:05+02:00;lyon;IFS;45.79965;4.8341236;233.0;2026-10-13T14:00;2.0;11.9;355.0;18.3;0.0;9.0;0.0;0.0;9.0;9.0;8.8;999.1;0.0;3830.0;ICON
2026-10-09T19:15:00+02:00;2026-10-09T23:42:05+02:00;lyon;IFS;45.79965;4.8341236;233.0;2026-10-13T15:00;2.9;12.6;7.0;19.2;0.0;27.0;0.0;0.0;27.0;27.0;8.6;999.1;0.0;3800.0;ICON
2026-10-09T19:15:00+02:00;2026-10-09T23:42:05+02:00;lyon;IFS;45.79965;4.8341236;233.0;2026-10-13T16:00;4.1;13.0;15.0;19.7;0.0;49.0;0.0;0.0;49.0;49.0;8.4;999.0;0.0;3760.0;ICON
2026-10-09T19:15:00+02:00;2026-10-09T23:42:05+02:00;lyon;IFS;45.79965;4.8341236;233.0;2026-10-13T17:00;4.7;13.3;16.0;19.6;0.0;63.0;0.0;0.0;63.0;63.0;8.4;999.0;0.0;3730.0;ICON
2026-10-09T19:15:00+02:00;2026-10-09T23:42:05+02:00;lyon;IFS;45.79965;4.8341236;233.0;2026-10-13T18:00;4.5;13.3;7.0;18.5;0.0;57.0;0.0;0.0;57.0;57.0;9.1;999.2;0.0;3870.0;ICON
2026-10-09T19:15:00+02:00;2026-10-09T23:42:05+02:00;lyon;IFS;45.79965;4.8341236;233.0;2026-10-13T19:00;4.2;13.0;350.0;16.7;0.0;41.0;0.0;0.0;41.0;41.0;10.0;999.4;0.0;4020.0;ICON
2026-10-09T19:15:00+02:00;2026-10-09T23:42:05+02:00;lyon;IFS;45.79965;4.8341236;233.0;2026-10-13T20:00;4.2;12.2;335.0;15.2;0.0;35.0;0.0;0.0;35.0;35.0;10.7;999.8;0.0;4160.0;ICON
2026-10-09T19:15:00+02:00;2026-10-09T23:42:05+02:00;lyon;IFS;45.79965;4.8341236;233.0;2026-10-13T21:00;4.1;11.2;326.0;14.3;0.0;49.0;0.0;0.0;49.0;49.0;10.6;1000.2;0.0;3950.0;ICON
2026-10-09T19:15:00+02:00;2026-10-09T23:42:05+02:00;lyon;IFS;45.79965;4.8341236;233.0;2026-10-13T22:00;3.8;9.7;319.0;13.8;0.0;73.0;0.0;0.0;73.0;73.0;10.2;1000.5;0.0;3730.0;ICON
2026-10-09T19:15:00+02:00;2026-10-09T23:42:05+02:00;lyon;IFS;45.79965;4.8341236;233.0;2026-10-13T23:00;3.7;8.6;313.0;13.4;0.0;89.0;1.0;1.0;89.0;89.0;9.9;1000.9;0.0;3520.0;ICON
2026-10-09T19:15:00+02:00;2026-10-09T23:42:05+02:00;lyon;IFS;45.79965;4.8341236;233.0;2026-10-14T00:00;3.6;8.3;311.0;13.0;0.0;90.0;5.0;4.0;88.0;90.0;10.1;1001.1;0.0;3570.0;ICON
2026-10-09T19:15:00+02:00;2026-10-09T23:42:05+02:00;lyon;IFS;45.79965;4.8341236;233.0;2026-10-14T01:00;3.6;8.6;311.0;12.6;0.0;83.0;9.0;7.0;80.0;83.0;10.4;1001.3;0.0;3630.0;ICON
2026-10-09T19:15:00+02:00;2026-10-09T23:42:05+02:00;lyon;IFS;45.79965;4.8341236;233.0;2026-10-14T02:00;3.7;8.6;313.0;12.4;0.0;80.0;12.0;9.0;76.0;80.0;10.6;1001.4;0.0;3680.0;ICON
2026-10-09T19:15:00+02:00;2026-10-09T23:42:05+02:00;lyon;IFS;45.79965;4.8341236;233.0;2026-10-14T03:00;3.9;8.6;317.0;12.3;0.0;84.0;11.0;7.0;81.0;84.0;10.8;1001.4;0.0;3710.0;ICON
2026-10-09T19:15:00+02:00;2026-10-09T23:42:05+02:00;lyon;IFS;45.79965;4.8341236;233.0;2026-10-14T04:00;4.3;8.6;318.0;12.3;0.0;91.0;7.0;4.0;90.0;91.0;10.9;1001.4;0.0;3750.0;ICON
2026-10-09T19:15:00+02:00;2026-10-09T23:42:05+02:00;lyon;IFS;45.79965;4.8341236;233.0;2026-10-14T05:00;4.2;8.6;320.0;12.2;0.0;96.0;5.0;1.0;96.0;96.0;10.9;1001.4;0.0;3780.0;ICON
2026-10-09T19:15:00+02:00;2026-10-09T23:42:05+02:00;lyon;IFS;45.79965;4.8341236;233.0;2026-10-14T06:00;3.3;8.6;319.0;11.7;0.0;98.0;4.0;0.0;98.0;98.0;10.7;1001.6;0.0;3870.0;ICON
2026-10-09T19:15:00+02:00;2026-10-09T23:42:05+02:00;lyon;IFS;45.79965;4.8341236;233.0;2026-10-14T07:00;1.8;8.3;315.0;11.2;0.0;98.0;4.0;0.0;99.0;99.0;10.4;1001.7;0.0;3960.0;ICON
2026-10-09T19:15:00+02:00;2026-10-09T23:42:05+02:00;lyon;IFS;45.79965;4.8341236;233.0;2026-10-14T08:00;1.0;8.6;315.0;11.3;0.0;96.0;5.0;0.0;96.0;96.0;10.5;1002.1;0.0;4050.0;ICON
2026-10-09T19:15:00+02:00;2026-10-09T23:42:05+02:00;lyon;IFS;45.79965;4.8341236;233.0;2026-10-14T09:00;1.1;9.4;342.0;12.7;0.0;91.0;8.0;0.0;89.0;91.0;11.4;1002.9;0.0;4150.0;ICON
2026-10-09T19:15:00+02:00;2026-10-09T23:42:05+02:00;lyon;IFS;45.79965;4.8341236;233.0;2026-10-14T10:00;2.0;10.4;355.0;14.7;0.0;83.0;13.0;0.0;80.0;83.0;12.7;1003.8;0.0;4240.0;ICON
2026-10-09T19:15:00+02:00;2026-10-09T23:42:05+02:00;lyon;IFS;45.79965;4.8341236;233.0;2026-10-14T11:00;2.9;11.9;353.0;16.5;0.0;77.0;19.0;0.0;71.0;77.0;13.7;1004.4;0.0;4340.0;ICON
2026-10-09T19:15:00+02:00;2026-10-09T23:42:05+02:00;lyon;IFS;45.79965;4.8341236;233.0;2026-10-14T12:00;3.6;13.7;342.0;18.1;0.0;75.0;27.0;0.0;65.0;75.0;14.1;1004.4;0.0;4250.0;ICON
2026-10-09T19:15:00+02:00;2026-10-09T23:42:05+02:00;lyon;IFS;45.79965;4.8341236;233.0;2026-10-14T13:00;4.4;15.5;333.0;19.5;0.0;75.0;35.0;0.0;59.0;75.0;14.2;1004.1;0.0;4200.0;ICON
2026-10-09T19:15:00+02:00;2026-10-09T23:42:05+02:00;lyon;IFS;45.79965;4.8341236;233.0;2026-10-14T14:00;5.2;16.9;329.0;20.6;0.0;70.0;39.0;0.0;50.0;70.0;14.3;1003.7;0.0;4170.0;ICON
2026-10-09T19:15:00+02:00;2026-10-09T23:42:05+02:00;lyon;IFS;45.79965;4.8341236;233.0;2026-10-14T15:00;6.1;18.0;332.0;21.2;0.0;56.0;37.0;0.0;34.0;56.0;14.3;1003.3;0.0;4150.0;ICON
2026-10-09T19:15:00+02:00;2026-10-09T23:42:05+02:00;lyon;IFS;45.79965;4.8341236;233.0;2026-10-14T16:00;6.9;18.7;335.0;21.5;0.0;38.0;30.0;0.0;14.0;38.0;14.3;1002.7;0.0;4140.0;ICON
2026-10-09T19:15:00+02:00;2026-10-09T23:42:05+02:00;lyon;IFS;45.79965;4.8341236;233.0;2026-10-14T17:00;7.2;19.1;341.0;21.3;0.0;23.0;23.0;0.0;0.0;23.0;14.3;1002.3;0.0;4130.0;ICON
2026-10-09T19:15:00+02:00;2026-10-09T23:42:05+02:00;lyon;IFS;45.79965;4.8341236;233.0;2026-10-14T18:00;6.6;19.1;351.0;20.2;0.0;13.0;15.0;0.0;0.0;15.0;14.3;1002.1;0.0;4152.5;ICON
2026-10-09T19:15:00+02:00;2026-10-09T23:42:05+02:00;lyon;IFS;45.79965;4.8341236;233.0;2026-10-14T19:00;5.6;18.7;6.0;18.6;0.0;5.0;6.0;0.0;0.0;6.0;14.4;1002.2;0.0;4185.0;ICON
2026-10-09T19:15:00+02:00;2026-10-09T23:42:05+02:00;lyon;IFS;45.79965;4.8341236;233.0;2026-10-14T20:00;4.7;17.6;18.0;17.2;0.0;0.0;0.0;0.0;0.0;0.0;14.3;1002.1;0.0;4207.5;ICON
2026-10-09T19:15:00+02:00;2026-10-09T23:42:05+02:00;lyon;IFS;45.79965;4.8341236;233.0;2026-10-14T21:00;3.0;15.1;17.0;16.3;0.0;0.0;0.0;0.0;0.0;0.0;14.0;1002.0;0.0;4210.0;ICON
2026-10-09T19:15:00+02:00;2026-10-09T23:42:05+02:00;lyon;IFS;45.79965;4.8341236;233.0;2026-10-14T22:00;1.0;11.9;329.0;15.6;0.0;0.0;0.0;0.0;0.0;0.0;13.6;1002.1;0.0;4190.0;ICON
2026-10-09T19:15:00+02:00;2026-10-09T23:42:05+02:00;lyon;IFS;45.79965;4.8341236;233.0;2026-10-14T23:00;1.4;9.0;247.0;15.0;0.0;0.0;0.0;0.0;0.0;0.0;13.2;1002.0;0.0;4170.0;ICON
2026-10-09T19:15:00+02:00;2026-10-09T23:42:05+02:00;lyon;IFS;45.79965;4.8341236;233.0;2026-10-15T00:00;1.0;6.5;225.0;14.3;0.0;0.0;0.0;0.0;0.0;0.0;13.0;1001.9;0.0;4160.0;ICON
2026-10-09T19:15:00+02:00;2026-10-09T23:42:05+02:00;lyon;IFS;45.79965;4.8341236;233.0;2026-10-15T01:00;0.6;4.3;146.0;13.7;0.0;0.0;0.0;0.0;0.0;0.0;12.8;1001.9;0.0;4150.0;ICON
2026-10-09T19:15:00+02:00;2026-10-09T23:42:05+02:00;lyon;IFS;45.79965;4.8341236;233.0;2026-10-15T02:00;1.1;2.9;108.0;13.0;0.0;6.0;6.0;0.0;0.0;6.0;12.6;1001.8;0.0;4140.0;ICON
2026-10-09T19:15:00+02:00;2026-10-09T23:42:05+02:00;lyon;IFS;45.79965;4.8341236;233.0;2026-10-15T03:00;1.2;2.9;141.0;12.3;0.0;34.0;34.0;0.0;0.0;34.0;12.1;1001.6;0.0;4120.0;ICON
2026-10-09T19:15:00+02:00;2026-10-09T23:42:05+02:00;lyon;IFS;45.79965;4.8341236;233.0;2026-10-15T04:00;1.4;4.0;180.0;11.6;0.0;72.0;72.0;0.0;0.0;72.0;11.6;1001.3;0.0;4100.0;ICON
2026-10-09T19:15:00+02:00;2026-10-09T23:42:05+02:00;lyon;IFS;45.79965;4.8341236;233.0;2026-10-15T05:00;2.0;5.4;185.0;11.1;0.0;100.0;100.0;0.0;0.0;100.0;11.1;1001.0;0.0;4080.0;ICON
2026-10-09T19:15:00+02:00;2026-10-09T23:42:05+02:00;lyon;IFS;45.79965;4.8341236;233.0;2026-10-15T06:00;2.2;6.8;166.0;10.9;0.0;100.0;100.0;0.0;0.0;100.0;10.9;1000.8;0.0;4070.0;ICON
2026-10-09T19:15:00+02:00;2026-10-09T23:42:05+02:00;lyon;IFS;45.79965;4.8341236;233.0;2026-10-15T07:00;2.7;8.3;143.0;10.8;0.0;100.0;100.0;0.0;0.0;100.0;10.7;1000.6;0.0;4050.0;ICON
2026-10-09T19:15:00+02:00;2026-10-09T23:42:05+02:00;lyon;IFS;45.79965;4.8341236;233.0;2026-10-15T08:00;3.4;9.7;133.0;11.2;0.0;100.0;100.0;0.0;0.0;100.0;10.8;1000.6;0.0;4040.0;ICON
2026-10-09T19:15:00+02:00;2026-10-09T23:42:05+02:00;lyon;IFS;45.79965;4.8341236;233.0;2026-10-15T09:00;3.6;11.2;131.0;11.9;0.0;72.0;72.0;0.0;0.0;72.0;11.4;1000.7;0.0;4060.0;ICON
2026-10-09T19:15:00+02:00;2026-10-09T23:42:05+02:00;lyon;IFS;45.79965;4.8341236;233.0;2026-10-15T10:00;3.7;13.0;133.0;13.0;0.0;33.0;33.0;0.0;0.0;33.0;12.1;1001.0;0.0;4090.0;ICON
2026-10-09T19:15:00+02:00;2026-10-09T23:42:05+02:00;lyon;IFS;45.79965;4.8341236;233.0;2026-10-15T11:00;4.2;15.1;137.0;14.5;0.0;4.0;4.0;0.0;0.0;4.0;12.9;1001.2;0.0;4110.0;ICON
2026-10-09T19:15:00+02:00;2026-10-09T23:42:05+02:00;lyon;IFS;45.79965;4.8341236;233.0;2026-10-15T12:00;7.6;20.2;146.0;18.0;0.0;35.0;35.0;0.0;0.0;35.0;13.3;1000.2;0.0;4120.0;ICON
2026-10-09T19:15:00+02:00;2026-10-09T23:42:05+02:00;lyon;IFS;45.79965;4.8341236;233.0;2026-10-15T13:00;8.7;22.7;148.0;19.7;0.0;15.0;15.0;0.0;0.0;15.0;13.9;999.9;0.0;4130.0;ICON
2026-10-09T19:15:00+02:00;2026-10-09T23:42:05+02:00;lyon;IFS;45.79965;4.8341236;233.0;2026-10-15T14:00;9.5;24.8;148.0;20.7;0.0;2.0;2.0;0.0;0.0;2.0;14.3;999.7;0.0;4140.0;ICON
2026-10-09T19:15:00+02:00;2026-10-09T23:42:05+02:00;lyon;IFS;45.79965;4.8341236;233.0;2026-10-15T15:00;10.2;26.3;148.0;20.9;0.0;0.0;0.0;0.0;0.0;0.0;14.5;999.3;0.0;4140.0;ICON
2026-10-09T19:15:00+02:00;2026-10-09T23:42:05+02:00;lyon;IFS;45.79965;4.8341236;233.0;2026-10-15T16:00;10.6;27.4;148.0;20.7;0.0;0.0;0.0;0.0;0.0;0.0;14.4;998.8;0.0;4150.0;ICON
2026-10-09T19:15:00+02:00;2026-10-09T23:42:05+02:00;lyon;IFS;45.79965;4.8341236;233.0;2026-10-15T17:00;10.9;28.4;147.0;20.1;0.0;0.0;0.0;0.0;0.0;0.0;14.3;998.4;0.0;4150.0;ICON
2026-10-09T19:15:00+02:00;2026-10-09T23:42:05+02:00;lyon;IFS;45.79965;4.8341236;233.0;2026-10-15T18:00;11.0;28.8;146.0;19.3;0.0;0.0;0.0;0.0;0.0;0.0;14.1;997.8;0.0;4140.0;ICON
2026-10-09T19:15:00+02:00;2026-10-09T23:42:05+02:00;lyon;IFS;45.79965;4.8341236;233.0;2026-10-15T19:00;11.2;29.2;147.0;18.5;0.0;0.0;0.0;0.0;0.0;0.0;13.9;997.4;0.0;4140.0;ICON
2026-10-09T19:15:00+02:00;2026-10-09T23:42:05+02:00;lyon;IFS;45.79965;4.8341236;233.0;2026-10-15T20:00;11.2;29.2;147.0;17.8;0.0;0.0;0.0;0.0;0.0;0.0;13.7;997.0;0.0;4130.0;ICON
2026-10-09T19:15:00+02:00;2026-10-09T23:42:05+02:00;lyon;IFS;45.79965;4.8341236;233.0;2026-10-15T21:00;11.1;28.8;149.0;17.1;0.0;0.0;0.0;0.0;0.0;0.0;13.6;996.8;0.0;4140.0;ICON
2026-10-09T19:15:00+02:00;2026-10-09T23:42:05+02:00;lyon;IFS;45.79965;4.8341236;233.0;2026-10-15T22:00;11.0;28.1;150.0;16.4;0.0;0.0;0.0;0.0;0.0;0.0;13.5;996.7;0.0;4140.0;ICON
2026-10-09T19:15:00+02:00;2026-10-09T23:42:05+02:00;lyon;IFS;45.79965;4.8341236;233.0;2026-10-15T23:00;10.7;27.0;153.0;15.6;0.0;0.0;0.0;0.0;0.0;0.0;13.3;996.6;0.0;4150.0;ICON
2026-10-09T19:15:00+02:00;2026-10-09T23:42:05+02:00;lyon;IFS;45.79965;4.8341236;233.0;2026-10-16T00:00;10.4;25.9;157.0;14.9;0.0;0.0;0.0;0.0;0.0;0.0;13.1;996.6;0.0;4140.0;ICON
2026-10-09T19:15:00+02:00;2026-10-09T23:42:05+02:00;lyon;IFS;45.79965;4.8341236;233.0;2026-10-16T01:00;10.0;24.8;159.0;14.2;0.0;0.0;0.0;0.0;0.0;0.0;13.0;996.6;0.0;4130.0;ICON
2026-10-09T19:15:00+02:00;2026-10-09T23:42:05+02:00;lyon;IFS;45.79965;4.8341236;233.0;2026-10-16T02:00;9.6;23.8;160.0;13.5;0.0;0.0;0.0;0.0;0.0;0.0;12.7;996.4;0.0;4120.0;ICON
2026-10-09T19:15:00+02:00;2026-10-09T23:42:05+02:00;lyon;IFS;45.79965;4.8341236;233.0;2026-10-16T03:00;8.8;23.0;161.0;12.8;0.0;12.0;12.0;0.0;0.0;12.0;12.4;996.2;0.0;4110.0;ICON
2026-10-09T19:15:00+02:00;2026-10-09T23:42:05+02:00;lyon;IFS;45.79965;4.8341236;233.0;2026-10-16T04:00;7.9;22.0;160.0;12.0;0.0;31.0;31.0;0.0;0.0;31.0;12.0;995.9;0.0;4110.0;ICON
2026-10-09T19:15:00+02:00;2026-10-09T23:42:05+02:00;lyon;IFS;45.79965;4.8341236;233.0;2026-10-16T05:00;7.0;21.2;159.0;11.2;0.0;52.0;52.0;0.0;0.0;52.0;11.6;995.5;0.0;4100.0;ICON
2026-10-09T19:15:00+02:00;2026-10-09T23:42:05+02:00;lyon;IFS;45.79965;4.8341236;233.0;2026-10-16T06:00;5.9;20.5;157.0;10.6;0.0;72.0;72.0;0.0;0.0;72.0;11.2;995.2;0.0;4110.0;ICON
2026-10-09T19:15:00+02:00;2026-10-09T23:42:05+02:00;lyon;IFS;45.79965;4.8341236;233.0;2026-10-16T07:00;5.1;19.8;153.0;10.4;0.0;87.0;87.0;0.0;0.0;87.0;10.9;994.8;0.0;4110.0;ICON
2026-10-09T19:15:00+02:00;2026-10-09T23:42:05+02:00;lyon;IFS;45.79965;4.8341236;233.0;2026-10-16T08:00;4.4;19.1;150.0;10.7;0.0;93.0;93.0;0.0;0.0;93.0;10.7;994.6;0.0;4120.0;ICON
2026-10-09T19:15:00+02:00;2026-10-09T23:42:05+02:00;lyon;IFS;45.79965;4.8341236;233.0;2026-10-16T09:00;4.0;18.4;148.0;11.7;0.0;87.0;87.0;0.0;0.0;87.0;10.7;994.5;0.0;4110.0;ICON
2026-10-09T19:15:00+02:00;2026-10-09T23:42:05+02:00;lyon;IFS;45.79965;4.8341236;233.0;2026-10-16T10:00;3.9;17.6;146.0;13.5;0.0;72.0;72.0;0.0;0.0;72.0;10.9;994.5;0.0;4100.0;ICON
2026-10-09T19:15:00+02:00;2026-10-09T23:42:05+02:00;lyon;IFS;45.79965;4.8341236;233.0;2026-10-16T11:00;3.7;16.9;145.0;15.6;0.0;52.0;52.0;0.0;0.0;52.0;11.1;994.5;0.0;4090.0;ICON
2026-10-09T19:15:00+02:00;2026-10-09T23:42:05+02:00;lyon;IFS;45.79965;4.8341236;233.0;2026-10-16T12:00;3.7;16.6;145.0;17.8;0.0;31.0;31.0;0.0;0.0;31.0;11.3;994.5;0.0;4090.0;ICON
2026-10-09T19:15:00+02:00;2026-10-09T23:42:05+02:00;lyon;IFS;45.79965;4.8341236;233.0;2026-10-16T13:00;3.6;15.8;143.0;19.5;0.0;12.0;12.0;0.0;0.0;12.0;11.6;994.5;0.0;4100.0;ICON
2026-10-09T19:15:00+02:00;2026-10-09T23:42:05+02:00;lyon;IFS;45.79965;4.8341236;233.0;2026-10-16T14:00;3.3;15.5;144.0;20.6;0.0;0.0;0.0;0.0;0.0;0.0;11.7;994.4;0.0;4100.0;ICON
2026-10-09T19:15:00+02:00;2026-10-09T23:42:05+02:00;lyon;IFS;45.79965;4.8341236;233.0;2026-10-16T15:00;3.0;15.1;142.0;20.9;0.0;0.0;0.0;0.0;0.0;0.0;11.8;994.1;0.0;4090.0;ICON
2026-10-09T19:15:00+02:00;2026-10-09T23:42:05+02:00;lyon;IFS;45.79965;4.8341236;233.0;2026-10-16T16:00;2.7;15.1;143.0;20.7;0.0;0.0;0.0;0.0;0.0;0.0;11.9;993.8;0.0;4080.0;ICON
2026-10-09T19:15:00+02:00;2026-10-09T23:42:05+02:00;lyon;IFS;45.79965;4.8341236;233.0;2026-10-16T17:00;2.2;14.8;145.0;20.2;0.0;0.0;0.0;0.0;0.0;0.0;12.0;993.4;0.0;4070.0;ICON
2026-10-09T19:15:00+02:00;2026-10-09T23:42:05+02:00;lyon;IFS;45.79965;4.8341236;233.0;2026-10-16T18:00;1.7;14.8;148.0;19.4;0.0;0.0;0.0;0.0;0.0;0.0;12.0;993.1;0.0;4080.0;ICON
2026-10-09T19:15:00+02:00;2026-10-09T23:42:05+02:00;lyon;IFS;45.79965;4.8341236;233.0;2026-10-16T19:00;1.0;14.8;149.0;18.6;0.0;0.0;0.0;0.0;0.0;0.0;12.0;992.7;0.0;4080.0;ICON
2026-10-09T19:15:00+02:00;2026-10-09T23:42:05+02:00;lyon;IFS;45.79965;4.8341236;233.0;2026-10-16T20:00;0.4;14.4;180.0;18.0;0.0;0.0;0.0;0.0;0.0;0.0;12.0;992.6;0.0;4090.0;ICON
2026-10-09T19:15:00+02:00;2026-10-09T23:42:05+02:00;lyon;IFS;45.79965;4.8341236;233.0;2026-10-16T21:00;0.6;14.0;304.0;17.3;0.0;0.0;1.0;0.0;0.0;1.0;11.9;992.5;0.0;4100.0;ICON
2026-10-09T19:15:00+02:00;2026-10-09T23:42:05+02:00;lyon;IFS;45.79965;4.8341236;233.0;2026-10-16T22:00;1.8;13.3;307.0;16.5;0.0;0.0;3.0;0.0;0.0;3.0;11.8;992.4;0.0;4100.0;ICON
2026-10-09T19:15:00+02:00;2026-10-09T23:42:05+02:00;lyon;IFS;45.79965;4.8341236;233.0;2026-10-16T23:00;3.1;12.2;310.0;15.7;0.0;1.0;5.0;1.0;0.0;5.0;11.6;992.5;0.0;4110.0;ICON
2026-10-09T19:15:00+02:00;2026-10-09T23:42:05+02:00;lyon;IFS;45.79965;4.8341236;233.0;2026-10-17T00:00;4.2;11.9;313.0;14.9;0.0;2.0;7.0;1.0;0.0;7.0;11.5;992.6;0.0;4090.0;ICON
2026-10-09T19:15:00+02:00;2026-10-09T23:42:05+02:00;lyon;IFS;45.79965;4.8341236;233.0;2026-10-17T01:00;5.3;11.5;315.0;14.2;0.0;6.0;9.0;1.0;0.0;9.0;11.4;992.7;0.0;4080.0;ICON
2026-10-09T19:15:00+02:00;2026-10-09T23:42:05+02:00;lyon;IFS;45.79965;4.8341236;233.0;2026-10-17T02:00;6.2;11.9;319.0;13.8;0.0;12.0;11.0;2.0;0.0;12.0;11.5;992.8;0.0;4060.0;ICON
2026-10-09T19:15:00+02:00;2026-10-09T23:42:05+02:00;lyon;IFS;45.79965;4.8341236;233.0;2026-10-17T03:00;7.1;13.0;322.0;13.7;0.0;23.0;12.0;3.0;11.0;23.0;11.7;992.8;0.0;;
2026-10-09T19:15:00+02:00;2026-10-09T23:42:05+02:00;lyon;IFS;45.79965;4.8341236;233.0;2026-10-17T04:00;7.8;14.4;328.0;13.8;0.0;37.0;11.0;4.0;28.0;37.0;12.2;992.9;0.0;;
2026-10-09T19:15:00+02:00;2026-10-09T23:42:05+02:00;lyon;IFS;45.79965;4.8341236;233.0;2026-10-17T05:00;8.7;16.2;333.0;14.0;0.0;54.0;11.0;5.0;47.0;54.0;12.7;993.0;0.0;;
2026-10-09T19:15:00+02:00;2026-10-09T23:42:05+02:00;lyon;IFS;45.79965;4.8341236;233.0;2026-10-17T06:00;9.5;18.0;338.0;14.3;0.0;71.0;11.0;6.0;65.0;71.0;13.2;993.1;0.0;;
2026-10-09T19:15:00+02:00;2026-10-09T23:42:05+02:00;lyon;IFS;45.79965;4.8341236;233.0;2026-10-17T07:00;10.4;20.5;342.0;14.7;0.0;85.0;12.0;7.0;82.0;85.0;13.7;993.3;0.0;;
2026-10-09T19:15:00+02:00;2026-10-09T23:42:05+02:00;lyon;IFS;45.79965;4.8341236;233.0;2026-10-17T08:00;11.4;22.7;344.0;15.1;0.0;95.0;16.0;9.0;93.0;95.0;13.9;993.6;0.0;;
2026-10-09T19:15:00+02:00;2026-10-09T23:42:05+02:00;lyon;IFS;45.79965;4.8341236;233.0;2026-10-17T09:00;12.4;25.2;347.0;15.5;0.0;100.0;23.0;12.0;99.0;100.0;14.0;993.9;0.0;;
2026-10-09T19:15:00+02:00;2026-10-09T23:42:05+02:00;lyon;IFS;45.79965;4.8341236;233.0;2026-10-17T10:00;13.6;28.4;349.0;16.1;0.0;100.0;33.0;15.0;100.0;100.0;14.0;994.3;0.0;;
2026-10-09T19:15:00+02:00;2026-10-09T23:42:05+02:00;lyon;IFS;45.79965;4.8341236;233.0;2026-10-17T11:00;14.6;32.0;351.0;16.7;0.0;100.0;44.0;19.0;100.0;100.0;13.9;994.8;0.0;;
2026-10-09T19:15:00+02:00;2026-10-09T23:42:05+02:00;lyon;IFS;45.79965;4.8341236;233.0;2026-10-17T12:00;15.6;35.3;353.0;17.3;0.0;100.0;55.0;22.0;100.0;100.0;13.7;995.2;0.0;;
2026-10-09T19:15:00+02:00;2026-10-09T23:42:05+02:00;lyon;IFS;45.79965;4.8341236;233.0;2026-10-17T13:00;16.5;37.8;354.0;17.7;0.0;99.0;65.0;25.0;97.0;99.0;13.4;995.6;0.0;;
2026-10-09T19:15:00+02:00;2026-10-09T23:42:05+02:00;lyon;IFS;45.79965;4.8341236;233.0;2026-10-17T14:00;17.2;40.0;355.0;17.8;0.0;98.0;72.0;25.0;93.0;98.0;13.1;996.0;0.0;;
2026-10-09T19:15:00+02:00;2026-10-09T23:42:05+02:00;lyon;IFS;45.79965;4.8341236;233.0;2026-10-17T15:00;17.6;41.0;354.0;17.7;0.0;98.0;77.0;23.0;87.0;98.0;12.7;996.4;0.0;;
2026-10-09T19:15:00+02:00;2026-10-09T23:42:05+02:00;lyon;IFS;45.79965;4.8341236;233.0;2026-10-17T16:00;17.8;41.8;353.0;17.3;0.0;98.0;81.0;19.0;79.0;98.0;12.2;996.7;0.0;;
2026-10-09T19:15:00+02:00;2026-10-09T23:42:05+02:00;lyon;IFS;45.79965;4.8341236;233.0;2026-10-17T17:00;18.0;41.8;351.0;16.7;0.0;98.0;83.0;14.0;70.0;98.0;11.7;996.9;0.0;;
2026-10-09T19:15:00+02:00;2026-10-09T23:42:05+02:00;lyon;IFS;45.79965;4.8341236;233.0;2026-10-17T18:00;17.9;41.4;350.0;16.1;0.0;97.0;84.0;8.0;59.0;97.0;11.1;997.2;0.0;;
2026-10-09T19:15:00+02:00;2026-10-09T23:42:05+02:00;lyon;IFS;45.79965;4.8341236;233.0;2026-10-17T19:00;17.9;41.4;348.0;15.4;0.0;94.0;83.0;3.0;50.0;94.0;10.5;997.5;0.0;;
2026-10-09T19:15:00+02:00;2026-10-09T23:42:05+02:00;lyon;IFS;45.79965;4.8341236;233.0;2026-10-17T20:00;17.8;41.4;346.0;14.8;0.0;88.0;79.0;0.0;41.0;88.0;10.0;997.8;0.0;;
2026-10-09T19:15:00+02:00;2026-10-09T23:42:05+02:00;lyon;IFS;45.79965;4.8341236;233.0;2026-10-17T21:00;17.6;41.8;345.0;14.2;0.0;78.0;71.0;0.0;33.0;78.0;9.5;998.1;0.0;;
2026-10-09T19:15:00+02:00;2026-10-09T23:42:05+02:00;lyon;IFS;45.79965;4.8341236;233.0;2026-10-17T22:00;17.3;42.1;343.0;13.5;0.0;65.0;60.0;0.0;25.0;65.0;8.9;998.5;0.0;;
2026-10-09T19:15:00+02:00;2026-10-09T23:42:05+02:00;lyon;IFS;45.79965;4.8341236;233.0;2026-10-17T23:00;16.9;42.5;341.0;12.8;0.0;49.0;46.0;0.0;17.0;49.0;8.4;998.8;0.0;;
2026-10-09T19:15:00+02:00;2026-10-09T23:42:05+02:00;lyon;IFS;45.79965;4.8341236;233.0;2026-10-18T00:00;16.5;42.8;340.0;12.2;0.0;34.0;32.0;0.0;10.0;34.0;7.9;999.1;0.0;;
2026-10-09T19:15:00+02:00;2026-10-09T23:42:05+02:00;lyon;IFS;45.79965;4.8341236;233.0;2026-10-18T01:00;16.1;42.8;338.0;11.5;0.0;21.0;20.0;0.0;4.0;21.0;7.4;999.4;0.0;;
2026-10-09T19:15:00+02:00;2026-10-09T23:42:05+02:00;lyon;IFS;45.79965;4.8341236;233.0;2026-10-18T02:00;15.9;42.5;337.0;11.0;0.0;12.0;12.0;0.0;0.0;12.0;7.0;999.8;0.0;;
2026-10-09T19:15:00+02:00;2026-10-09T23:42:05+02:00;lyon;IFS;45.79965;4.8341236;233.0;2026-10-18T03:00;15.7;41.4;335.0;10.4;0.0;7.0;8.0;0.0;0.0;8.0;6.5;1000.0;0.0;;
2026-10-09T19:15:00+02:00;2026-10-09T23:42:05+02:00;lyon;IFS;45.79965;4.8341236;233.0;2026-10-18T04:00;15.6;39.6;334.0;9.7;0.0;5.0;8.0;0.0;0.0;8.0;6.1;1000.3;0.0;;
2026-10-09T19:15:00+02:00;2026-10-09T23:42:05+02:00;lyon;IFS;45.79965;4.8341236;233.0;2026-10-18T05:00;15.6;37.8;333.0;9.1;0.0;5.0;9.0;0.0;0.0;9.0;5.6;1000.6;0.0;;
2026-10-09T19:15:00+02:00;2026-10-09T23:42:05+02:00;lyon;IFS;45.79965;4.8341236;233.0;2026-10-18T06:00;15.5;35.6;332.0;8.6;0.0;7.0;11.0;0.0;0.0;11.0;5.3;1000.8;0.0;;
2026-10-09T19:15:00+02:00;2026-10-09T23:42:05+02:00;lyon;IFS;45.79965;4.8341236;233.0;2026-10-18T07:00;15.4;34.2;331.0;8.4;0.0;10.0;13.0;0.0;0.0;13.0;5.0;1001.1;0.0;;
2026-10-09T19:15:00+02:00;2026-10-09T23:42:05+02:00;lyon;IFS;45.79965;4.8341236;233.0;2026-10-18T08:00;15.3;33.1;332.0;8.5;0.0;16.0;13.0;0.0;3.0;16.0;4.9;1001.3;0.0;;
2026-10-09T19:15:00+02:00;2026-10-09T23:42:05+02:00;lyon;IFS;45.79965;4.8341236;233.0;2026-10-18T09:00;15.1;33.1;334.0;9.2;0.0;26.0;12.0;0.0;14.0;26.0;5.0;1001.5;0.0;;
2026-10-09T19:15:00+02:00;2026-10-09T23:42:05+02:00;lyon;IFS;45.79965;4.8341236;233.0;2026-10-18T10:00;14.8;33.5;337.0;10.3;0.0;40.0;9.0;0.0;31.0;40.0;5.4;1001.7;0.0;;
2026-10-09T19:15:00+02:00;2026-10-09T23:42:05+02:00;lyon;IFS;45.79965;4.8341236;233.0;2026-10-18T11:00;14.7;34.2;341.0;11.7;0.0;56.0;7.0;0.0;50.0;56.0;5.8;1002.0;0.0;;
2026-10-09T19:15:00+02:00;2026-10-09T23:42:05+02:00;lyon;IFS;45.79965;4.8341236;233.0;2026-10-18T12:00;14.7;35.3;345.0;13.1;0.0;72.0;5.0;0.0;68.0;72.0;6.3;1002.2;0.0;;
2026-10-09T19:15:00+02:00;2026-10-09T23:42:05+02:00;lyon;IFS;45.79965;4.8341236;233.0;2026-10-18T13:00;14.7;36.4;348.0;14.2;0.0;84.0;2.0;0.0;82.0;84.0;6.6;1002.3;0.0;;
2026-10-09T19:15:00+02:00;2026-10-09T23:42:05+02:00;lyon;IFS;45.79965;4.8341236;233.0;2026-10-18T14:00;14.8;37.1;350.0;14.9;0.0;89.0;1.0;0.0;89.0;89.0;6.7;1002.5;0.0;;
2026-10-09T19:15:00+02:00;2026-10-09T23:42:05+02:00;lyon;IFS;45.79965;4.8341236;233.0;2026-10-18T15:00;15.0;38.2;350.0;15.0;0.0;86.0;0.0;0.0;87.0;87.0;6.4;1002.5;0.0;;
2026-10-09T19:15:00+02:00;2026-10-09T23:42:05+02:00;lyon;IFS;45.79965;4.8341236;233.0;2026-10-18T16:00;15.2;39.2;350.0;14.8;0.0;78.0;0.0;0.0;79.0;79.0;5.8;1002.5;0.0;;
2026-10-09T19:15:00+02:00;2026-10-09T23:42:05+02:00;lyon;IFS;45.79965;4.8341236;233.0;2026-10-18T17:00;15.2;40.3;349.0;14.4;0.0;66.0;1.0;0.0;66.0;66.0;5.1;1002.4;0.0;;
2026-10-09T19:15:00+02:00;2026-10-09T23:42:05+02:00;lyon;IFS;45.79965;4.8341236;233.0;2026-10-18T18:00;15.5;41.4;347.0;13.8;0.0;52.0;1.0;0.0;52.0;52.0;4.4;1002.4;0.0;;
2026-10-09T19:15:00+02:00;2026-10-09T23:42:05+02:00;lyon;IFS;45.79965;4.8341236;233.0;2026-10-18T19:00;15.8;42.1;345.0;13.2;0.0;40.0;2.0;0.0;39.0;40.0;3.8;1002.3;0.0;;
2026-10-09T19:15:00+02:00;2026-10-09T23:42:05+02:00;lyon;IFS;45.79965;4.8341236;233.0;2026-10-18T20:00;15.9;42.5;344.0;12.7;0.0;30.0;2.0;0.0;29.0;30.0;3.5;1002.3;0.0;;
2026-10-09T19:15:00+02:00;2026-10-09T23:42:05+02:00;lyon;IFS;45.79965;4.8341236;233.0;2026-10-18T21:00;16.1;42.1;342.0;12.1;0.0;22.0;2.0;0.0;22.0;22.0;3.5;1002.2;0.0;;
2026-10-09T19:15:00+02:00;2026-10-09T23:42:05+02:00;lyon;IFS;45.79965;4.8341236;233.0;2026-10-18T22:00;16.3;41.4;341.0;11.5;0.0;15.0;1.0;0.0;14.0;15.0;3.8;1002.3;0.0;;
2026-10-09T19:15:00+02:00;2026-10-09T23:42:05+02:00;lyon;IFS;45.79965;4.8341236;233.0;2026-10-18T23:00;16.6;40.3;339.0;10.9;0.0;9.0;1.0;0.0;8.0;9.0;4.1;1002.3;0.0;;
2026-10-09T19:15:00+02:00;2026-10-09T23:42:05+02:00;hyeres;IFS;43.128292;6.1698956;24.0;2026-10-09T00:00;22.4;43.6;298.0;13.7;0.0;1.0;1.0;0.0;0.0;1.0;7.1;1009.4;0.0;2680.0;ICON
2026-10-09T19:15:00+02:00;2026-10-09T23:42:05+02:00;hyeres;IFS;43.128292;6.1698956;24.0;2026-10-09T01:00;20.4;43.2;302.0;13.4;0.0;1.0;0.0;0.0;1.0;1.0;6.9;1009.3;0.0;2770.0;ICON
2026-10-09T19:15:00+02:00;2026-10-09T23:42:05+02:00;hyeres;IFS;43.128292;6.1698956;24.0;2026-10-09T02:00;12.6;39.2;295.0;12.9;0.0;12.0;0.0;3.0;9.0;12.0;7.6;1009.4;0.0;2710.0;ICON
2026-10-09T19:15:00+02:00;2026-10-09T23:42:05+02:00;hyeres;IFS;43.128292;6.1698956;24.0;2026-10-09T03:00;14.0;27.0;330.0;13.2;0.0;14.0;9.0;6.0;0.0;14.0;7.1;1009.0;0.0;2750.0;ICON
2026-10-09T19:15:00+02:00;2026-10-09T23:42:05+02:00;hyeres;IFS;43.128292;6.1698956;24.0;2026-10-09T04:00;17.3;34.2;346.0;13.5;0.0;5.0;2.0;5.0;0.0;5.0;6.8;1008.8;0.0;2790.0;ICON
2026-10-09T19:15:00+02:00;2026-10-09T23:42:05+02:00;hyeres;IFS;43.128292;6.1698956;24.0;2026-10-09T05:00;22.4;43.9;346.0;13.8;0.0;2.0;2.0;0.0;0.0;2.0;6.5;1009.1;0.0;2740.0;ICON
2026-10-09T19:15:00+02:00;2026-10-09T23:42:05+02:00;hyeres;IFS;43.128292;6.1698956;24.0;2026-10-09T06:00;19.7;44.3;347.0;13.6;0.0;1.0;1.0;0.0;0.0;1.0;6.5;1009.4;0.0;2730.0;ICON
2026-10-09T19:15:00+02:00;2026-10-09T23:42:05+02:00;hyeres;IFS;43.128292;6.1698956;24.0;2026-10-09T07:00;15.5;38.2;347.0;13.6;0.0;6.0;5.0;1.0;0.0;6.0;6.5;1010.0;0.0;2710.0;ICON
2026-10-09T19:15:00+02:00;2026-10-09T23:42:05+02:00;hyeres;IFS;43.128292;6.1698956;24.0;2026-10-09T08:00;11.9;32.0;354.0;13.1;0.0;100.0;100.0;15.0;0.0;100.0;7.6;1011.0;0.0;2700.0;ICON
2026-10-09T19:15:00+02:00;2026-10-09T23:42:05+02:00;hyeres;IFS;43.128292;6.1698956;24.0;2026-10-09T09:00;14.0;27.4;351.0;15.3;0.0;31.0;24.0;9.0;0.0;31.0;8.5;1011.7;0.0;2720.0;ICON
2026-10-09T19:15:00+02:00;2026-10-09T23:42:05+02:00;hyeres;IFS;43.128292;6.1698956;24.0;2026-10-09T10:00;12.1;27.7;357.0;17.5;0.0;17.0;3.0;15.0;0.0;17.0;10.0;1012.3;0.0;2720.0;ICON
2026-10-09T19:15:00+02:00;2026-10-09T23:42:05+02:00;hyeres;IFS;43.128292;6.1698956;24.0;2026-10-09T11:00;12.7;27.0;7.0;19.5;0.0;20.0;5.0;15.0;0.0;20.0;11.0;1013.0;0.0;2800.0;ICON
2026-10-09T19:15:00+02:00;2026-10-09T23:42:05+02:00;hyeres;IFS;43.128292;6.1698956;24.0;2026-10-09T12:00;13.8;30.2;17.0;20.4;0.1;21.0;4.0;19.0;0.0;21.0;12.1;1013.1;0.0;2780.0;ICON
2026-10-09T19:15:00+02:00;2026-10-09T23:42:05+02:00;hyeres;IFS;43.128292;6.1698956;24.0;2026-10-09T13:00;14.9;37.1;41.0;21.0;0.1;30.0;9.0;26.0;0.0;30.0;12.6;1013.4;0.0;2910.0;ICON
2026-10-09T19:15:00+02:00;2026-10-09T23:42:05+02:00;hyeres;IFS;43.128292;6.1698956;24.0;2026-10-09T14:00;11.5;35.6;70.0;21.9;0.0;12.0;3.0;9.0;0.0;12.0;11.9;1013.0;0.0;2790.0;ICON
2026-10-09T19:15:00+02:00;2026-10-09T23:42:05+02:00;hyeres;IFS;43.128292;6.1698956;24.0;2026-10-09T15:00;9.7;30.6;88.0;22.2;0.0;12.0;2.0;12.0;0.0;12.0;11.9;1012.6;0.0;2730.0;ICON
2026-10-09T19:15:00+02:00;2026-10-09T23:42:05+02:00;hyeres;IFS;43.128292;6.1698956;24.0;2026-10-09T16:00;9.7;27.0;102.0;21.9;0.1;27.0;9.0;20.0;0.0;27.0;11.5;1012.9;0.0;2680.0;ICON
2026-10-09T19:15:00+02:00;2026-10-09T23:42:05+02:00;hyeres;IFS;43.128292;6.1698956;24.0;2026-10-09T17:00;5.8;23.4;120.0;21.5;0.1;23.0;4.0;21.0;1.0;23.0;11.2;1013.2;0.0;2740.0;ICON
2026-10-09T19:15:00+02:00;2026-10-09T23:42:05+02:00;hyeres;IFS;43.128292;6.1698956;24.0;2026-10-09T18:00;1.7;13.0;212.0;20.6;0.1;12.0;1.0;12.0;0.0;12.0;13.0;1013.2;0.0;2770.0;ICON
2026-10-09T19:15:00+02:00;2026-10-09T23:42:05+02:00;hyeres;IFS;43.128292;6.1698956;24.0;2026-10-09T19:00;3.3;6.1;279.0;18.3;0.0;6.0;0.0;6.0;0.0;6.0;13.7;1013.2;0.0;2810.0;ICON
2026-10-09T19:15:00+02:00;2026-10-09T23:42:05+02:00;hyeres;IFS;43.128292;6.1698956;24.0;2026-10-09T20:00;1.7;5.4;328.0;17.1;0.0;10.0;0.0;10.0;0.0;10.0;13.6;1013.6;0.0;2860.0;ICON
2026-10-09T19:15:00+02:00;2026-10-09T23:42:05+02:00;hyeres;IFS;43.128292;6.1698956;24.0;2026-10-09T21:00;1.6;3.2;354.0;16.0;0.0;23.0;0.0;23.0;0.0;23.0;13.1;1013.6;0.0;2880.0;ICON
2026-10-09T19:15:00+02:00;2026-10-09T23:42:05+02:00;hyeres;IFS;43.128292;6.1698956;24.0;2026-10-09T22:00;2.7;6.1;20.0;15.3;0.0;12.0;0.0;12.0;0.0;12.0;13.0;1013.5;0.0;2900.0;ICON
2026-10-09T19:15:00+02:00;2026-10-09T23:42:05+02:00;hyeres;IFS;43.128292;6.1698956;24.0;2026-10-09T23:00;2.1;5.8;345.0;14.6;0.0;2.0;0.0;2.0;0.0;2.0;12.3;1013.3;0.0;2920.0;ICON
2026-10-09T19:15:00+02:00;2026-10-09T23:42:05+02:00;hyeres;IFS;43.128292;6.1698956;24.0;2026-10-10T00:00;4.3;8.6;355.0;13.6;0.0;0.0;0.0;0.0;0.0;0.0;11.7;1013.1;0.0;2960.0;ICON
2026-10-09T19:15:00+02:00;2026-10-09T23:42:05+02:00;hyeres;IFS;43.128292;6.1698956;24.0;2026-10-10T01:00;7.0;12.6;10.0;12.8;0.0;0.0;0.0;0.0;0.0;0.0;10.8;1012.7;0.0;2980.0;ICON
2026-10-09T19:15:00+02:00;2026-10-09T23:42:05+02:00;hyeres;IFS;43.128292;6.1698956;24.0;2026-10-10T02:00;7.1;13.3;10.0;12.4;0.0;17.0;0.0;0.0;17.0;17.0;9.8;1012.7;0.0;2960.0;ICON
2026-10-09T19:15:00+02:00;2026-10-09T23:42:05+02:00;hyeres;IFS;43.128292;6.1698956;24.0;2026-10-10T03:00;7.9;14.8;3.0;12.0;0.0;19.0;0.0;0.0;18.0;19.0;9.0;1012.4;0.0;2980.0;ICON
2026-10-09T19:15:00+02:00;2026-10-09T23:42:05+02:00;hyeres;IFS;43.128292;6.1698956;24.0;2026-10-10T04:00;8.6;15.8;10.0;11.8;0.0;15.0;0.0;0.0;15.0;15.0;8.7;1011.8;0.0;3010.0;ICON
2026-10-09T19:15:00+02:00;2026-10-09T23:42:05+02:00;hyeres;IFS;43.128292;6.1698956;24.0;2026-10-10T05:00;9.6;17.6;5.0;11.1;0.0;74.0;0.0;0.0;74.0;74.0;8.6;1011.3;0.0;3100.0;ICON
2026-10-09T19:15:00+02:00;2026-10-09T23:42:05+02:00;hyeres;IFS;43.128292;6.1698956;24.0;2026-10-10T06:00;8.5;17.6;356.0;11.1;0.0;95.0;0.0;0.0;95.0;95.0;8.7;1011.1;0.0;3150.0;ICON
2026-10-09T19:15:00+02:00;2026-10-09T23:42:05+02:00;hyeres;IFS;43.128292;6.1698956;24.0;2026-10-10T07:00;8.7;16.6;8.0;11.4;0.0;99.0;0.0;0.0;99.0;99.0;8.6;1011.3;0.0;3160.0;ICON
2026-10-09T19:15:00+02:00;2026-10-09T23:42:05+02:00;hyeres;IFS;43.128292;6.1698956;24.0;2026-10-10T08:00;9.8;18.0;8.0;11.8;0.0;98.0;0.0;2.0;98.0;98.0;8.4;1011.2;0.0;3170.0;ICON
2026-10-09T19:15:00+02:00;2026-10-09T23:42:05+02:00;hyeres;IFS;43.128292;6.1698956;24.0;2026-10-10T09:00;9.2;18.4;3.0;13.6;0.0;98.0;0.0;0.0;98.0;98.0;9.0;1011.6;0.0;3170.0;ICON
2026-10-09T19:15:00+02:00;2026-10-09T23:42:05+02:00;hyeres;IFS;43.128292;6.1698956;24.0;2026-10-10T10:00;8.0;18.0;355.0;16.2;0.0;96.0;0.0;22.0;96.0;96.0;9.0;1011.9;0.0;3210.0;ICON
2026-10-09T19:15:00+02:00;2026-10-09T23:42:05+02:00;hyeres;IFS;43.128292;6.1698956;24.0;2026-10-10T11:00;8.3;19.1;360.0;18.7;0.0;9.0;0.0;9.0;1.0;9.0;9.9;1011.9;0.0;3270.0;ICON
2026-10-09T19:15:00+02:00;2026-10-09T23:42:05+02:00;hyeres;IFS;43.128292;6.1698956;24.0;2026-10-10T12:00;6.8;20.5;348.0;21.1;0.0;2.0;0.0;2.0;0.0;2.0;10.0;1011.5;0.0;3310.0;ICON
2026-10-09T19:15:00+02:00;2026-10-09T23:42:05+02:00;hyeres;IFS;43.128292;6.1698956;24.0;2026-10-10T13:00;5.4;17.6;233.0;22.1;0.0;12.0;1.0;11.0;0.0;12.0;10.7;1010.9;0.0;3330.0;ICON
2026-10-09T19:15:00+02:00;2026-10-09T23:42:05+02:00;hyeres;IFS;43.128292;6.1698956;24.0;2026-10-10T14:00;11.1;27.4;227.0;22.2;0.0;4.0;4.0;0.0;0.0;4.0;13.4;1010.3;0.0;3380.0;ICON
2026-10-09T19:15:00+02:00;2026-10-09T23:42:05+02:00;hyeres;IFS;43.128292;6.1698956;24.0;2026-10-10T15:00;9.2;27.4;225.0;23.2;0.0;2.0;2.0;0.0;0.0;2.0;13.2;1009.0;0.0;3300.0;ICON
2026-10-09T19:15:00+02:00;2026-10-09T23:42:05+02:00;hyeres;IFS;43.128292;6.1698956;24.0;2026-10-10T16:00;7.6;23.0;236.0;24.1;0.0;2.0;2.0;0.0;0.0;2.0;13.6;1008.0;0.0;3240.0;ICON
2026-10-09T19:15:00+02:00;2026-10-09T23:42:05+02:00;hyeres;IFS;43.128292;6.1698956;24.0;2026-10-10T17:00;13.0;26.3;294.0;24.4;0.0;0.0;0.0;0.0;0.0;0.0;13.1;1007.4;0.0;3270.0;ICON
2026-10-09T19:15:00+02:00;2026-10-09T23:42:05+02:00;hyeres;IFS;43.128292;6.1698956;24.0;2026-10-10T18:00;16.4;34.2;302.0;22.7;0.0;0.0;0.0;0.0;0.0;0.0;13.2;1007.4;0.0;3310.0;ICON
2026-10-09T19:15:00+02:00;2026-10-09T23:42:05+02:00;hyeres;IFS;43.128292;6.1698956;24.0;2026-10-10T19:00;17.1;34.2;305.0;20.8;0.0;0.0;0.0;0.0;0.0;0.0;12.3;1007.6;0.0;3380.0;ICON
2026-10-09T19:15:00+02:00;2026-10-09T23:42:05+02:00;hyeres;IFS;43.128292;6.1698956;24.0;2026-10-10T20:00;16.2;33.5;299.0;19.9;0.0;0.0;0.0;0.0;0.0;0.0;11.2;1008.2;0.0;3420.0;ICON
2026-10-09T19:15:00+02:00;2026-10-09T23:42:05+02:00;hyeres;IFS;43.128292;6.1698956;24.0;2026-10-10T21:00;16.6;32.0;302.0;19.5;0.0;0.0;0.0;0.0;0.0;0.0;10.6;1008.5;0.0;3490.0;ICON
2026-10-09T19:15:00+02:00;2026-10-09T23:42:05+02:00;hyeres;IFS;43.128292;6.1698956;24.0;2026-10-10T22:00;14.3;31.7;306.0;19.0;0.0;0.0;0.0;0.0;0.0;0.0;10.1;1008.5;0.0;3520.0;ICON
2026-10-09T19:15:00+02:00;2026-10-09T23:42:05+02:00;hyeres;IFS;43.128292;6.1698956;24.0;2026-10-10T23:00;10.2;27.7;300.0;18.2;0.0;13.0;0.0;0.0;13.0;13.0;9.9;1008.7;0.0;3520.0;ICON
2026-10-09T19:15:00+02:00;2026-10-09T23:42:05+02:00;hyeres;IFS;43.128292;6.1698956;24.0;2026-10-11T00:00;7.3;19.4;293.0;17.0;0.0;0.0;0.0;0.0;0.0;0.0;9.7;1008.8;0.0;3500.0;ICON
2026-10-09T19:15:00+02:00;2026-10-09T23:42:05+02:00;hyeres;IFS;43.128292;6.1698956;24.0;2026-10-11T01:00;7.0;13.3;291.0;16.2;0.0;0.0;0.0;0.0;0.0;0.0;9.4;1009.0;0.0;3490.0;ICON
2026-10-09T19:15:00+02:00;2026-10-09T23:42:05+02:00;hyeres;IFS;43.128292;6.1698956;24.0;2026-10-11T02:00;8.8;15.8;303.0;15.9;0.0;0.0;0.0;0.0;0.0;0.0;9.1;1008.8;0.0;3470.0;ICON
2026-10-09T19:15:00+02:00;2026-10-09T23:42:05+02:00;hyeres;IFS;43.128292;6.1698956;24.0;2026-10-11T03:00;12.2;22.3;308.0;16.0;0.0;0.0;0.0;0.0;0.0;0.0;9.0;1008.5;0.0;3470.0;ICON
2026-10-09T19:15:00+02:00;2026-10-09T23:42:05+02:00;hyeres;IFS;43.128292;6.1698956;24.0;2026-10-11T04:00;13.2;25.2;299.0;16.0;0.0;26.0;0.0;0.0;26.0;26.0;9.1;1008.4;0.0;3490.0;ICON
2026-10-09T19:15:00+02:00;2026-10-09T23:42:05+02:00;hyeres;IFS;43.128292;6.1698956;24.0;2026-10-11T05:00;12.8;24.8;284.0;15.7;0.0;10.0;0.0;0.0;10.0;10.0;9.2;1008.3;0.0;3490.0;ICON
2026-10-09T19:15:00+02:00;2026-10-09T23:42:05+02:00;hyeres;IFS;43.128292;6.1698956;24.0;2026-10-11T06:00;13.5;24.5;280.0;15.2;0.0;49.0;0.0;0.0;49.0;49.0;9.3;1008.4;0.0;3520.0;ICON
2026-10-09T19:15:00+02:00;2026-10-09T23:42:05+02:00;hyeres;IFS;43.128292;6.1698956;24.0;2026-10-11T07:00;12.1;24.8;285.0;14.8;0.0;33.0;0.0;0.0;33.0;33.0;8.8;1008.3;0.0;3540.0;ICON
2026-10-09T19:15:00+02:00;2026-10-09T23:42:05+02:00;hyeres;IFS;43.128292;6.1698956;24.0;2026-10-11T08:00;10.6;22.0;288.0;14.1;0.0;59.0;0.0;0.0;59.0;59.0;8.3;1008.2;0.0;3580.0;ICON
2026-10-09T19:15:00+02:00;2026-10-09T23:42:05+02:00;hyeres;IFS;43.128292;6.1698956;24.0;2026-10-11T09:00;10.0;18.7;288.0;15.1;0.0;48.0;0.0;0.0;48.0;48.0;9.0;1008.4;0.0;3610.0;ICON
2026-10-09T19:15:00+02:00;2026-10-09T23:42:05+02:00;hyeres;IFS;43.128292;6.1698956;24.0;2026-10-11T10:00;10.0;21.2;278.0;17.2;0.0;25.0;0.0;0.0;25.0;25.0;9.4;1008.6;0.0;3640.0;ICON
2026-10-09T19:15:00+02:00;2026-10-09T23:42:05+02:00;hyeres;IFS;43.128292;6.1698956;24.0;2026-10-11T11:00;12.1;27.0;273.0;18.7;0.0;25.0;0.0;0.0;25.0;25.0;9.8;1008.6;0.0;3650.0;ICON
2026-10-09T19:15:00+02:00;2026-10-09T23:42:05+02:00;hyeres;IFS;43.128292;6.1698956;24.0;2026-10-11T12:00;12.8;29.2;271.0;20.1;0.0;53.0;0.0;0.0;53.0;53.0;10.4;1008.3;0.0;3680.0;ICON
2026-10-09T19:15:00+02:00;2026-10-09T23:42:05+02:00;hyeres;IFS;43.128292;6.1698956;24.0;2026-10-11T13:00;12.6;29.5;265.0;21.2;0.0;56.0;0.0;0.0;56.0;56.0;10.9;1008.1;0.0;3660.0;ICON
2026-10-09T19:15:00+02:00;2026-10-09T23:42:05+02:00;hyeres;IFS;43.128292;6.1698956;24.0;2026-10-11T14:00;14.2;32.0;261.0;21.8;0.0;52.0;0.0;0.0;52.0;52.0;11.4;1007.8;0.0;3640.0;ICON
2026-10-09T19:15:00+02:00;2026-10-09T23:42:05+02:00;hyeres;IFS;43.128292;6.1698956;24.0;2026-10-11T15:00;16.5;36.0;263.0;22.0;0.0;75.0;0.0;1.0;75.0;75.0;10.9;1007.5;0.0;3640.0;ICON
2026-10-09T19:15:00+02:00;2026-10-09T23:42:05+02:00;hyeres;IFS;43.128292;6.1698956;24.0;2026-10-11T16:00;16.8;36.4;266.0;21.6;0.0;95.0;0.0;0.0;95.0;95.0;10.5;1007.5;0.0;3650.0;ICON
2026-10-09T19:15:00+02:00;2026-10-09T23:42:05+02:00;hyeres;IFS;43.128292;6.1698956;24.0;2026-10-11T17:00;16.2;36.0;266.0;20.6;0.0;95.0;0.0;0.0;95.0;95.0;10.5;1007.6;0.0;3600.0;ICON
2026-10-09T19:15:00+02:00;2026-10-09T23:42:05+02:00;hyeres;IFS;43.128292;6.1698956;24.0;2026-10-11T18:00;13.2;33.5;265.0;19.2;0.0;90.0;0.0;0.0;90.0;90.0;10.6;1007.5;0.0;3570.0;ICON
2026-10-09T19:15:00+02:00;2026-10-09T23:42:05+02:00;hyeres;IFS;43.128292;6.1698956;24.0;2026-10-11T19:00;11.4;25.9;273.0;17.6;0.0;45.0;0.0;4.0;43.0;45.0;10.1;1007.8;0.0;3580.0;ICON
2026-10-09T19:15:00+02:00;2026-10-09T23:42:05+02:00;hyeres;IFS;43.128292;6.1698956;24.0;2026-10-11T20:00;7.9;20.9;283.0;15.9;0.0;71.0;0.0;2.0;71.0;71.0;9.6;1008.2;0.0;3600.0;ICON
2026-10-09T19:15:00+02:00;2026-10-09T23:42:05+02:00;hyeres;IFS;43.128292;6.1698956;24.0;2026-10-11T21:00;4.6;14.0;291.0;14.5;0.0;80.0;0.0;5.0;80.0;80.0;9.6;1008.6;0.0;3620.0;ICON
2026-10-09T19:15:00+02:00;2026-10-09T23:42:05+02:00;hyeres;IFS;43.128292;6.1698956;24.0;2026-10-11T22:00;3.0;7.9;303.0;14.2;0.0;83.0;0.0;26.0;80.0;83.0;9.3;1009.0;0.0;3610.0;ICON
2026-10-09T19:15:00+02:00;2026-10-09T23:42:05+02:00;hyeres;IFS;43.128292;6.1698956;24.0;2026-10-11T23:00;1.4;5.4;320.0;14.2;0.0;66.0;0.0;54.0;34.0;66.0;9.0;1009.2;0.0;3550.0;ICON
2026-10-09T19:15:00+02:00;2026-10-09T23:42:05+02:00;hyeres;IFS;43.128292;6.1698956;24.0;2026-10-12T00:00;1.8;4.0;354.0;13.7;0.0;95.0;0.0;43.0;94.0;95.0;8.1;1009.4;0.0;3520.0;ICON
2026-10-09T19:15:00+02:00;2026-10-09T23:42:05+02:00;hyeres;IFS;43.128292;6.1698956;24.0;2026-10-12T01:00;3.2;5.4;357.0;13.9;0.0;77.0;0.0;76.0;13.0;77.0;7.9;1009.5;0.0;3490.0;ICON
2026-10-09T19:15:00+02:00;2026-10-09T23:42:05+02:00;hyeres;IFS;43.128292;6.1698956;24.0;2026-10-12T02:00;4.1;6.8;358.0;13.8;0.0;100.0;0.0;100.0;5.0;100.0;8.0;1009.6;0.0;3450.0;ICON
2026-10-09T19:15:00+02:00;2026-10-09T23:42:05+02:00;hyeres;IFS;43.128292;6.1698956;24.0;2026-10-12T03:00;4.2;7.2;355.0;14.3;0.0;58.0;0.0;57.0;2.0;58.0;8.3;1009.9;0.0;3430.0;ICON
2026-10-09T19:15:00+02:00;2026-10-09T23:42:05+02:00;hyeres;IFS;43.128292;6.1698956;24.0;2026-10-12T04:00;7.5;13.7;8.0;14.2;0.0;81.0;0.0;81.0;1.0;81.0;8.0;1009.8;0.0;3390.0;ICON
2026-10-09T19:15:00+02:00;2026-10-09T23:42:05+02:00;hyeres;IFS;43.128292;6.1698956;24.0;2026-10-12T05:00;7.6;14.4;359.0;13.8;0.0;2.0;0.0;2.0;0.0;2.0;7.9;1009.7;0.0;3350.0;ICON
2026-10-09T19:15:00+02:00;2026-10-09T23:42:05+02:00;hyeres;IFS;43.128292;6.1698956;24.0;2026-10-12T06:00;8.0;14.4;6.0;12.5;0.0;1.0;0.0;1.0;0.0;1.0;7.8;1010.0;0.0;3320.0;ICON
2026-10-09T19:15:00+02:00;2026-10-09T23:42:05+02:00;hyeres;IFS;43.128292;6.1698956;24.0;2026-10-12T07:00;9.2;16.6;2.0;12.2;0.0;2.0;2.0;0.0;0.0;2.0;7.6;1010.5;0.0;3340.0;ICON
2026-10-09T19:15:00+02:00;2026-10-09T23:42:05+02:00;hyeres;IFS;43.128292;6.1698956;24.0;2026-10-12T08:00;10.8;19.4;4.0;11.9;0.0;7.0;7.0;0.0;0.0;7.0;7.9;1010.8;0.0;3310.0;ICON
2026-10-09T19:15:00+02:00;2026-10-09T23:42:05+02:00;hyeres;IFS;43.128292;6.1698956;24.0;2026-10-12T09:00;11.5;21.6;358.0;14.4;0.0;13.0;13.0;0.0;2.0;13.0;9.8;1011.6;0.0;3310.0;ICON
2026-10-09T19:15:00+02:00;2026-10-09T23:42:05+02:00;hyeres;IFS;43.128292;6.1698956;24.0;2026-10-12T10:00;9.6;21.6;347.0;18.3;0.0;9.0;5.0;0.0;3.0;9.0;12.8;1012.3;0.0;3350.0;ICON
2026-10-09T19:15:00+02:00;2026-10-09T23:42:05+02:00;hyeres;IFS;43.128292;6.1698956;24.0;2026-10-12T11:00;7.7;19.4;36.0;20.9;0.0;22.0;5.0;0.0;18.0;22.0;14.6;1012.9;0.0;3420.0;ICON
2026-10-09T19:15:00+02:00;2026-10-09T23:42:05+02:00;hyeres;IFS;43.128292;6.1698956;24.0;2026-10-12T12:00;10.9;24.8;84.0;21.9;0.1;38.0;29.0;16.0;0.0;38.0;15.0;1013.2;0.0;3680.0;ICON
2026-10-09T19:15:00+02:00;2026-10-09T23:42:05+02:00;hyeres;IFS;43.128292;6.1698956;24.0;2026-10-12T13:00;11.7;27.4;101.0;22.5;0.2;27.0;15.0;9.0;7.0;27.0;15.0;1013.5;0.0;3790.0;ICON
2026-10-09T19:15:00+02:00;2026-10-09T23:42:05+02:00;hyeres;IFS;43.128292;6.1698956;24.0;2026-10-12T14:00;11.2;27.4;108.0;22.9;0.0;56.0;8.0;18.0;43.0;56.0;14.6;1013.8;0.0;3940.0;ICON
2026-10-09T19:15:00+02:00;2026-10-09T23:42:05+02:00;hyeres;IFS;43.128292;6.1698956;24.0;2026-10-12T15:00;9.9;26.3;111.0;23.0;0.0;15.0;7.0;7.0;5.0;15.0;14.4;1013.8;0.0;4080.0;ICON
2026-10-09T19:15:00+02:00;2026-10-09T23:42:05+02:00;hyeres;IFS;43.128292;6.1698956;24.0;2026-10-12T16:00;9.0;23.4;113.0;22.9;0.0;20.0;15.0;5.0;4.0;20.0;14.4;1013.9;0.0;4160.0;ICON
2026-10-09T19:15:00+02:00;2026-10-09T23:42:05+02:00;hyeres;IFS;43.128292;6.1698956;24.0;2026-10-12T17:00;7.7;21.2;118.0;22.4;0.0;21.0;2.0;2.0;19.0;21.0;14.5;1014.2;0.0;4220.0;ICON
2026-10-09T19:15:00+02:00;2026-10-09T23:42:05+02:00;hyeres;IFS;43.128292;6.1698956;24.0;2026-10-12T18:00;2.9;17.3;150.0;21.5;0.0;13.0;1.0;2.0;10.0;13.0;15.5;1014.5;0.0;4230.0;ICON
2026-10-09T19:15:00+02:00;2026-10-09T23:42:05+02:00;hyeres;IFS;43.128292;6.1698956;24.0;2026-10-12T19:00;2.0;6.5;280.0;19.1;0.0;23.0;3.0;2.0;20.0;23.0;15.4;1015.1;0.0;4240.0;ICON
2026-10-09T19:15:00+02:00;2026-10-09T23:42:05+02:00;hyeres;IFS;43.128292;6.1698956;24.0;2026-10-12T20:00;2.7;5.0;312.0;18.0;0.0;4.0;3.0;1.0;0.0;4.0;15.2;1015.8;0.0;4230.0;ICON
2026-10-09T19:15:00+02:00;2026-10-09T23:42:05+02:00;hyeres;IFS;43.128292;6.1698956;24.0;2026-10-12T21:00;0.9;4.0;360.0;17.5;0.0;30.0;3.0;0.0;27.0;30.0;14.8;1016.3;0.0;4170.0;ICON
2026-10-09T19:15:00+02:00;2026-10-09T23:42:05+02:00;hyeres;IFS;43.128292;6.1698956;24.0;2026-10-12T22:00;2.0;4.0;350.0;16.6;0.0;13.0;0.0;0.0;13.0;13.0;14.3;1016.6;0.0;4110.0;ICON
2026-10-09T19:15:00+02:00;2026-10-09T23:42:05+02:00;hyeres;IFS;43.128292;6.1698956;24.0;2026-10-12T23:00;4.0;8.6;352.0;15.4;0.0;2.0;0.0;0.0;2.0;2.0;13.8;1017.0;0.0;4050.0;ICON
2026-10-09T19:15:00+02:00;2026-10-09T23:42:05+02:00;hyeres;IFS;43.128292;6.1698956;24.0;2026-10-13T00:00;6.3;12.2;3.0;14.2;0.0;9.0;0.0;0.0;9.0;9.0;13.2;1017.5;0.0;4030.0;ICON
2026-10-09T19:15:00+02:00;2026-10-09T23:42:05+02:00;hyeres;IFS;43.128292;6.1698956;24.0;2026-10-13T01:00;8.2;15.1;8.0;13.8;0.0;13.0;0.0;0.0;13.0;13.0;12.9;1017.8;0.0;4010.0;ICON
2026-10-09T19:15:00+02:00;2026-10-09T23:42:05+02:00;hyeres;IFS;43.128292;6.1698956;24.0;2026-10-13T02:00;8.3;15.8;2.0;13.8;0.0;18.0;0.0;0.0;18.0;18.0;12.6;1017.8;0.0;3990.0;ICON
2026-10-09T19:15:00+02:00;2026-10-09T23:42:05+02:00;hyeres;IFS;43.128292;6.1698956;24.0;2026-10-13T03:00;8.0;15.8;355.0;13.5;0.0;34.0;0.0;0.0;34.0;34.0;12.4;1018.0;0.0;3960.0;ICON
2026-10-09T19:15:00+02:00;2026-10-09T23:42:05+02:00;hyeres;IFS;43.128292;6.1698956;24.0;2026-10-13T04:00;7.4;15.5;356.0;13.2;0.0;53.0;0.0;0.0;53.0;53.0;12.0;1018.2;0.0;3930.0;ICON
2026-10-09T19:15:00+02:00;2026-10-09T23:42:05+02:00;hyeres;IFS;43.128292;6.1698956;24.0;2026-10-13T05:00;6.7;14.8;357.0;12.7;0.0;20.0;0.0;0.0;20.0;20.0;11.7;1018.3;0.0;3900.0;ICON
2026-10-09T19:15:00+02:00;2026-10-09T23:42:05+02:00;hyeres;IFS;43.128292;6.1698956;24.0;2026-10-13T06:00;7.2;14.8;356.0;12.5;0.0;2.0;0.0;0.0;2.0;2.0;11.5;1018.7;0.0;3940.0;ICON
2026-10-09T19:15:00+02:00;2026-10-09T23:42:05+02:00;hyeres;IFS;43.128292;6.1698956;24.0;2026-10-13T07:00;8.1;15.8;357.0;12.3;0.0;0.0;0.0;0.0;0.0;0.0;11.4;1019.2;0.0;3970.0;ICON
2026-10-09T19:15:00+02:00;2026-10-09T23:42:05+02:00;hyeres;IFS;43.128292;6.1698956;24.0;2026-10-13T08:00;8.5;16.2;358.0;12.4;0.0;0.0;0.0;0.0;0.0;0.0;11.4;1019.5;0.0;4010.0;ICON
2026-10-09T19:15:00+02:00;2026-10-09T23:42:05+02:00;hyeres;IFS;43.128292;6.1698956;24.0;2026-10-13T09:00;7.0;16.2;4.0;15.0;0.0;0.0;0.0;0.0;0.0;0.0;12.6;1020.2;0.0;4120.0;ICON
2026-10-09T19:15:00+02:00;2026-10-09T23:42:05+02:00;hyeres;IFS;43.128292;6.1698956;24.0;2026-10-13T10:00;4.8;15.8;22.0;18.7;0.0;0.0;0.0;0.0;0.0;0.0;14.4;1020.9;0.0;4240.0;ICON
2026-10-09T19:15:00+02:00;2026-10-09T23:42:05+02:00;hyeres;IFS;43.128292;6.1698956;24.0;2026-10-13T11:00;3.4;16.9;65.0;21.5;0.0;4.0;4.0;0.0;0.0;4.0;15.7;1021.6;0.0;4350.0;ICON
2026-10-09T19:15:00+02:00;2026-10-09T23:42:05+02:00;hyeres;IFS;43.128292;6.1698956;24.0;2026-10-13T12:00;5.0;20.5;125.0;22.5;0.0;18.0;19.0;0.0;0.0;19.0;16.3;1021.9;0.0;4390.0;ICON
2026-10-09T19:15:00+02:00;2026-10-09T23:42:05+02:00;hyeres;IFS;43.128292;6.1698956;24.0;2026-10-13T13:00;9.3;25.9;146.0;22.5;0.0;37.0;38.0;0.0;0.0;38.0;16.5;1022.0;0.0;4420.0;ICON
2026-10-09T19:15:00+02:00;2026-10-09T23:42:05+02:00;hyeres;IFS;43.128292;6.1698956;24.0;2026-10-13T14:00;12.3;29.5;150.0;22.4;0.0;48.0;48.0;0.0;0.0;48.0;16.6;1022.0;0.0;4460.0;ICON
2026-10-09T19:15:00+02:00;2026-10-09T23:42:05+02:00;hyeres;IFS;43.128292;6.1698956;24.0;2026-10-13T15:00;11.9;31.0;145.0;22.4;0.0;43.0;40.0;3.0;2.0;43.0;16.4;1021.9;0.0;4460.0;ICON
2026-10-09T19:15:00+02:00;2026-10-09T23:42:05+02:00;hyeres;IFS;43.128292;6.1698956;24.0;2026-10-13T16:00;9.9;31.0;132.0;22.2;0.0;29.0;22.0;7.0;5.0;29.0;16.0;1021.8;0.0;4470.0;ICON
2026-10-09T19:15:00+02:00;2026-10-09T23:42:05+02:00;hyeres;IFS;43.128292;6.1698956;24.0;2026-10-13T17:00;8.0;29.9;118.0;21.7;0.0;18.0;8.0;9.0;7.0;18.0;15.7;1021.8;0.0;4470.0;ICON
2026-10-09T19:15:00+02:00;2026-10-09T23:42:05+02:00;hyeres;IFS;43.128292;6.1698956;24.0;2026-10-13T18:00;5.5;27.0;109.0;20.9;0.0;15.0;4.0;7.0;8.0;15.0;15.6;1021.9;0.0;4330.0;ICON
2026-10-09T19:15:00+02:00;2026-10-09T23:42:05+02:00;hyeres;IFS;43.128292;6.1698956;24.0;2026-10-13T19:00;2.5;22.3;94.0;19.8;0.0;14.0;5.0;4.0;9.0;14.0;15.7;1022.1;0.0;4180.0;ICON
2026-10-09T19:15:00+02:00;2026-10-09T23:42:05+02:00;hyeres;IFS;43.128292;6.1698956;24.0;2026-10-13T20:00;1.4;18.4;23.0;18.8;0.0;13.0;5.0;1.0;9.0;13.0;15.6;1022.5;0.0;4040.0;ICON
2026-10-09T19:15:00+02:00;2026-10-09T23:42:05+02:00;hyeres;IFS;43.128292;6.1698956;24.0;2026-10-13T21:00;2.0;14.4;5.0;17.9;0.0;10.0;4.0;0.0;7.0;10.0;15.4;1023.0;0.0;4030.0;ICON
2026-10-09T19:15:00+02:00;2026-10-09T23:42:05+02:00;hyeres;IFS;43.128292;6.1698956;24.0;2026-10-13T22:00;2.4;11.2;9.0;17.0;0.0;7.0;3.0;0.0;4.0;7.0;15.1;1023.5;0.0;4020.0;ICON
2026-10-09T19:15:00+02:00;2026-10-09T23:42:05+02:00;hyeres;IFS;43.128292;6.1698956;24.0;2026-10-13T23:00;3.1;9.0;10.0;16.3;0.0;6.0;3.0;0.0;3.0;6.0;14.8;1024.0;0.0;4010.0;ICON
2026-10-09T19:15:00+02:00;2026-10-09T23:42:05+02:00;hyeres;IFS;43.128292;6.1698956;24.0;2026-10-14T00:00;4.5;9.7;2.0;15.7;0.0;9.0;3.0;0.0;6.0;9.0;14.4;1024.3;0.0;3980.0;ICON
2026-10-09T19:15:00+02:00;2026-10-09T23:42:05+02:00;hyeres;IFS;43.128292;6.1698956;24.0;2026-10-14T01:00;6.1;11.9;355.0;15.3;0.0;13.0;3.0;0.0;10.0;13.0;14.1;1024.6;0.0;3940.0;ICON
2026-10-09T19:15:00+02:00;2026-10-09T23:42:05+02:00;hyeres;IFS;43.128292;6.1698956;24.0;2026-10-14T02:00;7.4;13.7;353.0;15.0;0.0;19.0;5.0;0.0;15.0;19.0;13.8;1024.8;0.0;3910.0;ICON
2026-10-09T19:15:00+02:00;2026-10-09T23:42:05+02:00;hyeres;IFS;43.128292;6.1698956;24.0;2026-10-14T03:00;7.8;14.4;352.0;14.8;0.0;24.0;9.0;0.0;17.0;24.0;13.6;1024.9;0.0;3910.0;ICON
2026-10-09T19:15:00+02:00;2026-10-09T23:42:05+02:00;hyeres;IFS;43.128292;6.1698956;24.0;2026-10-14T04:00;7.8;15.1;351.0;14.8;0.0;31.0;14.0;0.0;19.0;31.0;13.5;1025.0;0.0;3900.0;ICON
2026-10-09T19:15:00+02:00;2026-10-09T23:42:05+02:00;hyeres;IFS;43.128292;6.1698956;24.0;2026-10-14T05:00;8.0;15.8;354.0;14.9;0.0;40.0;17.0;0.0;27.0;40.0;13.4;1025.2;0.0;3900.0;ICON
2026-10-09T19:15:00+02:00;2026-10-09T23:42:05+02:00;hyeres;IFS;43.128292;6.1698956;24.0;2026-10-14T06:00;8.8;17.3;1.0;14.9;0.0;55.0;15.0;0.0;45.0;55.0;13.3;1025.5;0.0;3910.0;ICON
2026-10-09T19:15:00+02:00;2026-10-09T23:42:05+02:00;hyeres;IFS;43.128292;6.1698956;24.0;2026-10-14T07:00;10.2;18.7;8.0;15.1;0.0;74.0;12.0;0.0;69.0;74.0;13.3;1025.8;0.0;3930.0;ICON
2026-10-09T19:15:00+02:00;2026-10-09T23:42:05+02:00;hyeres;IFS;43.128292;6.1698956;24.0;2026-10-14T08:00;10.9;20.2;16.0;15.7;0.0;88.0;8.0;0.0;87.0;88.0;13.3;1026.1;0.0;3940.0;ICON
2026-10-09T19:15:00+02:00;2026-10-09T23:42:05+02:00;hyeres;IFS;43.128292;6.1698956;24.0;2026-10-14T09:00;10.7;20.9;27.0;17.3;0.0;95.0;5.0;0.0;95.0;95.0;13.7;1026.5;0.0;3880.0;ICON
2026-10-09T19:15:00+02:00;2026-10-09T23:42:05+02:00;hyeres;IFS;43.128292;6.1698956;24.0;2026-10-14T10:00;10.2;21.2;41.0;19.5;0.0;97.0;1.0;0.0;98.0;98.0;14.1;1027.0;0.0;3820.0;ICON
2026-10-09T19:15:00+02:00;2026-10-09T23:42:05+02:00;hyeres;IFS;43.128292;6.1698956;24.0;2026-10-14T11:00;9.5;22.0;57.0;21.2;0.0;97.0;2.0;0.0;97.0;97.0;14.5;1027.3;0.0;3760.0;ICON
2026-10-09T19:15:00+02:00;2026-10-09T23:42:05+02:00;hyeres;IFS;43.128292;6.1698956;24.0;2026-10-14T12:00;8.4;23.4;83.0;22.2;0.0;94.0;11.0;0.0;91.0;94.0;14.6;1027.3;0.0;3770.0;ICON
2026-10-09T19:15:00+02:00;2026-10-09T23:42:05+02:00;hyeres;IFS;43.128292;6.1698956;24.0;2026-10-14T13:00;8.9;24.8;115.0;22.8;0.0;88.0;23.0;0.0;83.0;88.0;14.5;1027.2;0.0;3765.0;ICON
2026-10-09T19:15:00+02:00;2026-10-09T23:42:05+02:00;hyeres;IFS;43.128292;6.1698956;24.0;2026-10-14T14:00;10.7;26.3;134.0;23.0;0.0;85.0;30.0;0.0;78.0;85.0;14.5;1027.0;0.0;3750.0;ICON
2026-10-09T19:15:00+02:00;2026-10-09T23:42:05+02:00;hyeres;IFS;43.128292;6.1698956;24.0;2026-10-14T15:00;11.5;28.1;138.0;22.8;0.0;88.0;25.0;0.0;83.0;88.0;14.6;1026.7;0.0;3750.0;ICON
2026-10-09T19:15:00+02:00;2026-10-09T23:42:05+02:00;hyeres;IFS;43.128292;6.1698956;24.0;2026-10-14T16:00;11.3;29.5;137.0;22.1;0.0;94.0;14.0;0.0;92.0;94.0;14.7;1026.3;0.0;3730.0;ICON
2026-10-09T19:15:00+02:00;2026-10-09T23:42:05+02:00;hyeres;IFS;43.128292;6.1698956;24.0;2026-10-14T17:00;9.9;29.9;135.0;21.3;0.0;98.0;5.0;0.0;98.0;98.0;14.8;1026.2;0.0;3720.0;ICON
2026-10-09T19:15:00+02:00;2026-10-09T23:42:05+02:00;hyeres;IFS;43.128292;6.1698956;24.0;2026-10-14T18:00;6.9;28.1;133.0;20.4;0.0;98.0;2.0;0.0;98.0;98.0;14.9;1026.3;0.0;3735.0;ICON
2026-10-09T19:15:00+02:00;2026-10-09T23:42:05+02:00;hyeres;IFS;43.128292;6.1698956;24.0;2026-10-14T19:00;2.9;25.2;120.0;19.3;0.0;96.0;0.0;0.0;96.0;96.0;15.1;1026.6;0.0;3760.0;ICON
2026-10-09T19:15:00+02:00;2026-10-09T23:42:05+02:00;hyeres;IFS;43.128292;6.1698956;24.0;2026-10-14T20:00;1.5;22.0;21.0;18.2;0.0;95.0;0.0;0.0;95.0;95.0;15.0;1026.8;0.0;3775.0;ICON
2026-10-09T19:15:00+02:00;2026-10-09T23:42:05+02:00;hyeres;IFS;43.128292;6.1698956;24.0;2026-10-14T21:00;3.2;18.7;357.0;17.2;0.0;96.0;1.0;0.0;96.0;96.0;14.8;1027.0;0.0;4130.0;ICON
2026-10-09T19:15:00+02:00;2026-10-09T23:42:05+02:00;hyeres;IFS;43.128292;6.1698956;24.0;2026-10-14T22:00;4.7;15.1;356.0;16.2;0.0;99.0;3.0;0.0;99.0;99.0;14.4;1027.2;0.0;4120.0;ICON
2026-10-09T19:15:00+02:00;2026-10-09T23:42:05+02:00;hyeres;IFS;43.128292;6.1698956;24.0;2026-10-14T23:00;6.0;13.0;355.0;15.4;0.0;99.0;4.0;0.0;99.0;99.0;14.0;1027.3;0.0;4120.0;ICON
2026-10-09T19:15:00+02:00;2026-10-09T23:42:05+02:00;hyeres;IFS;43.128292;6.1698956;24.0;2026-10-15T00:00;7.3;13.3;353.0;15.1;0.0;96.0;1.0;0.0;98.0;98.0;13.8;1027.3;0.0;4090.0;ICON
2026-10-09T19:15:00+02:00;2026-10-09T23:42:05+02:00;hyeres;IFS;43.128292;6.1698956;24.0;2026-10-15T01:00;8.2;14.8;352.0;14.9;0.0;92.0;0.0;0.0;95.0;95.0;13.6;1027.2;0.0;4050.0;ICON
2026-10-09T19:15:00+02:00;2026-10-09T23:42:05+02:00;hyeres;IFS;43.128292;6.1698956;24.0;2026-10-15T02:00;9.1;16.2;353.0;14.7;0.0;87.0;0.0;0.0;87.0;87.0;13.5;1027.0;0.0;4020.0;ICON
2026-10-09T19:15:00+02:00;2026-10-09T23:42:05+02:00;hyeres;IFS;43.128292;6.1698956;24.0;2026-10-15T03:00;9.8;17.3;355.0;14.2;0.0;82.0;17.0;0.0;71.0;82.0;13.3;1026.7;0.0;3920.0;ICON
2026-10-09T19:15:00+02:00;2026-10-09T23:42:05+02:00;hyeres;IFS;43.128292;6.1698956;24.0;2026-10-15T04:00;10.3;18.0;357.0;13.7;0.0;77.0;42.0;0.0;50.0;77.0;13.1;1026.2;0.0;3830.0;ICON
2026-10-09T19:15:00+02:00;2026-10-09T23:42:05+02:00;hyeres;IFS;43.128292;6.1698956;24.0;2026-10-15T05:00;10.4;18.7;359.0;13.2;0.0;76.0;64.0;0.0;32.0;76.0;12.8;1025.9;0.0;3730.0;ICON
2026-10-09T19:15:00+02:00;2026-10-09T23:42:05+02:00;hyeres;IFS;43.128292;6.1698956;24.0;2026-10-15T06:00;10.6;19.1;1.0;12.4;0.0;86.0;83.0;0.0;18.0;86.0;12.2;1025.7;0.0;3750.0;ICON
2026-10-09T19:15:00+02:00;2026-10-09T23:42:05+02:00;hyeres;IFS;43.128292;6.1698956;24.0;2026-10-15T07:00;10.4;19.4;2.0;11.6;0.0;99.0;99.0;0.0;7.0;99.0;11.6;1025.5;0.0;3760.0;ICON
2026-10-09T19:15:00+02:00;2026-10-09T23:42:05+02:00;hyeres;IFS;43.128292;6.1698956;24.0;2026-10-15T08:00;9.7;19.4;3.0;11.9;0.0;100.0;100.0;0.0;0.0;100.0;11.6;1025.5;0.0;3780.0;ICON
2026-10-09T19:15:00+02:00;2026-10-09T23:42:05+02:00;hyeres;IFS;43.128292;6.1698956;24.0;2026-10-15T09:00;8.1;19.1;3.0;14.0;0.0;74.0;75.0;0.0;0.0;75.0;12.8;1025.7;0.0;3770.0;ICON
2026-10-09T19:15:00+02:00;2026-10-09T23:42:05+02:00;hyeres;IFS;43.128292;6.1698956;24.0;2026-10-15T10:00;5.8;19.1;360.0;17.2;0.0;35.0;35.0;0.0;0.0;35.0;14.7;1025.9;0.0;3760.0;ICON
2026-10-09T19:15:00+02:00;2026-10-09T23:42:05+02:00;hyeres;IFS;43.128292;6.1698956;24.0;2026-10-15T11:00;2.9;19.1;353.0;19.7;0.0;8.0;8.0;0.0;0.0;8.0;16.2;1025.9;0.0;3750.0;ICON
2026-10-09T19:15:00+02:00;2026-10-09T23:42:05+02:00;hyeres;IFS;43.128292;6.1698956;24.0;2026-10-15T12:00;4.1;22.0;193.0;18.9;0.0;50.0;53.0;0.0;0.0;53.0;15.3;1025.2;0.0;3740.0;ICON
2026-10-09T19:15:00+02:00;2026-10-09T23:42:05+02:00;hyeres;IFS;43.128292;6.1698956;24.0;2026-10-15T13:00;7.1;22.3;190.0;20.6;0.0;36.0;37.0;0.0;0.0;37.0;16.3;1025.1;0.0;3720.0;ICON
2026-10-09T19:15:00+02:00;2026-10-09T23:42:05+02:00;hyeres;IFS;43.128292;6.1698956;24.0;2026-10-15T14:00;8.6;22.7;190.0;21.5;0.0;25.0;25.0;0.0;0.0;25.0;16.8;1024.9;0.0;3710.0;ICON
2026-10-09T19:15:00+02:00;2026-10-09T23:42:05+02:00;hyeres;IFS;43.128292;6.1698956;24.0;2026-10-15T15:00;8.2;23.0;189.0;21.4;0.0;16.0;16.0;0.0;0.0;16.0;16.9;1024.7;0.0;3720.0;ICON
2026-10-09T19:15:00+02:00;2026-10-09T23:42:05+02:00;hyeres;IFS;43.128292;6.1698956;24.0;2026-10-15T16:00;6.4;23.4;190.0;20.7;0.0;8.0;8.0;0.0;0.0;8.0;16.7;1024.4;0.0;3720.0;ICON
2026-10-09T19:15:00+02:00;2026-10-09T23:42:05+02:00;hyeres;IFS;43.128292;6.1698956;24.0;2026-10-15T17:00;3.7;23.8;191.0;19.6;0.0;2.0;2.0;0.0;0.0;2.0;16.2;1024.1;0.0;3730.0;ICON
2026-10-09T19:15:00+02:00;2026-10-09T23:42:05+02:00;hyeres;IFS;43.128292;6.1698956;24.0;2026-10-15T18:00;0.6;23.8;198.0;18.2;0.0;0.0;0.0;0.0;0.0;0.0;15.7;1023.8;0.0;3790.0;ICON
2026-10-09T19:15:00+02:00;2026-10-09T23:42:05+02:00;hyeres;IFS;43.128292;6.1698956;24.0;2026-10-15T19:00;2.2;23.8;5.0;16.9;0.0;0.0;0.0;0.0;0.0;0.0;15.1;1023.5;0.0;3840.0;ICON
2026-10-09T19:15:00+02:00;2026-10-09T23:42:05+02:00;hyeres;IFS;43.128292;6.1698956;24.0;2026-10-15T20:00;4.2;23.4;5.0;15.8;0.0;0.0;0.0;0.0;0.0;0.0;14.6;1023.3;0.0;3900.0;ICON
2026-10-09T19:15:00+02:00;2026-10-09T23:42:05+02:00;hyeres;IFS;43.128292;6.1698956;24.0;2026-10-15T21:00;5.4;22.7;4.0;14.9;0.0;12.0;12.0;0.0;0.0;12.0;14.0;1023.1;0.0;3910.0;ICON
2026-10-09T19:15:00+02:00;2026-10-09T23:42:05+02:00;hyeres;IFS;43.128292;6.1698956;24.0;2026-10-15T22:00;6.3;21.2;3.0;14.0;0.0;31.0;31.0;0.0;0.0;31.0;13.4;1022.9;0.0;3930.0;ICON
2026-10-09T19:15:00+02:00;2026-10-09T23:42:05+02:00;hyeres;IFS;43.128292;6.1698956;24.0;2026-10-15T23:00;7.0;19.8;3.0;13.1;0.0;55.0;55.0;0.0;0.0;55.0;12.6;1022.8;0.0;3940.0;ICON
2026-10-09T19:15:00+02:00;2026-10-09T23:42:05+02:00;hyeres;IFS;43.128292;6.1698956;24.0;2026-10-16T00:00;7.6;18.4;3.0;12.3;0.0;77.0;77.0;0.0;0.0;77.0;11.9;1022.6;0.0;3910.0;ICON
2026-10-09T19:15:00+02:00;2026-10-09T23:42:05+02:00;hyeres;IFS;43.128292;6.1698956;24.0;2026-10-16T01:00;7.9;16.9;1.0;11.5;0.0;93.0;93.0;0.0;0.0;93.0;11.3;1022.5;0.0;3880.0;ICON
2026-10-09T19:15:00+02:00;2026-10-09T23:42:05+02:00;hyeres;IFS;43.128292;6.1698956;24.0;2026-10-16T02:00;8.1;16.2;1.0;10.9;0.0;100.0;100.0;0.0;0.0;100.0;10.7;1022.1;0.0;3850.0;ICON
2026-10-09T19:15:00+02:00;2026-10-09T23:42:05+02:00;hyeres;IFS;43.128292;6.1698956;24.0;2026-10-16T03:00;8.3;15.8;1.0;10.2;0.0;94.0;94.0;0.0;0.0;94.0;10.2;1021.8;0.0;3840.0;ICON
2026-10-09T19:15:00+02:00;2026-10-09T23:42:05+02:00;hyeres;IFS;43.128292;6.1698956;24.0;2026-10-16T04:00;8.3;15.5;4.0;9.4;0.0;78.0;78.0;0.0;0.0;78.0;9.6;1021.3;0.0;3830.0;ICON
2026-10-09T19:15:00+02:00;2026-10-09T23:42:05+02:00;hyeres;IFS;43.128292;6.1698956;24.0;2026-10-16T05:00;8.1;15.1;5.0;8.7;0.0;56.0;56.0;0.0;0.0;56.0;9.1;1020.9;0.0;3820.0;ICON
2026-10-09T19:15:00+02:00;2026-10-09T23:42:05+02:00;hyeres;IFS;43.128292;6.1698956;24.0;2026-10-16T06:00;7.8;15.5;5.0;8.2;0.0;33.0;33.0;0.0;0.0;33.0;8.7;1020.5;0.0;3810.0;ICON
2026-10-09T19:15:00+02:00;2026-10-09T23:42:05+02:00;hyeres;IFS;43.128292;6.1698956;24.0;2026-10-16T07:00;7.1;15.5;6.0;8.2;0.0;13.0;13.0;0.0;0.0;13.0;8.5;1020.0;0.0;3810.0;ICON
2026-10-09T19:15:00+02:00;2026-10-09T23:42:05+02:00;hyeres;IFS;43.128292;6.1698956;24.0;2026-10-16T08:00;6.0;16.2;3.0;8.8;0.0;0.0;0.0;0.0;0.0;0.0;8.6;1019.7;0.0;3800.0;ICON
2026-10-09T19:15:00+02:00;2026-10-09T23:42:05+02:00;hyeres;IFS;43.128292;6.1698956;24.0;2026-10-16T09:00;4.0;17.3;355.0;10.4;0.0;0.0;0.0;0.0;0.0;0.0;9.0;1019.5;0.0;3830.0;ICON
2026-10-09T19:15:00+02:00;2026-10-09T23:42:05+02:00;hyeres;IFS;43.128292;6.1698956;24.0;2026-10-16T10:00;2.1;18.4;308.0;12.8;0.0;0.0;0.0;0.0;0.0;0.0;9.6;1019.4;0.0;3850.0;ICON
2026-10-09T19:15:00+02:00;2026-10-09T23:42:05+02:00;hyeres;IFS;43.128292;6.1698956;24.0;2026-10-16T11:00;3.3;20.2;241.0;15.8;0.0;0.0;0.0;0.0;1.0;1.0;10.5;1019.3;0.0;3880.0;ICON
2026-10-09T19:15:00+02:00;2026-10-09T23:42:05+02:00;hyeres;IFS;43.128292;6.1698956;24.0;2026-10-16T12:00;6.1;21.6;223.0;18.7;0.0;0.0;0.0;0.0;1.0;1.0;11.4;1019.1;0.0;3880.0;ICON
2026-10-09T19:15:00+02:00;2026-10-09T23:42:05+02:00;hyeres;IFS;43.128292;6.1698956;24.0;2026-10-16T13:00;8.6;23.0;217.0;21.0;0.0;1.0;0.0;0.0;1.0;1.0;12.3;1019.0;0.0;3890.0;ICON
2026-10-09T19:15:00+02:00;2026-10-09T23:42:05+02:00;hyeres;IFS;43.128292;6.1698956;24.0;2026-10-16T14:00;9.9;24.1;217.0;22.4;0.0;2.0;1.0;0.0;1.0;2.0;13.0;1018.8;0.0;3890.0;ICON
2026-10-09T19:15:00+02:00;2026-10-09T23:42:05+02:00;hyeres;IFS;43.128292;6.1698956;24.0;2026-10-16T15:00;9.9;24.8;218.0;22.6;0.0;2.0;1.0;0.0;1.0;2.0;13.7;1018.5;0.0;3880.0;ICON
2026-10-09T19:15:00+02:00;2026-10-09T23:42:05+02:00;hyeres;IFS;43.128292;6.1698956;24.0;2026-10-16T16:00;8.9;25.9;223.0;22.0;0.0;1.0;1.0;0.0;1.0;1.0;14.4;1018.0;0.0;3870.0;ICON
2026-10-09T19:15:00+02:00;2026-10-09T23:42:05+02:00;hyeres;IFS;43.128292;6.1698956;24.0;2026-10-16T17:00;7.6;26.3;232.0;20.9;0.0;1.0;0.0;0.0;1.0;1.0;15.0;1017.6;0.0;3860.0;ICON
2026-10-09T19:15:00+02:00;2026-10-09T23:42:05+02:00;hyeres;IFS;43.128292;6.1698956;24.0;2026-10-16T18:00;6.2;26.6;244.0;19.6;0.0;0.0;0.0;0.0;0.0;0.0;15.6;1017.0;0.0;3840.0;ICON
2026-10-09T19:15:00+02:00;2026-10-09T23:42:05+02:00;hyeres;IFS;43.128292;6.1698956;24.0;2026-10-16T19:00;5.1;26.6;264.0;18.2;0.0;0.0;0.0;0.0;0.0;0.0;15.9;1016.6;0.0;3810.0;ICON
2026-10-09T19:15:00+02:00;2026-10-09T23:42:05+02:00;hyeres;IFS;43.128292;6.1698956;24.0;2026-10-16T20:00;4.6;26.3;283.0;17.1;0.0;0.0;0.0;0.0;0.0;0.0;15.9;1016.3;0.0;3790.0;ICON
2026-10-09T19:15:00+02:00;2026-10-09T23:42:05+02:00;hyeres;IFS;43.128292;6.1698956;24.0;2026-10-16T21:00;4.5;25.2;304.0;16.1;0.0;0.0;0.0;0.0;0.0;0.0;15.5;1016.1;0.0;3740.0;ICON
2026-10-09T19:15:00+02:00;2026-10-09T23:42:05+02:00;hyeres;IFS;43.128292;6.1698956;24.0;2026-10-16T22:00;4.8;23.0;323.0;15.1;0.0;0.0;0.0;0.0;0.0;0.0;14.8;1015.9;0.0;3700.0;ICON
2026-10-09T19:15:00+02:00;2026-10-09T23:42:05+02:00;hyeres;IFS;43.128292;6.1698956;24.0;2026-10-16T23:00;5.6;20.9;339.0;14.0;0.0;0.0;0.0;0.0;0.0;0.0;13.8;1015.8;0.0;3650.0;ICON
2026-10-09T19:15:00+02:00;2026-10-09T23:42:05+02:00;hyeres;IFS;43.128292;6.1698956;24.0;2026-10-17T00:00;6.4;18.7;352.0;13.0;0.0;0.0;0.0;0.0;0.0;0.0;12.8;1015.7;0.0;3640.0;ICON
2026-10-09T19:15:00+02:00;2026-10-09T23:42:05+02:00;hyeres;IFS;43.128292;6.1698956;24.0;2026-10-17T01:00;7.4;16.6;360.0;12.2;0.0;1.0;1.0;0.0;0.0;1.0;11.9;1015.7;0.0;3620.0;ICON
2026-10-09T19:15:00+02:00;2026-10-09T23:42:05+02:00;hyeres;IFS;43.128292;6.1698956;24.0;2026-10-17T02:00;8.1;15.5;4.0;11.6;0.0;7.0;7.0;0.0;0.0;7.0;11.3;1015.6;0.0;3610.0;ICON
2026-10-09T19:15:00+02:00;2026-10-09T23:42:05+02:00;hyeres;IFS;43.128292;6.1698956;24.0;2026-10-17T03:00;8.7;15.1;6.0;11.1;0.0;19.0;19.0;0.0;0.0;19.0;10.9;1015.6;0.0;;
2026-10-09T19:15:00+02:00;2026-10-09T23:42:05+02:00;hyeres;IFS;43.128292;6.1698956;24.0;2026-10-17T04:00;9.2;15.1;7.0;10.8;0.0;37.0;37.0;0.0;0.0;37.0;10.7;1015.5;0.0;;
2026-10-09T19:15:00+02:00;2026-10-09T23:42:05+02:00;hyeres;IFS;43.128292;6.1698956;24.0;2026-10-17T05:00;9.6;15.5;8.0;10.5;0.0;58.0;58.0;0.0;0.0;58.0;10.5;1015.5;0.0;;
2026-10-09T19:15:00+02:00;2026-10-09T23:42:05+02:00;hyeres;IFS;43.128292;6.1698956;24.0;2026-10-17T06:00;9.6;15.8;8.0;10.5;0.0;77.0;77.0;0.0;0.0;77.0;10.5;1015.5;0.0;;
2026-10-09T19:15:00+02:00;2026-10-09T23:42:05+02:00;hyeres;IFS;43.128292;6.1698956;24.0;2026-10-17T07:00;9.2;16.6;7.0;10.8;0.0;91.0;91.0;0.0;0.0;91.0;10.5;1015.6;0.0;;
2026-10-09T19:15:00+02:00;2026-10-09T23:42:05+02:00;hyeres;IFS;43.128292;6.1698956;24.0;2026-10-17T08:00;8.2;17.3;8.0;11.4;0.0;96.0;96.0;0.0;0.0;96.0;10.7;1015.6;0.0;;
2026-10-09T19:15:00+02:00;2026-10-09T23:42:05+02:00;hyeres;IFS;43.128292;6.1698956;24.0;2026-10-17T09:00;6.2;18.0;8.0;12.6;0.0;89.0;90.0;0.0;0.0;90.0;11.0;1015.7;0.0;;
2026-10-09T19:15:00+02:00;2026-10-09T23:42:05+02:00;hyeres;IFS;43.128292;6.1698956;24.0;2026-10-17T10:00;3.0;19.1;14.0;14.5;0.0;72.0;76.0;0.0;0.0;76.0;11.5;1015.8;0.0;;
2026-10-09T19:15:00+02:00;2026-10-09T23:42:05+02:00;hyeres;IFS;43.128292;6.1698956;24.0;2026-10-17T11:00;0.8;19.8;135.0;16.6;0.0;51.0;56.0;0.0;0.0;56.0;12.1;1015.9;0.0;;
2026-10-09T19:15:00+02:00;2026-10-09T23:42:05+02:00;hyeres;IFS;43.128292;6.1698956;24.0;2026-10-17T12:00;4.0;20.9;177.0;18.7;0.0;29.0;36.0;0.0;0.0;36.0;12.7;1016.0;0.0;;
2026-10-09T19:15:00+02:00;2026-10-09T23:42:05+02:00;hyeres;IFS;43.128292;6.1698956;24.0;2026-10-17T13:00;6.7;21.6;180.0;20.3;0.0;12.0;17.0;0.0;0.0;17.0;13.3;1016.2;0.0;;
2026-10-09T19:15:00+02:00;2026-10-09T23:42:05+02:00;hyeres;IFS;43.128292;6.1698956;24.0;2026-10-17T14:00;7.9;22.3;181.0;21.2;0.0;5.0;5.0;0.0;0.0;5.0;13.7;1016.3;0.0;;
2026-10-09T19:15:00+02:00;2026-10-09T23:42:05+02:00;hyeres;IFS;43.128292;6.1698956;24.0;2026-10-17T15:00;7.7;22.7;181.0;21.3;0.0;10.0;0.0;0.0;11.0;11.0;13.9;1016.4;0.0;;
2026-10-09T19:15:00+02:00;2026-10-09T23:42:05+02:00;hyeres;IFS;43.128292;6.1698956;24.0;2026-10-17T16:00;6.3;23.0;182.0;20.7;0.0;24.0;0.0;0.0;27.0;27.0;14.1;1016.4;0.0;;
2026-10-09T19:15:00+02:00;2026-10-09T23:42:05+02:00;hyeres;IFS;43.128292;6.1698956;24.0;2026-10-17T17:00;4.1;23.0;180.0;19.8;0.0;42.0;0.0;0.0;46.0;46.0;14.2;1016.5;0.0;;
2026-10-09T19:15:00+02:00;2026-10-09T23:42:05+02:00;hyeres;IFS;43.128292;6.1698956;24.0;2026-10-17T18:00;1.6;23.0;174.0;18.7;0.0;62.0;0.0;0.0;65.0;65.0;14.2;1016.5;0.0;;
2026-10-09T19:15:00+02:00;2026-10-09T23:42:05+02:00;hyeres;IFS;43.128292;6.1698956;24.0;2026-10-17T19:00;0.7;22.7;14.0;17.6;0.0;80.0;0.0;0.0;81.0;81.0;14.2;1016.6;0.0;;
2026-10-09T19:15:00+02:00;2026-10-09T23:42:05+02:00;hyeres;IFS;43.128292;6.1698956;24.0;2026-10-17T20:00;2.5;22.3;8.0;16.7;0.0;91.0;1.0;0.0;91.0;91.0;14.1;1016.7;0.0;;
2026-10-09T19:15:00+02:00;2026-10-09T23:42:05+02:00;hyeres;IFS;43.128292;6.1698956;24.0;2026-10-17T21:00;4.0;21.6;5.0;15.9;0.0;96.0;5.0;0.0;96.0;96.0;13.9;1016.9;0.0;;
2026-10-09T19:15:00+02:00;2026-10-09T23:42:05+02:00;hyeres;IFS;43.128292;6.1698956;24.0;2026-10-17T22:00;5.4;20.9;6.0;15.2;0.0;97.0;9.0;0.0;97.0;97.0;13.6;1017.1;0.0;;
2026-10-09T19:15:00+02:00;2026-10-09T23:42:05+02:00;hyeres;IFS;43.128292;6.1698956;24.0;2026-10-17T23:00;6.7;19.8;5.0;14.4;0.0;95.0;15.0;0.0;95.0;95.0;13.2;1017.4;0.0;;
2026-10-09T19:15:00+02:00;2026-10-09T23:42:05+02:00;hyeres;IFS;43.128292;6.1698956;24.0;2026-10-18T00:00;7.8;18.7;5.0;13.8;0.0;93.0;22.0;0.0;92.0;93.0;12.8;1017.7;0.0;;
2026-10-09T19:15:00+02:00;2026-10-09T23:42:05+02:00;hyeres;IFS;43.128292;6.1698956;24.0;2026-10-18T01:00;8.8;17.6;5.0;13.2;0.0;91.0;30.0;0.0;87.0;91.0;12.4;1018.0;0.0;;
2026-10-09T19:15:00+02:00;2026-10-09T23:42:05+02:00;hyeres;IFS;43.128292;6.1698956;24.0;2026-10-18T02:00;9.6;17.3;4.0;12.8;0.0;90.0;38.0;0.0;83.0;90.0;12.2;1018.2;0.0;;
2026-10-09T19:15:00+02:00;2026-10-09T23:42:05+02:00;hyeres;IFS;43.128292;6.1698956;24.0;2026-10-18T03:00;10.3;17.3;4.0;12.4;0.0;92.0;49.0;0.0;78.0;92.0;12.1;1018.4;0.0;;
2026-10-09T19:15:00+02:00;2026-10-09T23:42:05+02:00;hyeres;IFS;43.128292;6.1698956;24.0;2026-10-18T04:00;11.0;17.6;5.0;12.1;0.0;97.0;62.0;0.0;72.0;97.0;12.1;1018.6;0.0;;
2026-10-09T19:15:00+02:00;2026-10-09T23:42:05+02:00;hyeres;IFS;43.128292;6.1698956;24.0;2026-10-18T05:00;11.6;18.4;4.0;11.9;0.0;100.0;77.0;0.0;65.0;100.0;12.2;1018.8;0.0;;
2026-10-09T19:15:00+02:00;2026-10-09T23:42:05+02:00;hyeres;IFS;43.128292;6.1698956;24.0;2026-10-18T06:00;11.7;19.1;4.0;11.9;0.0;100.0;90.0;0.0;57.0;100.0;12.3;1018.9;0.0;;
2026-10-09T19:15:00+02:00;2026-10-09T23:42:05+02:00;hyeres;IFS;43.128292;6.1698956;24.0;2026-10-18T07:00;11.6;19.8;4.0;12.2;0.0;100.0;98.0;0.0;49.0;100.0;12.4;1019.1;0.0;;
2026-10-09T19:15:00+02:00;2026-10-09T23:42:05+02:00;hyeres;IFS;43.128292;6.1698956;24.0;2026-10-18T08:00;10.5;20.2;4.0;12.7;0.0;100.0;99.0;0.0;42.0;100.0;12.6;1019.3;0.0;;
2026-10-09T19:15:00+02:00;2026-10-09T23:42:05+02:00;hyeres;IFS;43.128292;6.1698956;24.0;2026-10-18T09:00;8.3;20.5;4.0;13.9;0.0;89.0;91.0;0.0;35.0;91.0;12.9;1019.5;0.0;;
2026-10-09T19:15:00+02:00;2026-10-09T23:42:05+02:00;hyeres;IFS;43.128292;6.1698956;24.0;2026-10-18T10:00;4.9;20.9;2.0;15.6;0.0;71.0;74.0;0.0;27.0;74.0;13.3;1019.8;0.0;;
2026-10-09T19:15:00+02:00;2026-10-09T23:42:05+02:00;hyeres;IFS;43.128292;6.1698956;24.0;2026-10-18T11:00;1.0;21.2;338.0;17.6;0.0;51.0;53.0;0.0;18.0;53.0;13.8;1020.0;0.0;;
2026-10-09T19:15:00+02:00;2026-10-09T23:42:05+02:00;hyeres;IFS;43.128292;6.1698956;24.0;2026-10-18T12:00;3.0;21.6;194.0;19.5;0.0;30.0;31.0;0.0;11.0;31.0;14.2;1020.2;0.0;;
2026-10-09T19:15:00+02:00;2026-10-09T23:42:05+02:00;hyeres;IFS;43.128292;6.1698956;24.0;2026-10-18T13:00;6.1;21.6;192.0;21.1;0.0;12.0;13.0;0.0;5.0;13.0;14.6;1020.5;0.0;;
2026-10-09T19:15:00+02:00;2026-10-09T23:42:05+02:00;hyeres;IFS;43.128292;6.1698956;24.0;2026-10-18T14:00;7.9;22.0;192.0;21.9;0.0;0.0;0.0;0.0;0.0;0.0;14.9;1020.6;0.0;;
2026-10-09T19:15:00+02:00;2026-10-09T23:42:05+02:00;hyeres;IFS;43.128292;6.1698956;24.0;2026-10-18T15:00;8.4;22.3;195.0;22.0;0.0;0.0;0.0;0.0;0.0;0.0;15.1;1020.6;0.0;;
2026-10-09T19:15:00+02:00;2026-10-09T23:42:05+02:00;hyeres;IFS;43.128292;6.1698956;24.0;2026-10-18T16:00;7.7;23.0;201.0;21.4;0.0;0.0;0.0;0.0;0.0;0.0;15.2;1020.5;0.0;;
2026-10-09T19:15:00+02:00;2026-10-09T23:42:05+02:00;hyeres;IFS;43.128292;6.1698956;24.0;2026-10-18T17:00;6.6;23.4;209.0;20.5;0.0;0.0;0.0;1.0;0.0;1.0;15.4;1020.2;0.0;;
2026-10-09T19:15:00+02:00;2026-10-09T23:42:05+02:00;hyeres;IFS;43.128292;6.1698956;24.0;2026-10-18T18:00;5.4;23.8;222.0;19.3;0.0;0.0;0.0;1.0;0.0;1.0;15.4;1020.0;0.0;;
2026-10-09T19:15:00+02:00;2026-10-09T23:42:05+02:00;hyeres;IFS;43.128292;6.1698956;24.0;2026-10-18T19:00;4.4;23.8;240.0;18.2;0.0;1.0;1.0;1.0;0.0;1.0;15.3;1019.9;0.0;;
2026-10-09T19:15:00+02:00;2026-10-09T23:42:05+02:00;hyeres;IFS;43.128292;6.1698956;24.0;2026-10-18T20:00;3.8;23.4;259.0;17.3;0.0;2.0;2.0;1.0;0.0;2.0;15.1;1019.7;0.0;;
2026-10-09T19:15:00+02:00;2026-10-09T23:42:05+02:00;hyeres;IFS;43.128292;6.1698956;24.0;2026-10-18T21:00;3.3;22.0;279.0;16.4;0.0;2.0;2.0;1.0;0.0;2.0;14.7;1019.6;0.0;;
2026-10-09T19:15:00+02:00;2026-10-09T23:42:05+02:00;hyeres;IFS;43.128292;6.1698956;24.0;2026-10-18T22:00;2.7;20.2;307.0;15.6;0.0;1.0;1.0;1.0;0.0;1.0;14.2;1019.4;0.0;;
2026-10-09T19:15:00+02:00;2026-10-09T23:42:05+02:00;hyeres;IFS;43.128292;6.1698956;24.0;2026-10-18T23:00;3.0;17.6;343.0;14.7;0.0;0.0;1.0;1.0;0.0;1.0;13.5;1019.3;0.0;;
2026-10-09T19:15:00+02:00;2026-10-09T23:42:05+02:00;meribel;IFS;45.377853;6.6197186;2108.0;2026-10-09T00:00;3.2;12.6;344.0;0.3;0.2;100.0;100.0;2.0;0.0;100.0;0.3;789.4;0.0;2150.0;ICON
2026-10-09T19:15:00+02:00;2026-10-09T23:42:05+02:00;meribel;IFS;45.377853;6.6197186;2108.0;2026-10-09T01:00;3.1;11.5;360.0;0.3;0.1;100.0;100.0;3.0;0.0;100.0;0.3;789.5;0.0;2140.0;ICON
2026-10-09T19:15:00+02:00;2026-10-09T23:42:05+02:00;meribel;IFS;45.377853;6.6197186;2108.0;2026-10-09T02:00;4.3;12.6;343.0;0.4;0.1;100.0;100.0;1.0;0.0;100.0;0.3;789.3;0.0;2170.0;ICON
2026-10-09T19:15:00+02:00;2026-10-09T23:42:05+02:00;meribel;IFS;45.377853;6.6197186;2108.0;2026-10-09T03:00;2.9;14.0;356.0;0.3;0.1;100.0;100.0;2.0;0.0;100.0;0.3;789.5;0.0;2130.0;ICON
2026-10-09T19:15:00+02:00;2026-10-09T23:42:05+02:00;meribel;IFS;45.377853;6.6197186;2108.0;2026-10-09T04:00;3.3;13.0;77.0;0.4;0.1;100.0;100.0;1.0;0.0;100.0;0.2;789.3;0.0;2150.0;ICON
2026-10-09T19:15:00+02:00;2026-10-09T23:42:05+02:00;meribel;IFS;45.377853;6.6197186;2108.0;2026-10-09T05:00;4.0;13.0;30.0;0.3;0.0;100.0;100.0;0.0;0.0;100.0;0.2;789.3;0.0;2160.0;ICON
2026-10-09T19:15:00+02:00;2026-10-09T23:42:05+02:00;meribel;IFS;45.377853;6.6197186;2108.0;2026-10-09T06:00;3.9;13.3;53.0;-0.2;0.0;100.0;100.0;0.0;6.0;100.0;-0.3;789.5;0.0;2150.0;ICON
2026-10-09T19:15:00+02:00;2026-10-09T23:42:05+02:00;meribel;IFS;45.377853;6.6197186;2108.0;2026-10-09T07:00;4.5;15.5;95.0;0.1;0.0;100.0;100.0;0.0;9.0;100.0;-0.3;789.8;0.0;2170.0;ICON
2026-10-09T19:15:00+02:00;2026-10-09T23:42:05+02:00;meribel;IFS;45.377853;6.6197186;2108.0;2026-10-09T08:00;2.3;15.5;23.0;0.3;0.0;100.0;100.0;0.0;0.0;100.0;-0.1;790.3;0.0;2200.0;ICON
2026-10-09T19:15:00+02:00;2026-10-09T23:42:05+02:00;meribel;IFS;45.377853;6.6197186;2108.0;2026-10-09T09:00;3.4;14.4;106.0;0.8;0.0;100.0;100.0;0.0;0.0;100.0;0.3;790.7;0.0;3090.0;ICON
2026-10-09T19:15:00+02:00;2026-10-09T23:42:05+02:00;meribel;IFS;45.377853;6.6197186;2108.0;2026-10-09T10:00;3.8;15.1;101.0;1.3;0.0;98.0;98.0;0.0;0.0;98.0;1.0;790.9;0.0;3080.0;ICON
2026-10-09T19:15:00+02:00;2026-10-09T23:42:05+02:00;meribel;IFS;45.377853;6.6197186;2108.0;2026-10-09T11:00;1.4;15.1;40.0;2.7;0.0;63.0;61.0;5.0;4.0;63.0;1.6;791.6;0.0;3180.0;ICON
2026-10-09T19:15:00+02:00;2026-10-09T23:42:05+02:00;meribel;IFS;45.377853;6.6197186;2108.0;2026-10-09T12:00;1.4;9.7;360.0;3.7;0.0;45.0;43.0;13.0;0.0;45.0;2.1;792.0;0.0;3190.0;ICON
2026-10-09T19:15:00+02:00;2026-10-09T23:42:05+02:00;meribel;IFS;45.377853;6.6197186;2108.0;2026-10-09T13:00;4.8;17.3;340.0;4.7;0.0;45.0;40.0;11.0;0.0;45.0;2.4;792.2;0.0;3170.0;ICON
2026-10-09T19:15:00+02:00;2026-10-09T23:42:05+02:00;meribel;IFS;45.377853;6.6197186;2108.0;2026-10-09T14:00;7.6;19.4;326.0;4.8;0.0;100.0;100.0;2.0;0.0;100.0;2.8;792.7;0.0;3150.0;ICON
2026-10-09T19:15:00+02:00;2026-10-09T23:42:05+02:00;meribel;IFS;45.377853;6.6197186;2108.0;2026-10-09T15:00;4.6;19.4;342.0;4.7;0.0;100.0;100.0;3.0;0.0;100.0;2.4;792.5;0.0;3140.0;ICON
2026-10-09T19:15:00+02:00;2026-10-09T23:42:05+02:00;meribel;IFS;45.377853;6.6197186;2108.0;2026-10-09T16:00;4.4;16.9;348.0;4.8;0.0;100.0;100.0;2.0;2.0;100.0;2.5;792.1;0.0;3120.0;ICON
2026-10-09T19:15:00+02:00;2026-10-09T23:42:05+02:00;meribel;IFS;45.377853;6.6197186;2108.0;2026-10-09T17:00;4.8;15.5;347.0;4.5;0.0;100.0;100.0;1.0;5.0;100.0;2.7;792.2;0.0;3060.0;ICON
2026-10-09T19:15:00+02:00;2026-10-09T23:42:05+02:00;meribel;IFS;45.377853;6.6197186;2108.0;2026-10-09T18:00;4.8;14.8;349.0;3.7;0.0;100.0;100.0;0.0;3.0;100.0;3.0;792.0;0.0;2960.0;ICON
2026-10-09T19:15:00+02:00;2026-10-09T23:42:05+02:00;meribel;IFS;45.377853;6.6197186;2108.0;2026-10-09T19:00;3.2;14.0;43.0;3.2;0.0;100.0;100.0;0.0;10.0;100.0;3.0;791.8;0.0;2920.0;ICON
2026-10-09T19:15:00+02:00;2026-10-09T23:42:05+02:00;meribel;IFS;45.377853;6.6197186;2108.0;2026-10-09T20:00;4.1;12.6;92.0;3.1;0.0;100.0;100.0;0.0;42.0;100.0;3.0;791.6;0.0;3240.0;ICON
2026-10-09T19:15:00+02:00;2026-10-09T23:42:05+02:00;meribel;IFS;45.377853;6.6197186;2108.0;2026-10-09T21:00;2.3;13.0;94.0;3.1;0.0;100.0;100.0;3.0;55.0;100.0;3.0;791.1;0.0;3340.0;ICON
2026-10-09T19:15:00+02:00;2026-10-09T23:42:05+02:00;meribel;IFS;45.377853;6.6197186;2108.0;2026-10-09T22:00;2.4;8.6;77.0;2.4;0.0;100.0;100.0;11.0;23.0;100.0;2.4;791.0;0.0;3280.0;ICON
2026-10-09T19:15:00+02:00;2026-10-09T23:42:05+02:00;meribel;IFS;45.377853;6.6197186;2108.0;2026-10-09T23:00;4.9;13.0;126.0;2.1;0.0;100.0;100.0;60.0;51.0;100.0;2.1;790.9;0.0;3170.0;ICON
2026-10-09T19:15:00+02:00;2026-10-09T23:42:05+02:00;meribel;IFS;45.377853;6.6197186;2108.0;2026-10-10T00:00;3.2;13.0;146.0;2.1;0.0;100.0;100.0;78.0;81.0;100.0;1.7;790.4;0.0;3180.0;ICON
2026-10-09T19:15:00+02:00;2026-10-09T23:42:05+02:00;meribel;IFS;45.377853;6.6197186;2108.0;2026-10-10T01:00;1.0;9.0;121.0;1.9;0.0;100.0;100.0;59.0;91.0;100.0;1.7;790.7;0.0;2900.0;ICON
2026-10-09T19:15:00+02:00;2026-10-09T23:42:05+02:00;meribel;IFS;45.377853;6.6197186;2108.0;2026-10-10T02:00;2.3;6.8;129.0;1.7;0.0;100.0;100.0;98.0;80.0;100.0;1.6;790.8;0.0;2850.0;ICON
2026-10-09T19:15:00+02:00;2026-10-09T23:42:05+02:00;meribel;IFS;45.377853;6.6197186;2108.0;2026-10-10T03:00;4.0;10.1;129.0;2.0;0.0;100.0;100.0;90.0;95.0;100.0;1.9;790.7;0.0;2850.0;ICON
2026-10-09T19:15:00+02:00;2026-10-09T23:42:05+02:00;meribel;IFS;45.377853;6.6197186;2108.0;2026-10-10T04:00;3.0;10.1;123.0;2.2;0.0;100.0;100.0;87.0;98.0;100.0;1.8;789.6;0.0;2820.0;ICON
2026-10-09T19:15:00+02:00;2026-10-09T23:42:05+02:00;meribel;IFS;45.377853;6.6197186;2108.0;2026-10-10T05:00;0.8;8.6;135.0;2.1;0.0;100.0;75.0;96.0;98.0;100.0;1.6;789.5;0.0;2810.0;ICON
2026-10-09T19:15:00+02:00;2026-10-09T23:42:05+02:00;meribel;IFS;45.377853;6.6197186;2108.0;2026-10-10T06:00;1.2;7.2;129.0;2.1;0.0;100.0;98.0;80.0;96.0;100.0;1.6;789.4;0.0;2800.0;ICON
2026-10-09T19:15:00+02:00;2026-10-09T23:42:05+02:00;meribel;IFS;45.377853;6.6197186;2108.0;2026-10-10T07:00;1.4;8.3;130.0;2.3;0.0;100.0;100.0;77.0;99.0;100.0;1.5;789.2;0.0;2790.0;ICON
2026-10-09T19:15:00+02:00;2026-10-09T23:42:05+02:00;meribel;IFS;45.377853;6.6197186;2108.0;2026-10-10T08:00;0.8;8.3;135.0;3.3;0.0;100.0;100.0;100.0;38.0;100.0;1.9;789.8;0.0;2750.0;ICON
2026-10-09T19:15:00+02:00;2026-10-09T23:42:05+02:00;meribel;IFS;45.377853;6.6197186;2108.0;2026-10-10T09:00;1.2;9.4;153.0;3.7;0.2;100.0;100.0;100.0;0.0;100.0;2.7;790.5;0.0;2740.0;ICON
2026-10-09T19:15:00+02:00;2026-10-09T23:42:05+02:00;meribel;IFS;45.377853;6.6197186;2108.0;2026-10-10T10:00;2.3;9.7;274.0;3.8;0.4;100.0;100.0;100.0;0.0;100.0;3.3;790.8;0.0;2730.0;ICON
2026-10-09T19:15:00+02:00;2026-10-09T23:42:05+02:00;meribel;IFS;45.377853;6.6197186;2108.0;2026-10-10T11:00;4.0;13.3;280.0;3.6;0.4;100.0;100.0;100.0;0.0;100.0;3.2;790.8;0.0;2690.0;ICON
2026-10-09T19:15:00+02:00;2026-10-09T23:42:05+02:00;meribel;IFS;45.377853;6.6197186;2108.0;2026-10-10T12:00;4.0;14.0;291.0;3.7;0.2;100.0;100.0;94.0;0.0;100.0;3.4;790.9;0.0;2660.0;ICON
2026-10-09T19:15:00+02:00;2026-10-09T23:42:05+02:00;meribel;IFS;45.377853;6.6197186;2108.0;2026-10-10T13:00;5.2;16.2;304.0;4.1;0.4;100.0;100.0;59.0;0.0;100.0;3.4;790.9;0.0;2650.0;ICON
2026-10-09T19:15:00+02:00;2026-10-09T23:42:05+02:00;meribel;IFS;45.377853;6.6197186;2108.0;2026-10-10T14:00;4.8;16.9;307.0;4.9;0.1;98.0;98.0;9.0;0.0;98.0;3.6;790.9;0.0;2710.0;ICON
2026-10-09T19:15:00+02:00;2026-10-09T23:42:05+02:00;meribel;IFS;45.377853;6.6197186;2108.0;2026-10-10T15:00;5.8;18.4;324.0;4.8;0.3;87.0;87.0;19.0;0.0;87.0;3.6;790.1;0.0;2730.0;ICON
2026-10-09T19:15:00+02:00;2026-10-09T23:42:05+02:00;meribel;IFS;45.377853;6.6197186;2108.0;2026-10-10T16:00;5.6;19.8;329.0;4.9;0.6;71.0;64.0;20.0;1.0;71.0;3.4;790.2;0.0;2670.0;ICON
2026-10-09T19:15:00+02:00;2026-10-09T23:42:05+02:00;meribel;IFS;45.377853;6.6197186;2108.0;2026-10-10T17:00;2.8;18.7;325.0;5.2;0.1;56.0;52.0;13.0;0.0;56.0;3.0;790.1;0.0;2650.0;ICON
2026-10-09T19:15:00+02:00;2026-10-09T23:42:05+02:00;meribel;IFS;45.377853;6.6197186;2108.0;2026-10-10T18:00;3.0;13.3;327.0;4.8;0.0;81.0;78.0;19.0;0.0;81.0;2.6;789.6;0.0;2640.0;ICON
2026-10-09T19:15:00+02:00;2026-10-09T23:42:05+02:00;meribel;IFS;45.377853;6.6197186;2108.0;2026-10-10T19:00;0.6;11.5;342.0;3.9;0.0;99.0;99.0;15.0;0.0;99.0;2.6;789.1;0.0;2610.0;ICON
2026-10-09T19:15:00+02:00;2026-10-09T23:42:05+02:00;meribel;IFS;45.377853;6.6197186;2108.0;2026-10-10T20:00;0.3;7.9;135.0;3.4;0.1;36.0;35.0;6.0;0.0;36.0;2.6;789.5;0.0;2540.0;ICON
2026-10-09T19:15:00+02:00;2026-10-09T23:42:05+02:00;meribel;IFS;45.377853;6.6197186;2108.0;2026-10-10T21:00;0.6;6.8;124.0;2.9;0.0;77.0;77.0;2.0;0.0;77.0;2.2;789.1;0.0;2500.0;ICON
2026-10-09T19:15:00+02:00;2026-10-09T23:42:05+02:00;meribel;IFS;45.377853;6.6197186;2108.0;2026-10-10T22:00;1.5;6.5;126.0;1.5;0.0;38.0;38.0;0.0;0.0;38.0;1.4;787.9;0.0;2460.0;ICON
2026-10-09T19:15:00+02:00;2026-10-09T23:42:05+02:00;meribel;IFS;45.377853;6.6197186;2108.0;2026-10-10T23:00;3.6;7.6;131.0;0.3;0.0;100.0;100.0;1.0;0.0;100.0;0.2;787.2;0.0;2420.0;ICON
2026-10-09T19:15:00+02:00;2026-10-09T23:42:05+02:00;meribel;IFS;45.377853;6.6197186;2108.0;2026-10-11T00:00;5.2;11.2;134.0;-0.1;0.0;98.0;98.0;0.0;0.0;98.0;-0.1;786.8;0.0;2410.0;ICON
2026-10-09T19:15:00+02:00;2026-10-09T23:42:05+02:00;meribel;IFS;45.377853;6.6197186;2108.0;2026-10-11T01:00;4.3;11.5;135.0;-0.5;0.0;99.0;99.0;0.0;0.0;99.0;-0.6;786.3;0.0;2370.0;ICON
2026-10-09T19:15:00+02:00;2026-10-09T23:42:05+02:00;meribel;IFS;45.377853;6.6197186;2108.0;2026-10-11T02:00;3.6;11.2;131.0;-1.3;0.0;70.0;70.0;0.0;0.0;70.0;-1.4;785.7;0.0;2350.0;ICON
2026-10-09T19:15:00+02:00;2026-10-09T23:42:05+02:00;meribel;IFS;45.377853;6.6197186;2108.0;2026-10-11T03:00;4.3;11.5;132.0;-1.6;0.0;98.0;98.0;0.0;0.0;98.0;-2.1;785.3;0.0;2340.0;ICON
2026-10-09T19:15:00+02:00;2026-10-09T23:42:05+02:00;meribel;IFS;45.377853;6.6197186;2108.0;2026-10-11T04:00;3.1;11.2;130.0;-3.8;0.0;100.0;100.0;0.0;5.0;100.0;-4.1;783.4;0.0;2350.0;ICON
2026-10-09T19:15:00+02:00;2026-10-09T23:42:05+02:00;meribel;IFS;45.377853;6.6197186;2108.0;2026-10-11T05:00;4.1;11.9;131.0;-3.7;0.0;95.0;95.0;0.0;9.0;95.0;-4.0;783.0;0.0;2360.0;ICON
2026-10-09T19:15:00+02:00;2026-10-09T23:42:05+02:00;meribel;IFS;45.377853;6.6197186;2108.0;2026-10-11T06:00;3.7;12.2;133.0;-4.4;0.0;98.0;87.0;0.0;80.0;98.0;-4.8;781.5;0.0;2460.0;ICON
2026-10-09T19:15:00+02:00;2026-10-09T23:42:05+02:00;meribel;IFS;45.377853;6.6197186;2108.0;2026-10-11T07:00;2.5;11.5;135.0;-4.6;0.0;77.0;23.0;0.0;70.0;77.0;-5.8;781.5;0.0;2580.0;ICON
2026-10-09T19:15:00+02:00;2026-10-09T23:42:05+02:00;meribel;IFS;45.377853;6.6197186;2108.0;2026-10-11T08:00;2.6;9.7;129.0;-2.8;0.0;91.0;13.0;0.0;91.0;91.0;-6.5;782.6;0.0;2740.0;ICON
2026-10-09T19:15:00+02:00;2026-10-09T23:42:05+02:00;meribel;IFS;45.377853;6.6197186;2108.0;2026-10-11T09:00;4.2;9.0;126.0;0.8;0.0;76.0;2.0;29.0;73.0;76.0;-5.6;784.9;0.0;2840.0;ICON
2026-10-09T19:15:00+02:00;2026-10-09T23:42:05+02:00;meribel;IFS;45.377853;6.6197186;2108.0;2026-10-11T10:00;2.4;10.1;103.0;5.1;0.0;70.0;2.0;41.0;64.0;70.0;-4.4;787.6;0.0;2950.0;ICON
2026-10-09T19:15:00+02:00;2026-10-09T23:42:05+02:00;meribel;IFS;45.377853;6.6197186;2108.0;2026-10-11T11:00;1.5;11.2;339.0;7.1;0.0;60.0;1.0;55.0;42.0;60.0;-8.4;788.5;0.0;2980.0;ICON
2026-10-09T19:15:00+02:00;2026-10-09T23:42:05+02:00;meribel;IFS;45.377853;6.6197186;2108.0;2026-10-11T12:00;5.0;17.6;311.0;8.2;0.0;66.0;0.0;66.0;1.0;66.0;-6.3;788.9;0.0;3050.0;ICON
2026-10-09T19:15:00+02:00;2026-10-09T23:42:05+02:00;meribel;IFS;45.377853;6.6197186;2108.0;2026-10-11T13:00;5.1;18.4;312.0;8.7;0.0;54.0;1.0;53.0;7.0;54.0;-3.0;789.0;0.0;3130.0;ICON
2026-10-09T19:15:00+02:00;2026-10-09T23:42:05+02:00;meribel;IFS;45.377853;6.6197186;2108.0;2026-10-11T14:00;7.3;22.7;312.0;8.9;0.0;59.0;1.0;59.0;0.0;59.0;-0.3;789.1;0.0;3120.0;ICON
2026-10-09T19:15:00+02:00;2026-10-09T23:42:05+02:00;meribel;IFS;45.377853;6.6197186;2108.0;2026-10-11T15:00;8.5;25.2;312.0;8.4;0.0;62.0;1.0;60.0;5.0;62.0;1.0;789.0;0.0;3070.0;ICON
2026-10-09T19:15:00+02:00;2026-10-09T23:42:05+02:00;meribel;IFS;45.377853;6.6197186;2108.0;2026-10-11T16:00;7.1;25.2;311.0;7.9;0.0;93.0;1.0;70.0;80.0;93.0;0.6;788.9;0.0;3040.0;ICON
2026-10-09T19:15:00+02:00;2026-10-09T23:42:05+02:00;meribel;IFS;45.377853;6.6197186;2108.0;2026-10-11T17:00;6.0;21.6;321.0;7.0;0.0;90.0;0.0;42.0;83.0;90.0;0.1;788.5;0.0;3070.0;ICON
2026-10-09T19:15:00+02:00;2026-10-09T23:42:05+02:00;meribel;IFS;45.377853;6.6197186;2108.0;2026-10-11T18:00;4.5;16.9;323.0;5.8;0.0;83.0;0.0;66.0;50.0;83.0;0.2;787.8;0.0;3117.5;ICON
2026-10-09T19:15:00+02:00;2026-10-09T23:42:05+02:00;meribel;IFS;45.377853;6.6197186;2108.0;2026-10-11T19:00;0.9;11.5;360.0;3.5;0.0;50.0;0.0;28.0;30.0;50.0;0.6;786.7;0.0;3100.0;ICON
2026-10-09T19:15:00+02:00;2026-10-09T23:42:05+02:00;meribel;IFS;45.377853;6.6197186;2108.0;2026-10-11T20:00;1.2;5.0;117.0;2.4;0.0;75.0;0.0;45.0;55.0;75.0;0.1;786.3;0.0;3092.5;ICON
2026-10-09T19:15:00+02:00;2026-10-09T23:42:05+02:00;meribel;IFS;45.377853;6.6197186;2108.0;2026-10-11T21:00;1.7;4.3;131.0;1.4;0.0;90.0;0.0;59.0;75.0;90.0;-0.8;785.6;0.0;3070.0;ICON
2026-10-09T19:15:00+02:00;2026-10-09T23:42:05+02:00;meribel;IFS;45.377853;6.6197186;2108.0;2026-10-11T22:00;2.1;6.1;128.0;1.3;0.0;84.0;0.0;22.0;80.0;84.0;-1.3;785.8;0.0;3040.0;ICON
2026-10-09T19:15:00+02:00;2026-10-09T23:42:05+02:00;meribel;IFS;45.377853;6.6197186;2108.0;2026-10-11T23:00;0.9;5.8;127.0;0.9;0.0;9.0;0.0;9.0;0.0;9.0;-2.5;785.7;0.0;2990.0;ICON
2026-10-09T19:15:00+02:00;2026-10-09T23:42:05+02:00;meribel;IFS;45.377853;6.6197186;2108.0;2026-10-12T00:00;2.1;6.5;128.0;0.4;0.0;2.0;0.0;2.0;0.0;2.0;-4.2;785.4;0.0;2940.0;ICON
2026-10-09T19:15:00+02:00;2026-10-09T23:42:05+02:00;meribel;IFS;45.377853;6.6197186;2108.0;2026-10-12T01:00;1.2;6.5;129.0;0.3;0.0;0.0;0.0;0.0;0.0;0.0;-5.7;785.2;0.0;2940.0;ICON
2026-10-09T19:15:00+02:00;2026-10-09T23:42:05+02:00;meribel;IFS;45.377853;6.6197186;2108.0;2026-10-12T02:00;1.3;5.8;124.0;0.6;0.0;0.0;0.0;0.0;0.0;0.0;-6.8;785.8;0.0;3000.0;ICON
2026-10-09T19:15:00+02:00;2026-10-09T23:42:05+02:00;meribel;IFS;45.377853;6.6197186;2108.0;2026-10-12T03:00;2.1;7.2;128.0;0.4;0.0;0.0;0.0;0.0;0.0;0.0;-7.8;785.7;0.0;3060.0;ICON
2026-10-09T19:15:00+02:00;2026-10-09T23:42:05+02:00;meribel;IFS;45.377853;6.6197186;2108.0;2026-10-12T04:00;1.7;7.2;131.0;0.3;0.0;0.0;0.0;0.0;0.0;0.0;-8.5;785.5;0.0;3100.0;ICON
2026-10-09T19:15:00+02:00;2026-10-09T23:42:05+02:00;meribel;IFS;45.377853;6.6197186;2108.0;2026-10-12T05:00;1.5;6.8;126.0;0.3;0.0;0.0;0.0;0.0;0.0;0.0;-8.7;785.6;0.0;3120.0;ICON
2026-10-09T19:15:00+02:00;2026-10-09T23:42:05+02:00;meribel;IFS;45.377853;6.6197186;2108.0;2026-10-12T06:00;1.4;6.8;130.0;0.3;0.0;0.0;0.0;0.0;0.0;0.0;-8.8;785.8;0.0;3200.0;ICON
2026-10-09T19:15:00+02:00;2026-10-09T23:42:05+02:00;meribel;IFS;45.377853;6.6197186;2108.0;2026-10-12T07:00;1.0;6.5;121.0;0.4;0.0;0.0;0.0;0.0;0.0;0.0;-9.0;786.3;0.0;3210.0;ICON
2026-10-09T19:15:00+02:00;2026-10-09T23:42:05+02:00;meribel;IFS;45.377853;6.6197186;2108.0;2026-10-12T08:00;1.8;6.8;127.0;0.4;0.0;1.0;0.0;0.0;1.0;1.0;-8.9;786.7;0.0;3270.0;ICON
2026-10-09T19:15:00+02:00;2026-10-09T23:42:05+02:00;meribel;IFS;45.377853;6.6197186;2108.0;2026-10-12T09:00;3.0;8.6;123.0;3.1;0.0;5.0;0.0;0.0;5.0;5.0;-7.0;789.2;0.0;3310.0;ICON
2026-10-09T19:15:00+02:00;2026-10-09T23:42:05+02:00;meribel;IFS;45.377853;6.6197186;2108.0;2026-10-12T10:00;1.9;10.4;61.0;6.4;0.0;4.0;0.0;0.0;4.0;4.0;-6.2;792.0;0.0;3450.0;ICON
2026-10-09T19:15:00+02:00;2026-10-09T23:42:05+02:00;meribel;IFS;45.377853;6.6197186;2108.0;2026-10-12T11:00;2.2;12.2;360.0;8.0;0.0;8.0;0.0;0.0;8.0;8.0;-4.9;793.1;0.0;3490.0;ICON
2026-10-09T19:15:00+02:00;2026-10-09T23:42:05+02:00;meribel;IFS;45.377853;6.6197186;2108.0;2026-10-12T12:00;2.9;14.4;338.0;9.4;0.0;0.0;0.0;0.0;0.0;0.0;-4.1;793.9;0.0;3510.0;ICON
2026-10-09T19:15:00+02:00;2026-10-09T23:42:05+02:00;meribel;IFS;45.377853;6.6197186;2108.0;2026-10-12T13:00;3.7;15.8;331.0;10.5;0.0;0.0;0.0;0.0;0.0;0.0;-3.4;794.5;0.0;3530.0;ICON
2026-10-09T19:15:00+02:00;2026-10-09T23:42:05+02:00;meribel;IFS;45.377853;6.6197186;2108.0;2026-10-12T14:00;6.0;20.5;323.0;11.1;0.0;2.0;0.0;0.0;2.0;2.0;-1.9;795.1;0.0;3570.0;ICON
2026-10-09T19:15:00+02:00;2026-10-09T23:42:05+02:00;meribel;IFS;45.377853;6.6197186;2108.0;2026-10-12T15:00;7.3;22.7;320.0;10.9;0.0;0.0;0.0;0.0;0.0;0.0;0.4;795.1;0.0;3570.0;ICON
2026-10-09T19:15:00+02:00;2026-10-09T23:42:05+02:00;meribel;IFS;45.377853;6.6197186;2108.0;2026-10-12T16:00;7.1;22.3;322.0;10.3;0.0;23.0;0.0;0.0;23.0;23.0;1.7;795.1;0.0;3550.0;ICON
2026-10-09T19:15:00+02:00;2026-10-09T23:42:05+02:00;meribel;IFS;45.377853;6.6197186;2108.0;2026-10-12T17:00;6.4;21.2;322.0;9.2;0.0;18.0;0.0;0.0;18.0;18.0;2.0;795.0;0.0;3540.0;ICON
2026-10-09T19:15:00+02:00;2026-10-09T23:42:05+02:00;meribel;IFS;45.377853;6.6197186;2108.0;2026-10-12T18:00;4.2;18.4;329.0;7.7;0.0;9.0;0.0;0.0;9.0;9.0;2.0;794.9;0.0;3540.0;ICON
2026-10-09T19:15:00+02:00;2026-10-09T23:42:05+02:00;meribel;IFS;45.377853;6.6197186;2108.0;2026-10-12T19:00;0.7;10.4;76.0;4.9;0.0;1.0;0.0;0.0;0.0;1.0;1.8;793.7;0.0;3520.0;ICON
2026-10-09T19:15:00+02:00;2026-10-09T23:42:05+02:00;meribel;IFS;45.377853;6.6197186;2108.0;2026-10-12T20:00;3.3;9.7;119.0;3.4;0.0;5.0;0.0;0.0;5.0;5.0;0.9;792.7;0.0;3540.0;ICON
2026-10-09T19:15:00+02:00;2026-10-09T23:42:05+02:00;meribel;IFS;45.377853;6.6197186;2108.0;2026-10-12T21:00;3.4;10.4;133.0;2.4;0.0;13.0;0.0;0.0;12.0;13.0;-0.1;791.8;0.0;3550.0;ICON
2026-10-09T19:15:00+02:00;2026-10-09T23:42:05+02:00;meribel;IFS;45.377853;6.6197186;2108.0;2026-10-12T22:00;2.3;9.7;135.0;1.6;0.0;29.0;0.0;0.0;29.0;29.0;-1.2;791.5;0.0;3570.0;ICON
2026-10-09T19:15:00+02:00;2026-10-09T23:42:05+02:00;meribel;IFS;45.377853;6.6197186;2108.0;2026-10-12T23:00;1.4;7.9;130.0;1.6;0.0;50.0;0.0;0.0;50.0;50.0;-2.9;791.8;0.0;3580.0;ICON
2026-10-09T19:15:00+02:00;2026-10-09T23:42:05+02:00;meribel;IFS;45.377853;6.6197186;2108.0;2026-10-13T00:00;1.0;6.5;135.0;2.2;0.0;24.0;0.0;0.0;24.0;24.0;-4.7;792.4;0.0;3630.0;ICON
2026-10-09T19:15:00+02:00;2026-10-09T23:42:05+02:00;meribel;IFS;45.377853;6.6197186;2108.0;2026-10-13T01:00;2.2;6.5;132.0;2.4;0.0;9.0;0.0;2.0;9.0;9.0;-6.1;792.7;0.0;3690.0;ICON
2026-10-09T19:15:00+02:00;2026-10-09T23:42:05+02:00;meribel;IFS;45.377853;6.6197186;2108.0;2026-10-13T02:00;1.9;7.2;131.0;2.4;0.0;14.0;0.0;6.0;9.0;14.0;-7.3;792.4;0.0;3740.0;ICON
2026-10-09T19:15:00+02:00;2026-10-09T23:42:05+02:00;meribel;IFS;45.377853;6.6197186;2108.0;2026-10-13T03:00;0.8;6.5;135.0;2.7;0.0;2.0;0.0;0.0;2.0;2.0;-8.1;792.8;0.0;3730.0;ICON
2026-10-09T19:15:00+02:00;2026-10-09T23:42:05+02:00;meribel;IFS;45.377853;6.6197186;2108.0;2026-10-13T04:00;0.3;4.3;135.0;3.3;0.0;0.0;0.0;0.0;0.0;0.0;-8.0;793.3;0.0;3710.0;ICON
2026-10-09T19:15:00+02:00;2026-10-09T23:42:05+02:00;meribel;IFS;45.377853;6.6197186;2108.0;2026-10-13T05:00;0.5;3.2;135.0;3.6;0.0;0.0;0.0;0.0;0.0;0.0;-7.2;793.9;0.0;3700.0;ICON
2026-10-09T19:15:00+02:00;2026-10-09T23:42:05+02:00;meribel;IFS;45.377853;6.6197186;2108.0;2026-10-13T06:00;1.2;4.3;129.0;3.3;0.0;0.0;0.0;0.0;0.0;0.0;-7.2;793.6;0.0;3670.0;ICON
2026-10-09T19:15:00+02:00;2026-10-09T23:42:05+02:00;meribel;IFS;45.377853;6.6197186;2108.0;2026-10-13T07:00;0.9;5.0;143.0;3.1;0.0;0.0;0.0;0.0;0.0;0.0;-7.0;793.7;0.0;3650.0;ICON
2026-10-09T19:15:00+02:00;2026-10-09T23:42:05+02:00;meribel;IFS;45.377853;6.6197186;2108.0;2026-10-13T08:00;1.3;6.1;135.0;3.1;0.0;0.0;0.0;0.0;0.0;0.0;-6.7;794.1;0.0;3620.0;ICON
2026-10-09T19:15:00+02:00;2026-10-09T23:42:05+02:00;meribel;IFS;45.377853;6.6197186;2108.0;2026-10-13T09:00;0.3;8.6;45.0;5.1;0.0;0.0;0.0;0.0;0.0;0.0;-5.4;796.0;0.0;3660.0;ICON
2026-10-09T19:15:00+02:00;2026-10-09T23:42:05+02:00;meribel;IFS;45.377853;6.6197186;2108.0;2026-10-13T10:00;1.9;11.9;338.0;7.9;0.0;0.0;0.0;0.0;0.0;0.0;-3.7;798.5;0.0;3700.0;ICON
2026-10-09T19:15:00+02:00;2026-10-09T23:42:05+02:00;meribel;IFS;45.377853;6.6197186;2108.0;2026-10-13T11:00;3.5;14.8;332.0;10.3;0.0;0.0;0.0;0.0;0.0;0.0;-2.3;800.6;0.0;3740.0;ICON
2026-10-09T19:15:00+02:00;2026-10-09T23:42:05+02:00;meribel;IFS;45.377853;6.6197186;2108.0;2026-10-13T12:00;4.4;16.9;328.0;11.9;0.0;0.0;0.0;0.0;0.0;0.0;-1.8;801.5;0.0;3750.0;ICON
2026-10-09T19:15:00+02:00;2026-10-09T23:42:05+02:00;meribel;IFS;45.377853;6.6197186;2108.0;2026-10-13T13:00;5.2;18.4;326.0;12.9;0.0;0.0;0.0;0.0;0.0;0.0;-1.6;802.0;0.0;3750.0;ICON
2026-10-09T19:15:00+02:00;2026-10-09T23:42:05+02:00;meribel;IFS;45.377853;6.6197186;2108.0;2026-10-13T14:00;5.8;20.2;324.0;13.5;0.0;0.0;0.0;0.0;0.0;0.0;-1.2;802.2;0.0;3760.0;ICON
2026-10-09T19:15:00+02:00;2026-10-09T23:42:05+02:00;meribel;IFS;45.377853;6.6197186;2108.0;2026-10-13T15:00;6.8;22.3;320.0;13.4;0.0;13.0;0.0;0.0;13.0;13.0;-0.2;802.3;0.0;3750.0;ICON
2026-10-09T19:15:00+02:00;2026-10-09T23:42:05+02:00;meribel;IFS;45.377853;6.6197186;2108.0;2026-10-13T16:00;7.6;24.5;317.0;12.9;0.0;30.0;0.0;0.0;30.0;30.0;1.0;802.3;0.0;3750.0;ICON
2026-10-09T19:15:00+02:00;2026-10-09T23:42:05+02:00;meribel;IFS;45.377853;6.6197186;2108.0;2026-10-13T17:00;7.4;25.6;315.0;11.9;0.0;40.0;0.0;0.0;40.0;40.0;1.9;802.0;0.0;3740.0;ICON
2026-10-09T19:15:00+02:00;2026-10-09T23:42:05+02:00;meribel;IFS;45.377853;6.6197186;2108.0;2026-10-13T18:00;5.1;25.2;315.0;10.1;0.0;34.0;0.0;0.0;34.0;34.0;2.3;801.4;0.0;3730.0;ICON
2026-10-09T19:15:00+02:00;2026-10-09T23:42:05+02:00;meribel;IFS;45.377853;6.6197186;2108.0;2026-10-13T19:00;1.8;23.8;323.0;7.9;0.0;21.0;0.0;0.0;21.0;21.0;2.5;800.5;0.0;3720.0;ICON
2026-10-09T19:15:00+02:00;2026-10-09T23:42:05+02:00;meribel;IFS;45.377853;6.6197186;2108.0;2026-10-13T20:00;0.7;21.2;104.0;6.2;0.0;17.0;0.0;0.0;17.0;17.0;2.4;799.9;0.0;3710.0;ICON
2026-10-09T19:15:00+02:00;2026-10-09T23:42:05+02:00;meribel;IFS;45.377853;6.6197186;2108.0;2026-10-13T21:00;1.5;17.3;120.0;5.2;0.0;32.0;0.0;0.0;32.0;32.0;2.0;799.4;0.0;3670.0;ICON
2026-10-09T19:15:00+02:00;2026-10-09T23:42:05+02:00;meribel;IFS;45.377853;6.6197186;2108.0;2026-10-13T22:00;1.4;12.6;130.0;4.6;0.0;57.0;0.0;0.0;57.0;57.0;1.5;799.1;0.0;3620.0;ICON
2026-10-09T19:15:00+02:00;2026-10-09T23:42:05+02:00;meribel;IFS;45.377853;6.6197186;2108.0;2026-10-13T23:00;1.3;9.0;135.0;4.3;0.0;75.0;0.0;0.0;75.0;75.0;1.1;798.9;0.0;3580.0;ICON
2026-10-09T19:15:00+02:00;2026-10-09T23:42:05+02:00;meribel;IFS;45.377853;6.6197186;2108.0;2026-10-14T00:00;1.4;7.6;140.0;4.2;0.0;79.0;0.0;0.0;79.0;79.0;1.0;799.2;0.0;3590.0;ICON
2026-10-09T19:15:00+02:00;2026-10-09T23:42:05+02:00;meribel;IFS;45.377853;6.6197186;2108.0;2026-10-14T01:00;1.5;7.2;135.0;4.4;0.0;77.0;0.0;0.0;77.0;77.0;1.0;799.6;0.0;3610.0;ICON
2026-10-09T19:15:00+02:00;2026-10-09T23:42:05+02:00;meribel;IFS;45.377853;6.6197186;2108.0;2026-10-14T02:00;1.5;7.2;135.0;4.5;0.0;75.0;0.0;0.0;75.0;75.0;1.1;799.9;0.0;3620.0;ICON
2026-10-09T19:15:00+02:00;2026-10-09T23:42:05+02:00;meribel;IFS;45.377853;6.6197186;2108.0;2026-10-14T03:00;1.4;6.8;140.0;4.4;0.0;77.0;0.0;0.0;77.0;77.0;1.0;799.8;0.0;3700.0;ICON
2026-10-09T19:15:00+02:00;2026-10-09T23:42:05+02:00;meribel;IFS;45.377853;6.6197186;2108.0;2026-10-14T04:00;1.3;6.1;135.0;4.2;0.0;81.0;0.0;0.0;81.0;81.0;0.9;799.6;0.0;3770.0;ICON
2026-10-09T19:15:00+02:00;2026-10-09T23:42:05+02:00;meribel;IFS;45.377853;6.6197186;2108.0;2026-10-14T05:00;1.0;6.1;135.0;4.0;0.0;81.0;0.0;0.0;81.0;81.0;0.8;799.4;0.0;3850.0;ICON
2026-10-09T19:15:00+02:00;2026-10-09T23:42:05+02:00;meribel;IFS;45.377853;6.6197186;2108.0;2026-10-14T06:00;1.2;6.1;129.0;3.8;0.0;77.0;0.0;0.0;77.0;77.0;0.5;799.2;0.0;3820.0;ICON
2026-10-09T19:15:00+02:00;2026-10-09T23:42:05+02:00;meribel;IFS;45.377853;6.6197186;2108.0;2026-10-14T07:00;1.3;6.1;135.0;3.6;0.0;70.0;0.0;0.0;70.0;70.0;0.1;799.2;0.0;3800.0;ICON
2026-10-09T19:15:00+02:00;2026-10-09T23:42:05+02:00;meribel;IFS;45.377853;6.6197186;2108.0;2026-10-14T08:00;0.9;7.2;127.0;4.1;0.0;63.0;0.0;0.0;63.0;63.0;0.2;799.6;0.0;3770.0;ICON
2026-10-09T19:15:00+02:00;2026-10-09T23:42:05+02:00;meribel;IFS;45.377853;6.6197186;2108.0;2026-10-14T09:00;0.8;9.4;333.0;6.1;0.0;57.0;0.0;0.0;57.0;57.0;0.9;801.3;0.0;3860.0;ICON
2026-10-09T19:15:00+02:00;2026-10-09T23:42:05+02:00;meribel;IFS;45.377853;6.6197186;2108.0;2026-10-14T10:00;3.0;12.2;322.0;8.9;0.0;51.0;0.0;0.0;51.0;51.0;1.9;803.5;0.0;3940.0;ICON
2026-10-09T19:15:00+02:00;2026-10-09T23:42:05+02:00;meribel;IFS;45.377853;6.6197186;2108.0;2026-10-14T11:00;4.6;14.8;324.0;11.1;0.0;47.0;0.0;0.0;47.0;47.0;2.8;805.2;0.0;4030.0;ICON
2026-10-09T19:15:00+02:00;2026-10-09T23:42:05+02:00;meribel;IFS;45.377853;6.6197186;2108.0;2026-10-14T12:00;5.2;17.3;329.0;12.1;0.0;48.0;0.0;0.0;48.0;48.0;3.3;805.9;0.0;4037.5;ICON
2026-10-09T19:15:00+02:00;2026-10-09T23:42:05+02:00;meribel;IFS;45.377853;6.6197186;2108.0;2026-10-14T13:00;5.4;19.4;334.0;12.6;0.0;50.0;0.0;0.0;50.0;50.0;3.7;806.3;0.0;4040.0;ICON
2026-10-09T19:15:00+02:00;2026-10-09T23:42:05+02:00;meribel;IFS;45.377853;6.6197186;2108.0;2026-10-14T14:00;5.5;20.9;337.0;12.8;0.0;48.0;0.0;0.0;48.0;48.0;4.0;806.2;0.0;4057.5;ICON
2026-10-09T19:15:00+02:00;2026-10-09T23:42:05+02:00;meribel;IFS;45.377853;6.6197186;2108.0;2026-10-14T15:00;5.9;21.2;337.0;13.0;0.0;35.0;0.0;0.0;35.0;35.0;4.5;806.1;0.0;3990.0;ICON
2026-10-09T19:15:00+02:00;2026-10-09T23:42:05+02:00;meribel;IFS;45.377853;6.6197186;2108.0;2026-10-14T16:00;6.4;20.9;333.0;12.9;0.0;17.0;0.0;0.0;17.0;17.0;4.9;805.8;0.0;3950.0;ICON
2026-10-09T19:15:00+02:00;2026-10-09T23:42:05+02:00;meribel;IFS;45.377853;6.6197186;2108.0;2026-10-14T17:00;6.0;20.2;333.0;12.3;0.0;3.0;0.0;0.0;3.0;3.0;5.2;805.2;0.0;3910.0;ICON
2026-10-09T19:15:00+02:00;2026-10-09T23:42:05+02:00;meribel;IFS;45.377853;6.6197186;2108.0;2026-10-14T18:00;3.9;19.1;336.0;10.7;0.0;0.0;0.0;0.0;0.0;0.0;5.1;804.3;0.0;4015.0;ICON
2026-10-09T19:15:00+02:00;2026-10-09T23:42:05+02:00;meribel;IFS;45.377853;6.6197186;2108.0;2026-10-14T19:00;1.3;17.3;360.0;8.7;0.0;0.0;0.0;0.0;0.0;0.0;4.9;803.3;0.0;4110.0;ICON
2026-10-09T19:15:00+02:00;2026-10-09T23:42:05+02:00;meribel;IFS;45.377853;6.6197186;2108.0;2026-10-14T20:00;1.5;15.5;120.0;7.0;0.0;0.0;0.0;0.0;0.0;0.0;4.5;802.4;0.0;4190.0;ICON
2026-10-09T19:15:00+02:00;2026-10-09T23:42:05+02:00;meribel;IFS;45.377853;6.6197186;2108.0;2026-10-14T21:00;2.4;13.3;132.0;6.2;0.0;0.0;0.0;0.0;0.0;0.0;3.9;801.9;0.0;4080.0;ICON
2026-10-09T19:15:00+02:00;2026-10-09T23:42:05+02:00;meribel;IFS;45.377853;6.6197186;2108.0;2026-10-14T22:00;2.9;11.2;133.0;5.8;0.0;0.0;0.0;0.0;0.0;0.0;3.3;801.6;0.0;4060.0;ICON
2026-10-09T19:15:00+02:00;2026-10-09T23:42:05+02:00;meribel;IFS;45.377853;6.6197186;2108.0;2026-10-14T23:00;3.1;9.7;135.0;5.5;0.0;0.0;0.0;0.0;0.0;0.0;2.6;801.3;0.0;4040.0;ICON
2026-10-09T19:15:00+02:00;2026-10-09T23:42:05+02:00;meribel;IFS;45.377853;6.6197186;2108.0;2026-10-15T00:00;2.8;9.7;135.0;5.3;0.0;0.0;0.0;0.0;0.0;0.0;2.1;801.0;0.0;4040.0;ICON
2026-10-09T19:15:00+02:00;2026-10-09T23:42:05+02:00;meribel;IFS;45.377853;6.6197186;2108.0;2026-10-15T01:00;2.3;10.4;135.0;5.3;0.0;0.0;0.0;0.0;0.0;0.0;1.6;800.9;0.0;4050.0;ICON
2026-10-09T19:15:00+02:00;2026-10-09T23:42:05+02:00;meribel;IFS;45.377853;6.6197186;2108.0;2026-10-15T02:00;1.8;10.8;135.0;5.3;0.0;0.0;0.0;0.0;0.0;0.0;1.1;800.7;0.0;4050.0;ICON
2026-10-09T19:15:00+02:00;2026-10-09T23:42:05+02:00;meribel;IFS;45.377853;6.6197186;2108.0;2026-10-15T03:00;1.5;9.7;135.0;5.5;0.0;0.0;0.0;0.0;0.0;0.0;0.7;800.8;0.0;4030.0;ICON
2026-10-09T19:15:00+02:00;2026-10-09T23:42:05+02:00;meribel;IFS;45.377853;6.6197186;2108.0;2026-10-15T04:00;1.3;8.3;135.0;5.8;0.0;0.0;0.0;0.0;0.0;0.0;0.2;801.0;0.0;4020.0;ICON
2026-10-09T19:15:00+02:00;2026-10-09T23:42:05+02:00;meribel;IFS;45.377853;6.6197186;2108.0;2026-10-15T05:00;1.0;7.2;135.0;5.9;0.0;0.0;0.0;0.0;0.0;0.0;-0.2;801.1;0.0;4000.0;ICON
2026-10-09T19:15:00+02:00;2026-10-09T23:42:05+02:00;meribel;IFS;45.377853;6.6197186;2108.0;2026-10-15T06:00;1.3;6.5;135.0;5.5;0.0;0.0;0.0;0.0;0.0;0.0;-0.7;800.7;0.0;4000.0;ICON
2026-10-09T19:15:00+02:00;2026-10-09T23:42:05+02:00;meribel;IFS;45.377853;6.6197186;2108.0;2026-10-15T07:00;1.7;5.8;139.0;5.0;0.0;0.0;0.0;0.0;0.0;0.0;-1.2;800.2;0.0;4000.0;ICON
2026-10-09T19:15:00+02:00;2026-10-09T23:42:05+02:00;meribel;IFS;45.377853;6.6197186;2108.0;2026-10-15T08:00;1.5;6.1;135.0;5.4;0.0;0.0;0.0;0.0;0.0;0.0;-1.0;800.4;0.0;4000.0;ICON
2026-10-09T19:15:00+02:00;2026-10-09T23:42:05+02:00;meribel;IFS;45.377853;6.6197186;2108.0;2026-10-15T09:00;0.8;7.2;117.0;7.4;0.0;0.0;0.0;0.0;0.0;0.0;0.3;801.8;0.0;3990.0;ICON
2026-10-09T19:15:00+02:00;2026-10-09T23:42:05+02:00;meribel;IFS;45.377853;6.6197186;2108.0;2026-10-15T10:00;0.9;9.0;360.0;10.4;0.0;0.0;0.0;0.0;0.0;0.0;2.1;803.9;0.0;3980.0;ICON
2026-10-09T19:15:00+02:00;2026-10-09T23:42:05+02:00;meribel;IFS;45.377853;6.6197186;2108.0;2026-10-15T11:00;2.2;11.2;336.0;12.8;0.0;0.0;0.0;0.0;0.0;0.0;3.4;805.4;0.0;3970.0;ICON
2026-10-09T19:15:00+02:00;2026-10-09T23:42:05+02:00;meribel;IFS;45.377853;6.6197186;2108.0;2026-10-15T12:00;4.3;15.1;318.0;13.0;0.0;0.0;0.0;0.0;0.0;0.0;1.7;804.7;0.0;3950.0;ICON
2026-10-09T19:15:00+02:00;2026-10-09T23:42:05+02:00;meribel;IFS;45.377853;6.6197186;2108.0;2026-10-15T13:00;5.5;17.6;319.0;14.7;0.0;0.0;0.0;0.0;0.0;0.0;2.5;805.5;0.0;3940.0;ICON
2026-10-09T19:15:00+02:00;2026-10-09T23:42:05+02:00;meribel;IFS;45.377853;6.6197186;2108.0;2026-10-15T14:00;6.0;19.4;319.0;15.5;0.0;0.0;0.0;0.0;0.0;0.0;3.1;805.9;0.0;3920.0;ICON
2026-10-09T19:15:00+02:00;2026-10-09T23:42:05+02:00;meribel;IFS;45.377853;6.6197186;2108.0;2026-10-15T15:00;5.6;20.5;318.0;15.3;0.0;0.0;0.0;0.0;0.0;0.0;3.6;805.7;0.0;3960.0;ICON
2026-10-09T19:15:00+02:00;2026-10-09T23:42:05+02:00;meribel;IFS;45.377853;6.6197186;2108.0;2026-10-15T16:00;4.5;21.6;320.0;14.3;0.0;0.0;0.0;0.0;0.0;0.0;4.0;805.0;0.0;3990.0;ICON
2026-10-09T19:15:00+02:00;2026-10-09T23:42:05+02:00;meribel;IFS;45.377853;6.6197186;2108.0;2026-10-15T17:00;3.1;22.3;320.0;12.8;0.0;0.0;0.0;0.0;0.0;0.0;4.4;803.9;0.0;4030.0;ICON
2026-10-09T19:15:00+02:00;2026-10-09T23:42:05+02:00;meribel;IFS;45.377853;6.6197186;2108.0;2026-10-15T18:00;1.4;22.3;320.0;11.1;0.0;0.0;0.0;0.0;0.0;0.0;4.7;802.8;0.0;4050.0;ICON
2026-10-09T19:15:00+02:00;2026-10-09T23:42:05+02:00;meribel;IFS;45.377853;6.6197186;2108.0;2026-10-15T19:00;0.0;22.3;270.0;9.6;0.0;0.0;0.0;0.0;0.0;0.0;4.8;801.8;0.0;4070.0;ICON
2026-10-09T19:15:00+02:00;2026-10-09T23:42:05+02:00;meribel;IFS;45.377853;6.6197186;2108.0;2026-10-15T20:00;1.0;21.6;135.0;8.4;0.0;0.0;0.0;0.0;0.0;0.0;4.7;800.9;0.0;4090.0;ICON
2026-10-09T19:15:00+02:00;2026-10-09T23:42:05+02:00;meribel;IFS;45.377853;6.6197186;2108.0;2026-10-15T21:00;1.5;20.2;135.0;7.6;0.0;1.0;1.0;0.0;0.0;1.0;4.3;800.2;0.0;4100.0;ICON
2026-10-09T19:15:00+02:00;2026-10-09T23:42:05+02:00;meribel;IFS;45.377853;6.6197186;2108.0;2026-10-15T22:00;1.9;18.0;139.0;6.8;0.0;1.0;1.0;0.0;0.0;1.0;3.6;799.5;0.0;4110.0;ICON
2026-10-09T19:15:00+02:00;2026-10-09T23:42:05+02:00;meribel;IFS;45.377853;6.6197186;2108.0;2026-10-15T23:00;2.1;15.5;142.0;6.2;0.0;2.0;2.0;0.0;0.0;2.0;2.6;798.9;0.0;4120.0;ICON
2026-10-09T19:15:00+02:00;2026-10-09T23:42:05+02:00;meribel;IFS;45.377853;6.6197186;2108.0;2026-10-16T00:00;2.1;13.0;142.0;5.7;0.0;3.0;3.0;0.0;0.0;3.0;1.7;798.4;0.0;4110.0;ICON
2026-10-09T19:15:00+02:00;2026-10-09T23:42:05+02:00;meribel;IFS;45.377853;6.6197186;2108.0;2026-10-16T01:00;2.1;10.8;142.0;5.2;0.0;4.0;4.0;0.0;0.0;4.0;0.8;797.9;0.0;4110.0;ICON
2026-10-09T19:15:00+02:00;2026-10-09T23:42:05+02:00;meribel;IFS;45.377853;6.6197186;2108.0;2026-10-16T02:00;2.1;9.0;142.0;5.0;0.0;4.0;4.0;0.0;0.0;4.0;0.1;797.5;0.0;4100.0;ICON
2026-10-09T19:15:00+02:00;2026-10-09T23:42:05+02:00;meribel;IFS;45.377853;6.6197186;2108.0;2026-10-16T03:00;2.1;7.9;142.0;4.8;0.0;4.0;4.0;0.0;0.0;4.0;-0.5;797.2;0.0;4100.0;ICON
2026-10-09T19:15:00+02:00;2026-10-09T23:42:05+02:00;meribel;IFS;45.377853;6.6197186;2108.0;2026-10-16T04:00;2.1;7.2;142.0;4.7;0.0;3.0;3.0;0.0;0.0;3.0;-1.0;796.9;0.0;4100.0;ICON
2026-10-09T19:15:00+02:00;2026-10-09T23:42:05+02:00;meribel;IFS;45.377853;6.6197186;2108.0;2026-10-16T05:00;1.9;6.8;139.0;4.8;0.0;2.0;2.0;0.0;0.0;2.0;-1.5;796.7;0.0;4100.0;ICON
2026-10-09T19:15:00+02:00;2026-10-09T23:42:05+02:00;meribel;IFS;45.377853;6.6197186;2108.0;2026-10-16T06:00;1.9;6.5;139.0;5.0;0.0;1.0;1.0;0.0;0.0;1.0;-1.8;796.5;0.0;4110.0;ICON
2026-10-09T19:15:00+02:00;2026-10-09T23:42:05+02:00;meribel;IFS;45.377853;6.6197186;2108.0;2026-10-16T07:00;1.5;6.8;135.0;5.5;0.0;0.0;1.0;0.0;0.0;1.0;-2.0;796.6;0.0;4110.0;ICON
2026-10-09T19:15:00+02:00;2026-10-09T23:42:05+02:00;meribel;IFS;45.377853;6.6197186;2108.0;2026-10-16T08:00;1.0;7.6;135.0;6.1;0.0;0.0;0.0;0.0;0.0;0.0;-1.8;796.7;0.0;4120.0;ICON
2026-10-09T19:15:00+02:00;2026-10-09T23:42:05+02:00;meribel;IFS;45.377853;6.6197186;2108.0;2026-10-16T09:00;0.0;9.0;270.0;7.3;0.0;0.0;0.0;0.0;0.0;0.0;-1.3;797.2;0.0;4120.0;ICON
2026-10-09T19:15:00+02:00;2026-10-09T23:42:05+02:00;meribel;IFS;45.377853;6.6197186;2108.0;2026-10-16T10:00;1.3;10.8;315.0;9.0;0.0;0.0;0.0;0.0;1.0;1.0;-0.3;798.1;0.0;4120.0;ICON
2026-10-09T19:15:00+02:00;2026-10-09T23:42:05+02:00;meribel;IFS;45.377853;6.6197186;2108.0;2026-10-16T11:00;2.8;13.3;315.0;10.9;0.0;1.0;0.0;0.0;1.0;1.0;0.9;799.0;0.0;4120.0;ICON
2026-10-09T19:15:00+02:00;2026-10-09T23:42:05+02:00;meribel;IFS;45.377853;6.6197186;2108.0;2026-10-16T12:00;4.2;15.5;313.0;12.7;0.0;1.0;0.0;0.0;2.0;2.0;2.1;799.9;0.0;4120.0;ICON
2026-10-09T19:15:00+02:00;2026-10-09T23:42:05+02:00;meribel;IFS;45.377853;6.6197186;2108.0;2026-10-16T13:00;5.2;17.6;314.0;14.0;0.0;2.0;0.0;0.0;2.0;2.0;3.1;800.6;0.0;4120.0;ICON
2026-10-09T19:15:00+02:00;2026-10-09T23:42:05+02:00;meribel;IFS;45.377853;6.6197186;2108.0;2026-10-16T14:00;5.7;19.4;314.0;14.6;0.0;2.0;0.0;0.0;2.0;2.0;3.7;800.8;0.0;4120.0;ICON
2026-10-09T19:15:00+02:00;2026-10-09T23:42:05+02:00;meribel;IFS;45.377853;6.6197186;2108.0;2026-10-16T15:00;5.3;20.9;315.0;14.2;0.0;2.0;0.0;0.0;2.0;2.0;3.9;800.4;0.0;4120.0;ICON
2026-10-09T19:15:00+02:00;2026-10-09T23:42:05+02:00;meribel;IFS;45.377853;6.6197186;2108.0;2026-10-16T16:00;4.3;22.0;315.0;13.1;0.0;2.0;0.0;0.0;2.0;2.0;3.8;799.8;0.0;4130.0;ICON
2026-10-09T19:15:00+02:00;2026-10-09T23:42:05+02:00;meribel;IFS;45.377853;6.6197186;2108.0;2026-10-16T17:00;3.1;23.0;315.0;11.5;0.0;1.0;0.0;0.0;1.0;1.0;3.5;798.8;0.0;4130.0;ICON
2026-10-09T19:15:00+02:00;2026-10-09T23:42:05+02:00;meribel;IFS;45.377853;6.6197186;2108.0;2026-10-16T18:00;1.7;23.8;319.0;9.8;0.0;1.0;0.0;0.0;1.0;1.0;3.1;797.8;0.0;4120.0;ICON
2026-10-09T19:15:00+02:00;2026-10-09T23:42:05+02:00;meribel;IFS;45.377853;6.6197186;2108.0;2026-10-16T19:00;0.4;23.8;360.0;8.2;0.0;0.0;0.0;0.0;0.0;0.0;2.7;796.8;0.0;4110.0;ICON
2026-10-09T19:15:00+02:00;2026-10-09T23:42:05+02:00;meribel;IFS;45.377853;6.6197186;2108.0;2026-10-16T20:00;0.6;23.0;108.0;7.1;0.0;0.0;0.0;0.0;0.0;0.0;2.3;796.0;0.0;4100.0;ICON
2026-10-09T19:15:00+02:00;2026-10-09T23:42:05+02:00;meribel;IFS;45.377853;6.6197186;2108.0;2026-10-16T21:00;0.9;21.2;127.0;6.4;0.0;0.0;0.0;0.0;0.0;0.0;1.9;795.4;0.0;4060.0;ICON
2026-10-09T19:15:00+02:00;2026-10-09T23:42:05+02:00;meribel;IFS;45.377853;6.6197186;2108.0;2026-10-16T22:00;1.0;18.7;121.0;6.0;0.0;0.0;0.0;0.0;0.0;0.0;1.4;795.1;0.0;4020.0;ICON
2026-10-09T19:15:00+02:00;2026-10-09T23:42:05+02:00;meribel;IFS;45.377853;6.6197186;2108.0;2026-10-16T23:00;1.2;15.5;129.0;5.6;0.0;0.0;0.0;0.0;0.0;0.0;0.9;794.7;0.0;3980.0;ICON
2026-10-09T19:15:00+02:00;2026-10-09T23:42:05+02:00;meribel;IFS;45.377853;6.6197186;2108.0;2026-10-17T00:00;0.9;11.9;127.0;5.4;0.0;0.0;0.0;0.0;0.0;0.0;0.3;794.3;0.0;3930.0;ICON
2026-10-09T19:15:00+02:00;2026-10-09T23:42:05+02:00;meribel;IFS;45.377853;6.6197186;2108.0;2026-10-17T01:00;0.8;9.0;135.0;5.2;0.0;0.0;0.0;0.0;0.0;0.0;-0.3;794.1;0.0;3880.0;ICON
2026-10-09T19:15:00+02:00;2026-10-09T23:42:05+02:00;meribel;IFS;45.377853;6.6197186;2108.0;2026-10-17T02:00;0.8;7.2;135.0;5.0;0.0;0.0;0.0;0.0;0.0;0.0;-0.9;793.8;0.0;3830.0;ICON
2026-10-09T19:15:00+02:00;2026-10-09T23:42:05+02:00;meribel;IFS;45.377853;6.6197186;2108.0;2026-10-17T03:00;0.9;6.1;127.0;4.7;0.0;0.0;0.0;0.0;0.0;0.0;-1.7;793.6;0.0;;
2026-10-09T19:15:00+02:00;2026-10-09T23:42:05+02:00;meribel;IFS;45.377853;6.6197186;2108.0;2026-10-17T04:00;1.2;5.4;129.0;4.4;0.0;0.0;0.0;0.0;0.0;0.0;-2.6;793.2;0.0;;
2026-10-09T19:15:00+02:00;2026-10-09T23:42:05+02:00;meribel;IFS;45.377853;6.6197186;2108.0;2026-10-17T05:00;1.4;5.0;130.0;4.2;0.0;0.0;0.0;0.0;0.0;0.0;-3.5;792.9;0.0;;
2026-10-09T19:15:00+02:00;2026-10-09T23:42:05+02:00;meribel;IFS;45.377853;6.6197186;2108.0;2026-10-17T06:00;1.4;5.0;130.0;4.1;0.0;0.0;0.0;0.0;0.0;0.0;-4.3;792.7;0.0;;
2026-10-09T19:15:00+02:00;2026-10-09T23:42:05+02:00;meribel;IFS;45.377853;6.6197186;2108.0;2026-10-17T07:00;1.3;5.8;124.0;4.2;0.0;0.0;0.0;0.0;0.0;0.0;-4.8;792.8;0.0;;
2026-10-09T19:15:00+02:00;2026-10-09T23:42:05+02:00;meribel;IFS;45.377853;6.6197186;2108.0;2026-10-17T08:00;0.8;6.8;117.0;4.5;0.0;0.0;0.0;0.0;0.0;0.0;-4.9;792.9;0.0;;
2026-10-09T19:15:00+02:00;2026-10-09T23:42:05+02:00;meribel;IFS;45.377853;6.6197186;2108.0;2026-10-17T09:00;0.5;9.0;360.0;5.4;0.0;12.0;0.0;0.0;12.0;12.0;-4.4;793.5;0.0;;
2026-10-09T19:15:00+02:00;2026-10-09T23:42:05+02:00;meribel;IFS;45.377853;6.6197186;2108.0;2026-10-17T10:00;2.3;12.2;328.0;6.7;0.0;28.0;0.0;0.0;28.0;28.0;-3.5;794.5;0.0;;
2026-10-09T19:15:00+02:00;2026-10-09T23:42:05+02:00;meribel;IFS;45.377853;6.6197186;2108.0;2026-10-17T11:00;4.4;15.8;325.0;8.3;0.0;48.0;0.0;0.0;48.0;48.0;-2.2;795.6;0.0;;
2026-10-09T19:15:00+02:00;2026-10-09T23:42:05+02:00;meribel;IFS;45.377853;6.6197186;2108.0;2026-10-17T12:00;6.6;19.8;323.0;9.7;0.0;67.0;0.0;0.0;67.0;67.0;-0.9;796.6;0.0;;
2026-10-09T19:15:00+02:00;2026-10-09T23:42:05+02:00;meribel;IFS;45.377853;6.6197186;2108.0;2026-10-17T13:00;8.0;23.0;322.0;10.8;0.0;84.0;0.0;0.0;84.0;84.0;0.4;797.5;0.0;;
2026-10-09T19:15:00+02:00;2026-10-09T23:42:05+02:00;meribel;IFS;45.377853;6.6197186;2108.0;2026-10-17T14:00;8.6;25.2;323.0;11.3;0.0;96.0;0.0;0.0;96.0;96.0;1.4;798.0;0.0;;
2026-10-09T19:15:00+02:00;2026-10-09T23:42:05+02:00;meribel;IFS;45.377853;6.6197186;2108.0;2026-10-17T15:00;8.1;26.6;323.0;11.1;0.0;100.0;4.0;10.0;100.0;100.0;2.0;798.0;0.0;;
2026-10-09T19:15:00+02:00;2026-10-09T23:42:05+02:00;meribel;IFS;45.377853;6.6197186;2108.0;2026-10-17T16:00;6.7;27.4;324.0;10.2;0.0;100.0;9.0;25.0;100.0;100.0;2.6;797.8;0.0;;
2026-10-09T19:15:00+02:00;2026-10-09T23:42:05+02:00;meribel;IFS;45.377853;6.6197186;2108.0;2026-10-17T17:00;4.8;27.4;326.0;9.0;0.0;100.0;15.0;42.0;100.0;100.0;3.1;797.3;0.0;;
2026-10-09T19:15:00+02:00;2026-10-09T23:42:05+02:00;meribel;IFS;45.377853;6.6197186;2108.0;2026-10-17T18:00;2.9;27.4;330.0;7.7;0.0;100.0;21.0;57.0;100.0;100.0;3.4;796.8;0.0;;
2026-10-09T19:15:00+02:00;2026-10-09T23:42:05+02:00;meribel;IFS;45.377853;6.6197186;2108.0;2026-10-17T19:00;1.1;26.6;351.0;6.5;0.0;100.0;26.0;69.0;100.0;100.0;3.7;796.3;0.0;;
2026-10-09T19:15:00+02:00;2026-10-09T23:42:05+02:00;meribel;IFS;45.377853;6.6197186;2108.0;2026-10-17T20:00;0.6;25.2;72.0;5.6;0.0;100.0;29.0;74.0;98.0;100.0;3.8;795.9;0.0;;
2026-10-09T19:15:00+02:00;2026-10-09T23:42:05+02:00;meribel;IFS;45.377853;6.6197186;2108.0;2026-10-17T21:00;1.0;23.0;112.0;5.0;0.0;91.0;29.0;70.0;87.0;91.0;3.7;795.7;0.0;;
2026-10-09T19:15:00+02:00;2026-10-09T23:42:05+02:00;meribel;IFS;45.377853;6.6197186;2108.0;2026-10-17T22:00;1.0;19.4;121.0;4.6;0.0;76.0;26.0;58.0;71.0;76.0;3.5;795.6;0.0;;
2026-10-09T19:15:00+02:00;2026-10-09T23:42:05+02:00;meribel;IFS;45.377853;6.6197186;2108.0;2026-10-17T23:00;1.0;15.5;121.0;4.2;0.0;59.0;22.0;43.0;53.0;59.0;3.2;795.5;0.0;;
2026-10-09T19:15:00+02:00;2026-10-09T23:42:05+02:00;meribel;IFS;45.377853;6.6197186;2108.0;2026-10-18T00:00;0.9;11.9;127.0;3.9;0.0;43.0;19.0;26.0;34.0;43.0;2.8;795.5;0.0;;
2026-10-09T19:15:00+02:00;2026-10-09T23:42:05+02:00;meribel;IFS;45.377853;6.6197186;2108.0;2026-10-18T01:00;0.9;8.6;127.0;3.6;0.0;32.0;19.0;12.0;17.0;32.0;2.4;795.3;0.0;;
2026-10-09T19:15:00+02:00;2026-10-09T23:42:05+02:00;meribel;IFS;45.377853;6.6197186;2108.0;2026-10-18T02:00;0.9;6.8;127.0;3.2;0.0;27.0;22.0;2.0;6.0;27.0;2.1;795.2;0.0;;
2026-10-09T19:15:00+02:00;2026-10-09T23:42:05+02:00;meribel;IFS;45.377853;6.6197186;2108.0;2026-10-18T03:00;1.3;6.5;135.0;2.6;0.0;32.0;32.0;0.0;0.0;32.0;1.7;794.9;0.0;;
2026-10-09T19:15:00+02:00;2026-10-09T23:42:05+02:00;meribel;IFS;45.377853;6.6197186;2108.0;2026-10-18T04:00;1.9;6.8;131.0;1.8;0.0;44.0;46.0;0.0;0.0;46.0;1.3;794.4;0.0;;
2026-10-09T19:15:00+02:00;2026-10-09T23:42:05+02:00;meribel;IFS;45.377853;6.6197186;2108.0;2026-10-18T05:00;2.5;7.9;135.0;1.0;0.0;60.0;64.0;0.0;0.0;64.0;0.8;793.9;0.0;;
2026-10-09T19:15:00+02:00;2026-10-09T23:42:05+02:00;meribel;IFS;45.377853;6.6197186;2108.0;2026-10-18T06:00;3.1;9.4;135.0;0.4;0.0;76.0;80.0;0.0;0.0;80.0;0.5;793.5;0.0;;
2026-10-09T19:15:00+02:00;2026-10-09T23:42:05+02:00;meribel;IFS;45.377853;6.6197186;2108.0;2026-10-18T07:00;3.2;11.2;133.0;0.1;0.0;91.0;93.0;0.0;0.0;93.0;0.3;793.3;0.0;;
2026-10-09T19:15:00+02:00;2026-10-09T23:42:05+02:00;meribel;IFS;45.377853;6.6197186;2108.0;2026-10-18T08:00;2.8;13.0;130.0;0.3;0.0;100.0;100.0;0.0;0.0;100.0;0.3;793.5;0.0;;
2026-10-09T19:15:00+02:00;2026-10-09T23:42:05+02:00;meribel;IFS;45.377853;6.6197186;2108.0;2026-10-18T09:00;1.5;15.1;111.0;1.3;0.0;100.0;98.0;0.0;10.0;100.0;0.6;794.4;0.0;;
2026-10-09T19:15:00+02:00;2026-10-09T23:42:05+02:00;meribel;IFS;45.377853;6.6197186;2108.0;2026-10-18T10:00;1.3;18.0;360.0;3.1;0.0;100.0;89.0;0.0;25.0;100.0;1.2;795.6;0.0;;
2026-10-09T19:15:00+02:00;2026-10-09T23:42:05+02:00;meribel;IFS;45.377853;6.6197186;2108.0;2026-10-18T11:00;3.7;20.9;337.0;5.2;0.0;98.0;77.0;0.0;42.0;98.0;2.0;797.1;0.0;;
2026-10-09T19:15:00+02:00;2026-10-09T23:42:05+02:00;meribel;IFS;45.377853;6.6197186;2108.0;2026-10-18T12:00;6.3;23.8;333.0;7.2;0.0;94.0;65.0;0.0;59.0;94.0;2.8;798.6;0.0;;
2026-10-09T19:15:00+02:00;2026-10-09T23:42:05+02:00;meribel;IFS;45.377853;6.6197186;2108.0;2026-10-18T13:00;8.2;25.9;331.0;8.9;0.0;91.0;55.0;0.0;71.0;91.0;3.5;799.9;0.0;;
2026-10-09T19:15:00+02:00;2026-10-09T23:42:05+02:00;meribel;IFS;45.377853;6.6197186;2108.0;2026-10-18T14:00;9.3;27.7;331.0;9.8;0.0;89.0;51.0;0.0;77.0;89.0;4.0;800.6;0.0;;
2026-10-09T19:15:00+02:00;2026-10-09T23:42:05+02:00;meribel;IFS;45.377853;6.6197186;2108.0;2026-10-18T15:00;9.1;28.4;333.0;9.7;0.0;91.0;55.0;0.0;74.0;91.0;4.3;800.7;0.0;;
2026-10-09T19:15:00+02:00;2026-10-09T23:42:05+02:00;meribel;IFS;45.377853;6.6197186;2108.0;2026-10-18T16:00;7.9;29.2;336.0;9.0;0.0;94.0;65.0;0.0;64.0;94.0;4.6;800.4;0.0;;
2026-10-09T19:15:00+02:00;2026-10-09T23:42:05+02:00;meribel;IFS;45.377853;6.6197186;2108.0;2026-10-18T17:00;6.2;29.2;343.0;7.9;0.0;99.0;78.0;0.0;50.0;99.0;4.8;800.0;0.0;;
2026-10-09T19:15:00+02:00;2026-10-09T23:42:05+02:00;meribel;IFS;45.377853;6.6197186;2108.0;2026-10-18T18:00;4.7;28.8;353.0;6.6;0.0;100.0;90.0;0.0;35.0;100.0;4.9;799.3;0.0;;
2026-10-09T19:15:00+02:00;2026-10-09T23:42:05+02:00;meribel;IFS;45.377853;6.6197186;2108.0;2026-10-18T19:00;3.3;27.7;13.0;5.5;0.0;100.0;99.0;0.0;22.0;100.0;4.8;798.7;0.0;;
2026-10-09T19:15:00+02:00;2026-10-09T23:42:05+02:00;meribel;IFS;45.377853;6.6197186;2108.0;2026-10-18T20:00;2.8;26.6;35.0;4.7;0.0;100.0;100.0;0.0;13.0;100.0;4.6;798.2;0.0;;
2026-10-09T19:15:00+02:00;2026-10-09T23:42:05+02:00;meribel;IFS;45.377853;6.6197186;2108.0;2026-10-18T21:00;2.6;24.8;51.0;4.2;0.0;91.0;92.0;0.0;8.0;92.0;4.2;797.8;0.0;;
2026-10-09T19:15:00+02:00;2026-10-09T23:42:05+02:00;meribel;IFS;45.377853;6.6197186;2108.0;2026-10-18T22:00;2.4;22.3;63.0;3.9;0.0;76.0;78.0;0.0;6.0;78.0;3.7;797.5;0.0;;
2026-10-09T19:15:00+02:00;2026-10-09T23:42:05+02:00;meribel;IFS;45.377853;6.6197186;2108.0;2026-10-18T23:00;2.2;19.1;76.0;3.6;0.0;59.0;60.0;0.0;5.0;60.0;3.0;797.0;0.0;;
